system:index,date,dewpoint_mean,month,precipitation,season_year,soil_moisture,temperature_max,temperature_mean,temperature_min,u10,v10,wind_speed_max,wind_speed_mean,.geo
0,2018-10-01,2.858899874215446,10,11.00053627746077,2018.0,0.3932692004131517,16.267180086898122,10.667748414337598,6.001719435861117,1.3209055724910985,-2.287916538822389,7.084433378526822,4.102107932136708,"{""type"":""MultiPoint"",""coordinates"":[]}"
1,2018-10-02,5.937247750244647,10,0.0064611972335412585,2018.0,0.37229440303202205,19.158431054736905,12.985808425938496,8.08419445095068,2.4901263922129777,2.4706370917737703,5.430811163974897,3.6255112933945424,"{""type"":""MultiPoint"",""coordinates"":[]}"
2,2018-10-03,8.773328876736496,10,0.001707401850126189,2018.0,0.35976019194437037,20.72740400639995,14.171470190858699,9.445815392704318,1.029988577944676,2.1580313562014055,3.1151478855724326,2.699999774707864,"{""type"":""MultiPoint"",""coordinates"":[]}"
3,2018-10-04,10.054578722961272,10,0.0012814998058274796,2018.0,0.3495248341481335,22.574804354702575,16.08063148201918,11.120919671212189,0.34634004259948037,2.93856985754254,3.964741392561421,3.0061628492529717,"{""type"":""MultiPoint"",""coordinates"":[]}"
4,2018-10-05,7.917566001661075,10,0.0017179796714117401,2018.0,0.3401352011010154,21.088354380569214,14.911081914849781,9.47542142856793,0.9136476699432179,2.209784962627432,4.976766449675869,3.396236866862016,"{""type"":""MultiPoint"",""coordinates"":[]}"
5,2018-10-06,-2.8939543713718843,10,0.0017217577124029049,2018.0,0.3310652980979115,16.051462842593146,9.28317759726196,3.1749113531995383,2.099119545710316,-1.1239867168796542,5.576775707628524,3.549019035337382,"{""type"":""MultiPoint"",""coordinates"":[]}"
6,2018-10-07,-4.053047705776275,10,0.0012965772071816097,2018.0,0.32376522747035313,15.14232031704706,8.751854126887029,3.1290907103196224,2.9551373183898066,1.6517879308840628,6.6457530066021215,3.557043975878557,"{""type"":""MultiPoint"",""coordinates"":[]}"
7,2018-10-08,-2.968883961456188,10,0.0012916362846400792,2018.0,0.3181304436559404,12.506600352907299,6.948614596297199,1.0710571273631628,2.803260092320312,0.13291474206841822,5.642507294172769,2.9374116047128447,"{""type"":""MultiPoint"",""coordinates"":[]}"
8,2018-10-09,-2.409650075614437,10,2.0299619619056806,2018.0,0.31614240696406243,11.427214498052168,7.294063833037292,4.335773371701801,1.0533413396497027,-1.3661847117978734,3.0527753822234627,2.2409524646208583,"{""type"":""MultiPoint"",""coordinates"":[]}"
9,2018-10-10,1.303432925518107,10,3.853020451892945,2018.0,0.35554732051523397,8.201878849185807,5.4710242699583125,3.677445051590934,1.8633830984949211,-2.5554746502108427,5.719252379997419,3.345840033359121,"{""type"":""MultiPoint"",""coordinates"":[]}"
10,2018-10-11,-1.459375098008915,10,3.8524959963200853,2018.0,0.3465478739997526,11.87010126080139,6.533891043702432,2.0795167898219806,1.8202356748603978,-0.24507825836330815,4.127594912695127,2.8388844303861176,"{""type"":""MultiPoint"",""coordinates"":[]}"
11,2018-10-12,1.1854875747926947,10,0.029552568573432865,2018.0,0.3349554400087991,15.492230912322226,9.623506712354965,5.842921602579332,1.3119749412877395,3.135450805517468,3.975484310866386,3.5034075344938573,"{""type"":""MultiPoint"",""coordinates"":[]}"
12,2018-10-13,4.743130767559104,10,8.52346317969932E-4,2018.0,0.32638047656233893,16.987824159638613,11.845730686471747,8.391381997964109,1.9892974346432437,4.368724710801069,6.244782375077525,4.84888846708161,"{""type"":""MultiPoint"",""coordinates"":[]}"
13,2018-10-14,1.9305401419768364,10,0.003829248376365218,2018.0,0.3201712980130542,14.700930322428194,8.393373737799234,2.2225765581258203,1.4641720587312863,-0.3765292479232549,5.469018929352925,3.02242424009442,"{""type"":""MultiPoint"",""coordinates"":[]}"
14,2018-10-15,-2.5322574522248704,10,0.004005317096888197,2018.0,0.3146973359222473,13.686982013362295,6.5574435970423,-1.0658963682919331,1.1862058449316593,-1.5869494528507642,4.230571628092231,2.7341280049870513,"{""type"":""MultiPoint"",""coordinates"":[]}"
15,2018-10-16,-3.839490659014935,10,8.60674037119519E-4,2018.0,0.31026823535796816,10.455978317170752,4.598192984292061,-0.9266598203663015,0.13937243679090996,-2.2014100997258703,3.322356836883164,2.2952926715226583,"{""type"":""MultiPoint"",""coordinates"":[]}"
16,2018-10-17,-3.8860672633817397,10,8.523463748133508E-4,2018.0,0.3063809847964339,10.611229738344479,4.509650091817145,-0.7818131843385354,-0.43882401296681095,-2.255204776865934,3.713836820287236,2.39438257583998,"{""type"":""MultiPoint"",""coordinates"":[]}"
17,2018-10-18,-3.39364507291427,10,8.632546624198767E-4,2018.0,0.30309306707896044,11.79581869161696,5.379871694947515,0.6395653096335413,0.6275012053105998,1.129201688969549,2.905775352463844,1.7560716810198467,"{""type"":""MultiPoint"",""coordinates"":[]}"
18,2018-10-19,-2.096247718181339,10,8.511565283697564E-4,2018.0,0.29882179621170263,15.723099158149001,8.6104569891034,3.723753467780375,1.9758868906241978,2.7944056001216686,4.047240227736754,3.484293109243543,"{""type"":""MultiPoint"",""coordinates"":[]}"
19,2018-10-20,1.5043099291773996,10,4.4107436991680515E-4,2018.0,0.29447333869910514,16.821217024452935,9.930934456060642,5.468332869765876,1.490456992544829,3.3236776254935143,4.357284932480749,3.7194859517224947,"{""type"":""MultiPoint"",""coordinates"":[]}"
20,2018-10-21,4.975986098921708,10,0.1288555399476561,2018.0,0.29080139515714587,16.574137298980077,12.006964665604798,8.669405790245746,1.0118160323417824,4.567727478081354,5.6582301409546325,4.715828161553935,"{""type"":""MultiPoint"",""coordinates"":[]}"
21,2018-10-22,8.4333859077444,10,8.119031822080661,2018.0,0.322149203917881,16.918335996878913,12.336152052685136,7.841360302861963,1.9575031731354942,4.563659740194887,8.673693973063305,5.154814178154624,"{""type"":""MultiPoint"",""coordinates"":[]}"
22,2018-10-23,-1.5726108024653107,10,8.119045798983079,2018.0,0.3474820292567302,13.420159006818023,8.030015147646566,4.414107400137744,2.445750349511913,1.5935531050189515,5.432070306549378,3.6089320546460026,"{""type"":""MultiPoint"",""coordinates"":[]}"
23,2018-10-24,1.1814452414312189,10,9.132013146154567E-4,2018.0,0.33219469340371727,15.0275959580057,7.779468573797403,0.9807970294859392,0.9647994364799498,0.9976851176770862,4.146543573843564,2.489954017948743,"{""type"":""MultiPoint"",""coordinates"":[]}"
24,2018-10-25,5.7284912982089855,10,15.924415782918777,2018.0,0.3530130679972138,17.071058053229354,11.172236429031585,3.7532439915502813,0.2513360620864396,3.9653578447126225,7.0633864691347155,4.847729624966599,"{""type"":""MultiPoint"",""coordinates"":[]}"
25,2018-10-26,-5.260610896117536,10,15.925241962267092,2018.0,0.3863710701562724,9.33850671899034,5.097151635163204,1.022607349863209,5.2313428202923316,1.6283682525958294,8.445150706643194,5.911509836755362,"{""type"":""MultiPoint"",""coordinates"":[]}"
26,2018-10-27,-8.146984690774357,10,0.21546722276860034,2018.0,0.3676043426905453,6.183266244898299,3.244995283200475,-0.3568243986354893,4.906110759049068,0.08999115933567714,7.527960364844629,5.137986794427992,"{""type"":""MultiPoint"",""coordinates"":[]}"
27,2018-10-28,-9.694646923605898,10,0.2609920605118856,2018.0,0.35947589498134447,4.6067171437250725,1.1330410120467231,-2.475941334320463,3.216090187489823,-0.9239150880595212,6.13600600462509,3.5020916202485837,"{""type"":""MultiPoint"",""coordinates"":[]}"
28,2018-10-29,-5.373405441947697,10,1.2660251912610363,2018.0,0.3566748965047064,3.3771735629363757,0.9179188011483014,-0.7598267455416641,2.032723455912907,-1.209325907745953,5.736915461367991,3.073180188924995,"{""type"":""MultiPoint"",""coordinates"":[]}"
29,2018-10-30,-3.629134571579716,10,1.292021032993396,2018.0,0.35572804187856316,5.538511407216629,1.772487747884233,-1.560860447101581,2.370551416596521,-0.1560578855130571,3.922986229376887,2.9636010318835617,"{""type"":""MultiPoint"",""coordinates"":[]}"
30,2018-10-31,-3.2874670560523596,10,0.2805800516640431,2018.0,0.3525853023896614,8.952313362043164,3.1179046010614972,-1.0897852319138195,2.3068272268191463,1.6714592875372907,4.095673065527638,2.9653147688903423,"{""type"":""MultiPoint"",""coordinates"":[]}"
31,2018-11-01,-1.658453978883495,11,0.0017089562334149377,2018.0,0.34868619832987746,10.744140727359678,4.639496841936481,1.2101886653466378,1.1096555313452408,2.3614862341178635,3.4069651992147323,2.7722496702819117,"{""type"":""MultiPoint"",""coordinates"":[]}"
32,2018-11-02,2.4499709816821538,11,8.52346317969932E-4,2018.0,0.34542332191709474,14.434152046793878,9.475586672963543,4.716777030087137,1.8836568382805847,4.864549581331714,5.879140667784007,5.236907771435514,"{""type"":""MultiPoint"",""coordinates"":[]}"
33,2018-11-03,3.2443444918605913,11,0.06994376809248923,2018.0,0.3408111811983525,15.289135437166058,9.261028130575966,3.50076588885131,1.1217045214170953,0.22058417230611752,6.731457082435389,4.690318859445128,"{""type"":""MultiPoint"",""coordinates"":[]}"
34,2018-11-04,-9.447170586636615,11,1.1352385109601264,2018.0,0.3383181210990515,3.4918246448130668,0.2513329874606124,-4.52492154570024,-1.6251241158646106,-3.456724720139459,5.375014594102002,3.848955871689825,"{""type"":""MultiPoint"",""coordinates"":[]}"
35,2018-11-05,-10.801409384708544,11,1.1352370077838285,2018.0,0.3352713071333507,3.346232123272892,-1.187186126627518,-4.425849717032641,-0.4892055632137263,0.07010683307983116,2.505415336464142,1.6996346235938533,"{""type"":""MultiPoint"",""coordinates"":[]}"
36,2018-11-06,-7.070694638707723,11,8.52346317969932E-4,2018.0,0.3341321344556177,5.146802754147412,-0.20161498799683758,-4.396399224115887,0.6403164101943619,0.0517142729863966,2.6335272604694984,1.771828971634831,"{""type"":""MultiPoint"",""coordinates"":[]}"
37,2018-11-07,-4.913331722051822,11,8.781352039282049E-4,2018.0,0.33385381479465326,6.655072428865519,1.127804030334781,-2.5045028246736782,-0.09597921733126441,1.9733460499896223,2.6586346530960574,2.0579784795249156,"{""type"":""MultiPoint"",""coordinates"":[]}"
38,2018-11-08,3.0548233282339274,11,5.472234765217812,2018.0,0.3570695286942666,8.447072087591245,4.9688922132814515,2.1348772865191483,-0.6628199434325938,-1.192878702355407,3.5231418570679724,2.5934352546746724,"{""type"":""MultiPoint"",""coordinates"":[]}"
39,2018-11-09,-3.2644575359807835,11,5.474510594225181,2018.0,0.37113347383849893,8.425415483478293,2.3303811389480327,-3.05638732910154,3.0774999042328597,-0.4546881627149747,4.8066149062918555,3.241396363226874,"{""type"":""MultiPoint"",""coordinates"":[]}"
40,2018-11-10,-7.474320116701569,11,0.001692513214652863,2018.0,0.3575049414849831,5.17752723764576,0.6410459854809433,-2.3949380426810105,1.435724828529776,1.2906828322861468,3.719738509257803,2.4594925265983556,"{""type"":""MultiPoint"",""coordinates"":[]}"
41,2018-11-11,-5.307607853697255,11,8.523463748133508E-4,2018.0,0.3503611062214519,8.577298126400759,1.305041995322608,-4.780856174332021,0.7096830119751263,-0.02830641692565715,2.7069931137883994,2.030116098529284,"{""type"":""MultiPoint"",""coordinates"":[]}"
42,2018-11-12,-6.293447317242017,11,8.677103551235632E-4,2018.0,0.3460153592249687,3.8688178829654354,-1.5908746202096709,-4.653289175620252,-1.6188310444961143,-0.80833563115317,2.2842422878770594,2.0505481154418104,"{""type"":""MultiPoint"",""coordinates"":[]}"
43,2018-11-13,-5.799142157462823,11,8.677103551235632E-4,2018.0,0.3429955186666522,4.266765561176983,-0.9827514790532057,-3.9505861777108158,-2.164972734314665,0.48108358920722294,2.783352091702991,2.321257051161235,"{""type"":""MultiPoint"",""coordinates"":[]}"
44,2018-11-14,-2.1307631872337542,11,0.03876944822217926,2018.0,0.3402105299058446,8.604441475237346,3.6459992748290517,-1.6120596909631293,0.4972648518133303,2.152170589783399,4.009898606004513,3.253888882931646,"{""type"":""MultiPoint"",""coordinates"":[]}"
45,2018-11-15,-13.5903327781368,11,1.5804591925616314,2018.0,0.3383149329688659,1.00246853875851,-2.856379409237926,-7.956961453063422,2.6286705725915973,-1.7049799386125797,4.15969034187688,3.293929229329934,"{""type"":""MultiPoint"",""coordinates"":[]}"
46,2018-11-16,-18.0584114858264,11,1.5804591925616314,2018.0,0.33622785752874745,-0.9862954694425257,-4.302972827206026,-6.572844707232452,2.022481728285925,2.2957868359183875,4.107719844585749,3.310150180417765,"{""type"":""MultiPoint"",""coordinates"":[]}"
47,2018-11-17,-11.447036122362196,11,0.0012820678989555745,2018.0,0.3350526141654214,1.9659775973612306,-2.794011310448995,-5.646202062198186,0.9162019044537586,2.3501955463589037,3.3089218329027354,2.6126884093081717,"{""type"":""MultiPoint"",""coordinates"":[]}"
48,2018-11-18,-9.557201791507492,11,0.0012904405366498395,2018.0,0.3355859583619941,3.748750051848531,-2.762231289351176,-7.704432786497542,1.6269192314394432,-0.10414817338043661,3.3335313923898497,2.3692621333002246,"{""type"":""MultiPoint"",""coordinates"":[]}"
49,2018-11-19,-10.301464279035908,11,0.9102989956090785,2018.0,0.3352378934908132,0.8164886875818284,-2.9498756623226394,-6.401265761945876,0.3025495897913873,0.708105613498301,2.649289900811085,1.552282896240141,"{""type"":""MultiPoint"",""coordinates"":[]}"
50,2018-11-20,-18.615520883625855,11,0.9431286937120628,2018.0,0.3342211482377393,-1.5361515052238386,-6.609355104035862,-9.955144659286987,1.5083447676092347,-0.5604130478881506,4.61989974053447,2.984097256731644,"{""type"":""MultiPoint"",""coordinates"":[]}"
51,2018-11-21,-19.690656485686937,11,0.020084084334222894,2018.0,0.333627009085038,-0.8410145494520949,-5.701084093541456,-9.855647470977985,2.8153018026621446,0.8903282517978026,5.26036909612458,3.443890566560689,"{""type"":""MultiPoint"",""coordinates"":[]}"
52,2018-11-22,-21.97666061757566,11,8.52346317969932E-4,2018.0,0.3331578962119338,-5.051729612673531,-8.690197398690811,-10.690399561357507,1.81195085730082,0.36277912686973424,4.050113776670532,2.877928371852642,"{""type"":""MultiPoint"",""coordinates"":[]}"
53,2018-11-23,-10.107206678923607,11,0.021457009060396253,2018.0,0.3327140224616887,0.9363631875523654,-2.547728250176573,-8.489455040514237,2.059642738274989,3.073978416088814,5.159821159643203,3.71793910431817,"{""type"":""MultiPoint"",""coordinates"":[]}"
54,2018-11-24,-4.283577356339019,11,0.022079602835774325,2018.0,0.3338779391274775,3.4046768036737616,-1.4546183837679536,-5.338654297944869,2.2937751041114245,2.766708467748636,5.283534235295249,3.6263591734690785,"{""type"":""MultiPoint"",""coordinates"":[]}"
55,2018-11-25,-8.492369407822242,11,0.0042035716110028895,2018.0,0.3336361144538596,2.666536596527458,-0.4886756049976324,-4.612637956118694,1.8191370301530894,3.621722388377358,8.705235475629737,4.331849882150818,"{""type"":""MultiPoint"",""coordinates"":[]}"
56,2018-11-26,-4.172742225505073,11,0.008513598893912901,2018.0,0.3420765591883996,9.492159998688177,2.972893779276082,-4.4338321481971645,4.100053810699583,3.8884597051826133,10.27752426747549,6.277278645350176,"{""type"":""MultiPoint"",""coordinates"":[]}"
57,2018-11-27,-24.778973008702373,11,0.008513598893912901,2018.0,0.3395299706822588,1.6387266060363088,-3.681817775327448,-8.617394647641648,4.879247572175694,0.15978001243539453,8.375214678931533,4.962993650275554,"{""type"":""MultiPoint"",""coordinates"":[]}"
58,2018-11-28,-24.831042537413794,11,0.00259550813552778,2018.0,0.3369281272538842,-2.0069189534909624,-6.552142846146951,-10.735020781889446,2.8379563833597086,-0.20136710464756805,4.217187108035767,2.8931943685372707,"{""type"":""MultiPoint"",""coordinates"":[]}"
59,2018-11-29,-23.305960925288844,11,0.00259550813552778,2018.0,0.33561732148955387,-4.158417106048444,-7.086749342954753,-9.826217785617763,1.282342994043657,1.2487313554383268,4.739509122760354,2.784978910000486,"{""type"":""MultiPoint"",""coordinates"":[]}"
60,2018-11-30,-18.273902518840707,11,0.002580881073299679,2018.0,0.3346471441442415,1.8609053431243852,-3.9693452483489375,-9.745739571979449,2.9657620033981296,0.49429190858735633,7.38817915992035,3.893053188526458,"{""type"":""MultiPoint"",""coordinates"":[]}"
61,2018-12-01,-12.6653071328866,12,0.002580881073299679,2018.0,0.3338357668872951,2.8758022702485935,0.2363496373721885,-8.06791100938423,2.0657781885677435,5.61633960762964,7.623989370852129,6.0648771026250845,"{""type"":""MultiPoint"",""coordinates"":[]}"
62,2018-12-02,2.217833288233386,12,0.5145690582985223,2018.0,0.33554676378889775,6.416949139351856,5.32017387449292,2.1075789258228346,2.9893333924353174,5.017894253542441,7.745597633368928,6.28267345641748,"{""type"":""MultiPoint"",""coordinates"":[]}"
63,2018-12-03,-20.109350247953458,12,0.5186938192678427,2018.0,0.3358971815818121,2.1405918637637114,-3.462112443882028,-9.934891110215586,2.4880521333755445,-3.1022065265157663,5.206855811621251,4.016603142159392,"{""type"":""MultiPoint"",""coordinates"":[]}"
64,2018-12-04,-27.234227437698145,12,0.01114036026758425,2018.0,0.33375449105322835,-5.881761405786636,-9.43584499017287,-13.198260684763202,2.5134282133821575,-0.8337544365621461,4.5741978603869455,2.791111049877534,"{""type"":""MultiPoint"",""coordinates"":[]}"
65,2018-12-05,-25.335669347164124,12,0.052833463447242275,2018.0,0.33290305283104576,-7.287126709786771,-9.697142791683728,-12.632451770190285,0.006855567363321292,-0.8825263009392028,3.7113359718349908,2.0665092605130755,"{""type"":""MultiPoint"",""coordinates"":[]}"
66,2018-12-06,-29.566159733070837,12,0.055011488043918366,2018.0,0.3322884690742145,-10.640955838219968,-13.858241551382765,-17.38935172362127,3.366871901580247,-1.8956728628280626,5.090436857058406,3.97625231260191,"{""type"":""MultiPoint"",""coordinates"":[]}"
67,2018-12-07,-32.16319404928674,12,0.0031627045621871915,2018.0,0.3318822632358882,-13.703368603622598,-15.765080569230983,-17.11211631796761,4.496794675647483,-0.13403899000296335,5.910048339684516,4.554996251529452,"{""type"":""MultiPoint"",""coordinates"":[]}"
68,2018-12-08,-28.485042896589007,12,8.583068051848386E-4,2018.0,0.33168747026040674,-11.64115237903577,-13.886432174034496,-16.34956751093179,3.567077703064456,0.7577255583256846,5.569629620259458,3.7810234026762215,"{""type"":""MultiPoint"",""coordinates"":[]}"
69,2018-12-09,-24.653293605525604,12,8.553175115647408E-4,2018.0,0.33162378968800843,-7.576862054744758,-12.133221224569384,-15.927439424124795,0.37535087502641007,-0.3020897034520722,3.521368412609143,1.9708865860682196,"{""type"":""MultiPoint"",""coordinates"":[]}"
70,2018-12-10,-22.252146769354876,12,3.8394789540625016E-4,2018.0,0.33160071917092965,-7.401961514376335,-12.502489973910816,-16.502265790524277,-1.1451757710611856,-1.050303472736671,2.243582725351165,1.6695347288307696,"{""type"":""MultiPoint"",""coordinates"":[]}"
71,2018-12-11,-23.524695399777446,12,4.627497465839963E-4,2018.0,0.33159348321594595,-7.560407301187295,-13.094434057561791,-16.969593480037975,1.396836718198081,0.19017962135822028,2.5714023581265484,1.8007814850370856,"{""type"":""MultiPoint"",""coordinates"":[]}"
72,2018-12-12,-22.31354471255207,12,0.02414803495500335,2018.0,0.3316033597112781,-6.71890798414734,-10.512470920021993,-16.149088469311923,1.8077666945280384,1.6671462648001552,4.372176741372804,3.3575756617610693,"{""type"":""MultiPoint"",""coordinates"":[]}"
73,2018-12-13,-19.784860595509365,12,0.025023427646147352,2018.0,0.33162039639916474,-9.052811397293357,-13.42247019723341,-16.46905368719416,1.8082194940997909,-0.8053087896828949,4.6726092977162965,2.8771483197867966,"{""type"":""MultiPoint"",""coordinates"":[]}"
74,2018-12-14,-19.1481252264257,12,0.009199163376760145,2018.0,0.33162732341060613,-7.17976504695086,-10.34421906575464,-15.89217042034076,0.9011912530537067,3.015305780454917,5.599474611559571,3.313694554020609,"{""type"":""MultiPoint"",""coordinates"":[]}"
75,2018-12-15,-8.253794790478281,12,0.006506063886171011,2018.0,0.3316084027886426,2.041623532790171,-3.5706525379435528,-8.714712128349063,2.9155559705759657,3.5797570092241813,8.259473644448665,4.665093601695047,"{""type"":""MultiPoint"",""coordinates"":[]}"
76,2018-12-16,-17.43204418507925,12,0.007943353843786813,2018.0,0.331537815833187,-0.911081307850154,-5.979908213445812,-10.070971330172998,2.3977823391664748,0.4165459604328673,2.8919843977124713,2.4726345760359414,"{""type"":""MultiPoint"",""coordinates"":[]}"
77,2018-12-17,-17.376676968672502,12,0.00505362093705166,2018.0,0.3314499336117085,-0.5090223710050088,-5.087491571081424,-9.110678506938296,3.0868134153003783,0.9263715954789746,5.614263671850272,3.317138816529202,"{""type"":""MultiPoint"",""coordinates"":[]}"
78,2018-12-18,-16.209334317889983,12,0.010688787297618168,2018.0,0.33135662510714,-1.3127097837884145,-5.0940962392109315,-7.90551474446009,2.3485945114306346,1.6571288526483492,4.597038804691827,3.195432207469447,"{""type"":""MultiPoint"",""coordinates"":[]}"
79,2018-12-19,-15.107440200163545,12,0.011094817362383918,2018.0,0.3312316432455443,0.12229524603106078,-5.173330844502136,-9.442703785101422,2.225531628375792,1.43402745031334,3.7160198487837617,2.731241633404885,"{""type"":""MultiPoint"",""coordinates"":[]}"
80,2018-12-20,-13.722652301545049,12,0.4067765586417516,2018.0,0.3310826200468835,1.5843371320731467,-2.1435607430077255,-9.074005184048186,0.8831530418333848,3.2351124813814005,5.1202928802819,3.456014728812282,"{""type"":""MultiPoint"",""coordinates"":[]}"
81,2018-12-21,-8.49385647825446,12,0.8057097677910338,2018.0,0.33160394400356547,3.597813363833173,-2.836564521418753,-6.986203843410414,2.5722879566994417,2.621517173674235,7.06408618933076,3.8960400659210994,"{""type"":""MultiPoint"",""coordinates"":[]}"
82,2018-12-22,-17.58592985558156,12,0.48462264525429655,2018.0,0.3314306317664874,1.32813997794301,-4.9470415027806185,-12.705111037485302,2.660344976033715,-0.7111429789406688,4.298904452398133,3.2927351671634266,"{""type"":""MultiPoint"",""coordinates"":[]}"
83,2018-12-23,-26.153819924123134,12,9.951582045915068E-4,2018.0,0.331177842811933,-6.351391781077647,-10.755072655445504,-14.395879357969806,2.603128166545395,1.0735536577380227,4.739613892095451,3.189619397275609,"{""type"":""MultiPoint"",""coordinates"":[]}"
84,2018-12-24,-20.215313923043457,12,8.597968985668558E-4,2018.0,0.33111682255098385,-4.0009305243184095,-7.487369030356035,-13.955150255633688,1.8438382898396921,3.5281152695616687,5.722814205388675,4.175956149093112,"{""type"":""MultiPoint"",""coordinates"":[]}"
85,2018-12-25,-31.131960214867433,12,8.553266184208042E-4,2018.0,0.33110775838535056,-6.748527407778769,-12.984684172308333,-18.723725245321607,4.074771107987841,-2.0948571324703424,6.678700039044572,4.652485760805103,"{""type"":""MultiPoint"",""coordinates"":[]}"
86,2018-12-26,-34.16942803403071,12,8.553266184208042E-4,2018.0,0.3311106600756859,-15.10374206923601,-18.413942039430143,-21.82855994158482,4.028391464244547,-1.2241688172089482,5.636712506415461,4.233527804045903,"{""type"":""MultiPoint"",""coordinates"":[]}"
87,2018-12-27,-31.590892090575842,12,8.663051711697247E-4,2018.0,0.33111503072130305,-15.666064796724212,-18.606809728157224,-21.519927485234685,3.3810885038742358,-0.3181806640535521,4.8242380261643625,3.4583720379032172,"{""type"":""MultiPoint"",""coordinates"":[]}"
88,2018-12-28,-29.692842229528818,12,0.002587616108939983,2018.0,0.3311219361399164,-11.890769466501071,-16.13254367248201,-19.610300216018967,3.219114642738258,-0.889597364507155,5.410435235644723,3.425098937958001,"{""type"":""MultiPoint"",""coordinates"":[]}"
89,2018-12-29,-27.546517185382843,12,0.002574402969912626,2018.0,0.33114035546535187,-11.939296612979852,-16.436918683750996,-19.92403829713784,2.3332792692850455,-0.5633280299889842,4.010437289882534,2.5339958580476263,"{""type"":""MultiPoint"",""coordinates"":[]}"
90,2018-12-30,-26.971876596497605,12,0.002153507864477433,2018.0,0.3311485462198366,-11.471918252867448,-16.41610470294977,-20.138571451181654,0.44800710158372486,-0.7847100564405972,1.940184204124102,1.2292628840636108,"{""type"":""MultiPoint"",""coordinates"":[]}"
91,2018-12-31,-26.689889907708313,12,0.0017225742112714215,2018.0,0.3311628781246922,-10.777144787015372,-15.980566280872267,-19.781474663229538,1.1488164138094727,-0.23514745945247081,2.322295200842717,1.6784541645970659,"{""type"":""MultiPoint"",""coordinates"":[]}"
92,2019-01-01,-25.74464779229128,1,0.0017206703546435165,2018.0,0.33116548592752676,-10.076805790371205,-14.556190070739449,-19.117756635600614,2.5057618547687457,1.0621434981598337,3.6159211322154143,2.8014481640586277,"{""type"":""MultiPoint"",""coordinates"":[]}"
93,2019-01-02,-22.944961236957678,1,8.597968985668558E-4,2018.0,0.33116672352342325,-8.377926982427619,-13.209713859585946,-17.2459531937404,1.5291375603740947,1.354287695701193,2.778826234892646,2.3505725855551667,"{""type"":""MultiPoint"",""coordinates"":[]}"
94,2019-01-03,-17.532563655674736,1,0.014784553893677775,2018.0,0.33116677147771906,-4.043073522560334,-8.31761580798937,-15.21052534603938,1.7172484803691377,2.56945451440232,4.495446263916415,3.423837318099857,"{""type"":""MultiPoint"",""coordinates"":[]}"
95,2019-01-04,-23.180514684471678,1,0.014780570539278072,2018.0,0.3311650621079951,-6.646603655369048,-11.132536674155292,-15.82850423273097,3.6357562985204037,-0.2972216233757617,5.84917903741361,3.7192683862176437,"{""type"":""MultiPoint"",""coordinates"":[]}"
96,2019-01-05,-24.85202203758432,1,8.52346317969932E-4,2018.0,0.3311630202730129,-9.167555523577718,-13.754958312150698,-17.55002027081132,0.9548036519500189,-0.20700904585496854,2.347080409087131,1.6202270184743408,"{""type"":""MultiPoint"",""coordinates"":[]}"
97,2019-01-06,-24.377249633409267,1,0.001716613724056515,2018.0,0.33116490008141325,-7.315812860305948,-12.179757715462348,-17.288853977447033,1.3265282953848392,0.9453766969316658,2.3972200527793874,1.730054781465954,"{""type"":""MultiPoint"",""coordinates"":[]}"
98,2019-01-07,-23.43356453461407,1,0.0026459247255426026,2018.0,0.3311825621576148,-7.218922592258226,-12.295162659767277,-16.3112283747493,3.1095440102277214,0.030491827967408174,4.618844387872947,3.2205665892209994,"{""type"":""MultiPoint"",""coordinates"":[]}"
99,2019-01-08,-23.542010249263196,1,0.0021965582228175083,2018.0,0.3311849313141544,-10.433726782053714,-13.66608033252301,-16.176843234457113,2.3948544107318512,0.6846274886548411,6.0991519014671125,3.835824061571485,"{""type"":""MultiPoint"",""coordinates"":[]}"
100,2019-01-09,-17.21402545594399,1,8.790719637248172E-4,2018.0,0.331188574179658,-3.6161942929978617,-7.384537942696561,-13.652742523651131,3.4924756793856893,4.607650877994209,7.8118208085588945,5.806794800871874,"{""type"":""MultiPoint"",""coordinates"":[]}"
101,2019-01-10,-19.21204880804912,1,0.001297496339702775,2018.0,0.3311753996075309,-1.4820856883596758,-7.346378366472566,-12.805334115169009,0.7074568941523651,0.6567343604639012,3.1527675505073605,1.9647869352154193,"{""type"":""MultiPoint"",""coordinates"":[]}"
102,2019-01-11,-18.272301606195885,1,0.0021522338897739246,2018.0,0.3311500106207997,0.4986167065434033,-5.069326729396443,-12.172276849584332,0.5842285200185781,2.4796536406664864,3.0010873584436544,2.6234855134301673,"{""type"":""MultiPoint"",""coordinates"":[]}"
103,2019-01-12,-8.581278221044188,1,0.0021538299942638443,2018.0,0.33103797791935013,2.1416411170464618,-4.403977565914312,-8.64977928764718,0.9841372908229973,2.1114142732048546,3.9263150050325053,2.4112486125298505,"{""type"":""MultiPoint"",""coordinates"":[]}"
104,2019-01-13,-11.883804283547143,1,0.01628286727926765,2018.0,0.330878647654718,-2.349921719042963,-7.608915078524095,-11.762250191273647,0.424657856736922,-0.17741422171244178,2.2546033173522093,1.5612729376757535,"{""type"":""MultiPoint"",""coordinates"":[]}"
105,2019-01-14,-15.453879624317494,1,0.44497386116618554,2018.0,0.330826740478142,-2.0355589585824037,-6.986084112838917,-13.551699972096435,2.2382233790771586,-0.4787433411179049,5.553587637624651,3.7056013888356727,"{""type"":""MultiPoint"",""coordinates"":[]}"
106,2019-01-15,-27.68943879162703,1,0.44507809719049096,2018.0,0.3308193188676997,-9.511701804591358,-12.880387207229264,-14.465724001070612,2.8388078608026115,0.2307886974189623,5.946591025097405,4.445555706999658,"{""type"":""MultiPoint"",""coordinates"":[]}"
107,2019-01-16,-24.5600898897201,1,0.0012381167005613754,2018.0,0.3308186546873061,-3.563939440810958,-9.946345296097059,-15.68427916667762,2.386733171015459,0.07572513277915513,5.489161881700696,3.581792193608595,"{""type"":""MultiPoint"",""coordinates"":[]}"
108,2019-01-17,-30.329563413463863,1,8.900380722967681E-4,2018.0,0.33082067675118754,-9.523041520407222,-13.586492734855776,-16.195254492426148,-1.6355075955129732,-0.35729922730706115,2.6728307220421565,2.2018853116264467,"{""type"":""MultiPoint"",""coordinates"":[]}"
109,2019-01-18,-24.33171879993247,1,0.002574336008365208,2018.0,0.3308266003122894,-1.9057114833083801,-9.579351922909678,-15.310677705549685,0.08472138441334325,0.3723812011783261,2.553320976453611,1.8807776321079128,"{""type"":""MultiPoint"",""coordinates"":[]}"
110,2019-01-19,-19.702873622059062,1,0.002574336008365208,2018.0,0.3308352488025842,-3.777573177582594,-9.263610002256314,-14.227288656075592,2.884056653472251,-1.2173286005783448,4.157348961704909,3.300601983680323,"{""type"":""MultiPoint"",""coordinates"":[]}"
111,2019-01-20,-21.72871125032273,1,8.597968985668558E-4,2018.0,0.3308369072711002,-4.6255705886961485,-8.149754942617438,-13.742020381668356,3.414261406918271,1.4814830513789194,5.745581747069683,4.048772368104126,"{""type"":""MultiPoint"",""coordinates"":[]}"
112,2019-01-21,-18.162855516175767,1,0.001705581846384265,2018.0,0.33082348226503006,-1.7367469205073296,-6.093861184719453,-9.52475165182755,1.9852159030652197,0.42509428108198627,4.660188382403274,3.2549076069957077,"{""type"":""MultiPoint"",""coordinates"":[]}"
113,2019-01-22,-17.17005443694088,1,0.001705581846384265,2018.0,0.33072959112916106,2.3022641141921616,-3.779831300370354,-8.965623098373717,3.0229854314700577,-0.7136345589400023,5.119135791976349,3.631653728447873,"{""type"":""MultiPoint"",""coordinates"":[]}"
114,2019-01-23,-20.933609087959184,1,0.001293420723413874,2018.0,0.33062713857085296,-3.330386261495533,-8.058357275718429,-12.769591952615958,1.3481270279788702,-1.3404467217446288,4.538950920537552,2.5643271837030195,"{""type"":""MultiPoint"",""coordinates"":[]}"
115,2019-01-24,-23.92949250913132,1,0.0030325639814058228,2018.0,0.33061668764199365,-1.788935860023496,-8.01461998488206,-13.207037155483116,1.227200963355309,-1.379045018587724,3.4727944441818503,2.3574051104694576,"{""type"":""MultiPoint"",""coordinates"":[]}"
116,2019-01-25,-19.947437999829695,1,0.03732537391980102,2018.0,0.3306195787770259,-5.636784260690485,-9.988272180776375,-13.99646683343641,1.881599411856453,-2.518463207788767,4.924115238339878,3.204773831992713,"{""type"":""MultiPoint"",""coordinates"":[]}"
117,2019-01-26,-21.195477354953137,1,0.03725459516595527,2018.0,0.33062061346463334,-2.4329741197152166,-7.313328875999191,-13.410045964420878,1.7122980283146405,2.5962209650636896,5.94533057279171,3.586696132348868,"{""type"":""MultiPoint"",""coordinates"":[]}"
118,2019-01-27,-17.212411485371184,1,0.0014615398599128898,2018.0,0.33051722239521075,2.938710798414348,-3.398412899799797,-8.62569331997423,4.575823365359423,1.29106418350666,7.076090275204577,5.594201542639031,"{""type"":""MultiPoint"",""coordinates"":[]}"
119,2019-01-28,-19.27662082026797,1,0.001065341558636855,2018.0,0.33038087890177503,-3.0741852007244757,-7.249151472448179,-9.79371097499756,1.5743792074316976,0.4483135510404511,5.113862181862628,3.3895388165454365,"{""type"":""MultiPoint"",""coordinates"":[]}"
120,2019-01-29,-14.407702793001514,1,0.0017195939108205494,2018.0,0.3301664159313884,2.966185062112066,-1.9943486529646424,-7.801034914701781,3.425692007082072,4.474545411966084,8.049234347813416,6.432211487822195,"{""type"":""MultiPoint"",""coordinates"":[]}"
121,2019-01-30,-30.26038588823859,1,0.0017046927496267017,2018.0,0.32994849735836335,-6.630063261761526,-11.025044355741247,-16.136986786202424,4.146107897911725,-1.3510561594099635,7.718548308164473,4.543614014864945,"{""type"":""MultiPoint"",""coordinates"":[]}"
122,2019-01-31,-29.13456177389201,1,0.0,2018.0,0.32992910158701844,-5.574705257187499,-10.066526401690572,-15.0492404008663,2.429230275927813,2.354174131101099,4.515276210245643,3.5786143252053195,"{""type"":""MultiPoint"",""coordinates"":[]}"
123,2019-02-01,-21.558821375786998,2,0.0025868415605145856,2018.0,0.3298953394587372,0.6864593156087936,-4.3040512491313105,-11.166078538121473,1.719911614538103,3.49524590293841,5.227583846064218,4.112913636015416,"{""type"":""MultiPoint"",""coordinates"":[]}"
124,2019-02-02,-7.247714409720199,2,0.023950031348993102,2018.0,0.32966036110475133,4.259603888522773,-0.48632893907639213,-8.477402613485662,2.720482851254873,3.1358161620580987,7.0794297502152475,4.9026043977935245,"{""type"":""MultiPoint"",""coordinates"":[]}"
125,2019-02-03,-27.605779205340248,2,0.02429107404691503,2018.0,0.3291884518800222,-4.315343932231017,-10.421991749882471,-17.09800958676821,2.6152507709689314,-2.779152168397911,5.776674175017001,4.005315369183152,"{""type"":""MultiPoint"",""coordinates"":[]}"
126,2019-02-04,-27.947836690345767,2,0.03781359917155234,2018.0,0.3291099075119351,-5.230399860926649,-10.726353363739205,-16.969012210961022,1.904454330332032,0.4391545569992475,4.959917307081635,3.344098281481146,"{""type"":""MultiPoint"",""coordinates"":[]}"
127,2019-02-05,-32.80915920817587,2,0.14516724326770786,2018.0,0.32912300959002594,-9.810779656275658,-13.095940097320383,-16.392823139282598,-2.1208204745951655,-2.21928828813044,4.129338637496799,3.251646170798714,"{""type"":""MultiPoint"",""coordinates"":[]}"
128,2019-02-06,-34.768975222971385,2,0.1447147945701838,2018.0,0.32913916188281916,-11.794479676681746,-16.275039431826286,-21.46836623926899,1.3251193761155817,-2.1998841910825986,4.420328253407873,3.2556736570984115,"{""type"":""MultiPoint"",""coordinates"":[]}"
129,2019-02-07,-35.23421245645461,2,0.01875006918009344,2018.0,0.32914972163310285,-15.113833977194373,-18.099816941853277,-20.894389690718707,3.3023576952512443,-0.7461030752754351,5.2157693826255,3.5306968487913033,"{""type"":""MultiPoint"",""coordinates"":[]}"
130,2019-02-08,-32.40171876469383,2,0.006011045115883462,2018.0,0.3291789272995677,-10.750780759033718,-15.587921958476244,-19.58220238273307,2.2204413513392782,0.10071870912841968,3.117140524805846,2.2708323671218285,"{""type"":""MultiPoint"",""coordinates"":[]}"
131,2019-02-09,-27.19885541126227,2,0.0012729872196359793,2018.0,0.32918084622152777,-8.055199874859907,-13.61036343874839,-18.066744738189307,2.4130142206984684,-0.18826576074634194,4.046423046355447,2.7273886523773703,"{""type"":""MultiPoint"",""coordinates"":[]}"
132,2019-02-10,-27.121475872205007,2,0.008999671105159979,2018.0,0.3291830513690173,-7.413491464830562,-12.27883272229421,-16.57937555768005,1.8044020889970636,1.006417834227645,3.023233786622098,2.343673647195441,"{""type"":""MultiPoint"",""coordinates"":[]}"
133,2019-02-11,-27.690816893931995,2,0.009002604622145385,2018.0,0.32918773460163164,-6.167533930320855,-12.219061159920125,-17.967054703527754,2.679108876499931,-0.6415656282832247,4.3948407801971205,2.942456318848961,"{""type"":""MultiPoint"",""coordinates"":[]}"
134,2019-02-12,-28.763276500649383,2,0.0017195939108205494,2018.0,0.32919601842495666,-8.410153298029968,-13.769148703182424,-18.30436358108661,2.2826271363607766,-0.01897978706301997,3.269359567085344,2.51298576851793,"{""type"":""MultiPoint"",""coordinates"":[]}"
135,2019-02-13,-28.318208847140195,2,8.52346317969932E-4,2018.0,0.3291937854693335,-6.90843780687318,-12.69745269913411,-16.986189942558422,1.8586845547973843,0.40323704026697665,2.7504240727211635,2.344270506570807,"{""type"":""MultiPoint"",""coordinates"":[]}"
136,2019-02-14,-25.406449033346135,2,0.6447480642406469,2018.0,0.3291957283952317,-3.9050948409995394,-7.914430657163921,-14.977155445792619,0.8896513651231619,1.614408284079139,3.3071286054955062,2.066780557567576,"{""type"":""MultiPoint"",""coordinates"":[]}"
137,2019-02-15,-16.82789908702254,2,0.8833311774686168,2018.0,0.32921407029725064,-4.125916464011683,-9.28683829239775,-15.487097762066202,1.9858544418949635,-0.509298697088038,3.3514117433700417,2.3910530119784688,"{""type"":""MultiPoint"",""coordinates"":[]}"
138,2019-02-16,-22.44790765852451,2,0.87863294406598,2018.0,0.3291974616617331,-2.935763260728669,-8.489822439646671,-13.550880925152628,2.749850509796152,1.2349040435803023,4.12122885931306,3.1584569975934658,"{""type"":""MultiPoint"",""coordinates"":[]}"
139,2019-02-17,-18.215728876013248,2,4.351138045421976E-4,2018.0,0.3291308893649202,1.214045524243562,-4.448255501841464,-10.026155882204785,2.734231326679038,2.2869179847300876,5.184755564590051,3.7566501750357597,"{""type"":""MultiPoint"",""coordinates"":[]}"
140,2019-02-18,-16.236172578388235,2,0.0016266616887607695,2018.0,0.32923256468857287,4.436381419400616,-0.5012839044008895,-6.912307209970957,1.879311490269202,2.8545933477436147,5.205734956748934,3.4882570838842626,"{""type"":""MultiPoint"",""coordinates"":[]}"
141,2019-02-19,-7.971979017014951,2,1.076493429677566,2018.0,0.32909792574264146,2.4075094372511514,-1.2706275141167296,-3.8248314373171093,1.6662375470869835,1.660531459949587,3.817664331565137,2.505889546461352,"{""type"":""MultiPoint"",""coordinates"":[]}"
142,2019-02-20,-14.989824898871564,2,1.0768955977775703,2018.0,0.33115965479230264,4.49078042206991,-1.5502310289238788,-6.187343392821378,2.44239074247956,0.8148731814722604,3.59756945763678,2.8905394580923964,"{""type"":""MultiPoint"",""coordinates"":[]}"
143,2019-02-21,-17.86031879367395,2,0.0025873881467679692,2018.0,0.3321051183152223,5.889972526155541,-1.5992121243772714,-6.4066376812598875,2.2152420311632093,1.8706209297106244,4.65330145303526,2.9851291562251743,"{""type"":""MultiPoint"",""coordinates"":[]}"
144,2019-02-22,-14.683503163509835,2,0.0017228238675670582,2018.0,0.3353059167399542,7.7709147173137385,-0.49071850976256387,-5.77559680948363,0.5113149641122611,-0.5452723612684344,3.6401195622890903,2.4368274828869025,"{""type"":""MultiPoint"",""coordinates"":[]}"
145,2019-02-23,-12.801810541522102,2,0.0030017681638128124,2018.0,0.336977449988601,9.777152444957485,2.6183452590341663,-3.69471233605171,2.8493701288208375,3.02569727115641,5.995383929670742,4.3307002452317915,"{""type"":""MultiPoint"",""coordinates"":[]}"
146,2019-02-24,-17.002723809345152,2,0.0030017681638128124,2018.0,0.33448982619189094,5.858886795391169,-0.6288755700523534,-5.98288344423905,2.7329140005235466,-1.4762510872133685,4.916309262891578,3.2292948610855343,"{""type"":""MultiPoint"",""coordinates"":[]}"
147,2019-02-25,-16.735735995941344,2,0.0017105289771279786,2018.0,0.3321341441128924,4.176638334098468,-1.2222766872791353,-5.503195744663452,2.3370196561450634,-0.190052266401939,4.74837473214229,3.2276118325526317,"{""type"":""MultiPoint"",""coordinates"":[]}"
148,2019-02-26,-17.58142157309817,2,0.002573935319105658,2018.0,0.33057395773889314,3.1522208124595323,-2.7940105302138427,-6.812812153726026,-0.8611451585049428,-0.4191077012239906,3.153305177998526,2.282115525064873,"{""type"":""MultiPoint"",""coordinates"":[]}"
149,2019-02-27,-10.488621790633168,2,0.5258965810967121,2018.0,0.33147449767738935,4.051191433923137,-1.0262145755839829,-4.874429315888156,0.9412140043486814,2.4517992457832354,3.456262384356027,2.793716589236125,"{""type"":""MultiPoint"",""coordinates"":[]}"
150,2019-02-28,-13.131164504787977,2,0.5258953849601845,2018.0,0.33182099136223103,8.353216065625913,0.4550956794014145,-5.2509722127292155,2.1136150504774016,0.7886079613415942,3.935616917658887,2.6794301850164803,"{""type"":""MultiPoint"",""coordinates"":[]}"
151,2019-03-01,-14.090634184121006,3,4.351138613856165E-4,2018.0,0.33075988372394677,10.21667978841944,2.015115173736792,-3.36092690011811,1.62028754334134,1.3391615514494315,4.329333994816469,2.937771913445465,"{""type"":""MultiPoint"",""coordinates"":[]}"
152,2019-03-02,-4.6965892015049,3,4.351138045421976E-4,2018.0,0.328082564198721,11.768900667747058,3.7083558614793137,-2.8521459029413023,2.420627857501658,3.663172820457095,7.668760296285766,4.493543224528447,"{""type"":""MultiPoint"",""coordinates"":[]}"
153,2019-03-03,-3.712779977004276,3,0.2142404190870717,2018.0,0.32434167598859615,11.610868374059267,3.8911817011749603,-1.391549439320107,-1.7621611961588923,-0.21763266771119247,3.3159981100746405,2.1185809061742527,"{""type"":""MultiPoint"",""coordinates"":[]}"
154,2019-03-04,-8.554489894416632,3,0.30251744847105894,2018.0,0.32317819846628143,10.252576836811544,2.5615068387982785,-3.5131057199169,-0.19023452275816977,-0.4044771802325592,2.852952253316614,1.9895030803533045,"{""type"":""MultiPoint"",""coordinates"":[]}"
155,2019-03-05,-6.309505843044586,3,0.2890817864468056,2018.0,0.32114889112856493,11.126092533154678,2.8370620184021558,-4.1409660690412835,0.9267131982877609,-0.7373726060132085,4.37926670036854,3.36657696646091,"{""type"":""MultiPoint"",""coordinates"":[]}"
156,2019-03-06,-16.052561997877035,3,0.2144383021375894,2018.0,0.31905109509034574,3.7934358078252637,-1.914743416367872,-6.261254590650261,0.6774436095114659,-2.644349950338671,5.9948006821578845,3.501494727060122,"{""type"":""MultiPoint"",""coordinates"":[]}"
157,2019-03-07,-14.617161600800971,3,4.384993417261285E-4,2018.0,0.31677744502304345,7.404516145316248,0.9000221748594522,-2.7375655701002293,1.8596699906102772,1.9375847106810689,4.285941109004547,3.2148431255709617,"{""type"":""MultiPoint"",""coordinates"":[]}"
158,2019-03-08,-8.49802785742997,3,8.52346317969932E-4,2018.0,0.3128386838321331,11.905561710565367,5.271408012386305,0.5859745585655444,3.2445032238806233,5.36031952608341,7.509484423137386,6.318122694508136,"{""type"":""MultiPoint"",""coordinates"":[]}"
159,2019-03-09,-12.349380984044577,3,0.002104355555801519,2018.0,0.30870219898850776,7.099087245111123,0.6990024813976884,-4.926018017643945,-1.265696437447666,-2.201431845063487,4.445365082613876,2.9921876628396635,"{""type"":""MultiPoint"",""coordinates"":[]}"
160,2019-03-10,-14.265095890387423,3,0.0034351326654093175,2018.0,0.3070488561706012,6.41192400836031,1.398899732712231,-2.434906010231498,0.6678440166434599,0.31737845510878976,3.03209656674082,1.9003272585987245,"{""type"":""MultiPoint"",""coordinates"":[]}"
161,2019-03-11,-17.86317759433001,3,0.010163777831620516,2018.0,0.30356926454293004,9.92732725826583,2.2901032410148288,-5.311953153084588,4.261355326412651,-1.1926852580476153,7.559420476659346,4.9884251561909085,"{""type"":""MultiPoint"",""coordinates"":[]}"
162,2019-03-12,-25.132788990264416,3,0.00985926487678512,2018.0,0.30167868351814453,0.1723458191566303,-3.085398168996214,-5.819395634522409,4.37623869739856,-1.6329657723109468,6.656539238783715,4.789792128647153,"{""type"":""MultiPoint"",""coordinates"":[]}"
163,2019-03-13,-18.484923367264795,3,0.13969966257358613,2018.0,0.3014355581311324,3.637605353798593,-1.4168302299078788,-4.90836032344701,2.762386799943643,-0.10890642008933338,6.586015196593915,4.05180750125512,"{""type"":""MultiPoint"",""coordinates"":[]}"
164,2019-03-14,-11.800566422341191,3,0.30053665150463554,2018.0,0.3027594086962997,5.9885932663892545,-0.2835448069989839,-4.774345304591024,2.0094368717658257,-0.4080712668674302,4.972061412269524,2.6883099360706333,"{""type"":""MultiPoint"",""coordinates"":[]}"
165,2019-03-15,-16.39763799309762,3,0.23403500954927522,2018.0,0.3025454590244102,5.666277032514962,-0.36655618333366874,-5.59015095548565,1.005846884486528,-0.30655757302855896,4.563206458334035,2.706575284133491,"{""type"":""MultiPoint"",""coordinates"":[]}"
166,2019-03-16,-11.64695570451889,3,0.04461270138312334,2018.0,0.30187749817127724,6.2068869120914565,0.013018546658201591,-5.61512590643326,0.7898998169411675,0.4555097147081469,4.271932542080554,2.549483770374921,"{""type"":""MultiPoint"",""coordinates"":[]}"
167,2019-03-17,-8.530593807538276,3,0.04449717791492625,2018.0,0.2995291698165837,10.17998231842491,5.951692823702282,0.7144083249072882,3.4585037602220448,5.759387882782295,8.378757924434105,6.777016283966155,"{""type"":""MultiPoint"",""coordinates"":[]}"
168,2019-03-18,-0.06259728451041681,3,0.0017195939676639682,2018.0,0.2938101941182698,15.96495552725243,8.540846894160998,3.174195135268661,2.4605288212738303,4.763107194700392,8.219072537330046,5.544567308830089,"{""type"":""MultiPoint"",""coordinates"":[]}"
169,2019-03-19,3.432799872599812,3,0.0017046928064701206,2018.0,0.28884337319303854,18.76336125666873,12.104544729570051,4.74364907955736,3.257763986540909,5.271094537382752,8.592104657579744,6.72289791091148,"{""type"":""MultiPoint"",""coordinates"":[]}"
170,2019-03-20,-0.3259238526810076,3,11.889678784821763,2018.0,0.3150191863498445,8.653468202391329,2.3564789355019076,-3.9520734248505884,-0.7433779889180747,-3.486522171341829,6.211925658562686,4.176364144009863,"{""type"":""MultiPoint"",""coordinates"":[]}"
171,2019-03-21,-12.966999442497373,3,12.888024760051495,2018.0,0.3255470719951762,-1.7339134767970308,-6.045295721418726,-10.525771033066656,1.986859376513964,-2.569186494138658,8.539062862082185,4.370595258438836,"{""type"":""MultiPoint"",""coordinates"":[]}"
172,2019-03-22,-13.732309413849668,3,2.2001143563121244,2018.0,0.3218227735603317,1.893781187288021,-5.23271589685847,-10.155939439278137,2.5910725502748435,0.03263764328096374,4.576029956737016,3.1845932810894544,"{""type"":""MultiPoint"",""coordinates"":[]}"
173,2019-03-23,-12.58336091501549,3,0.00625692316347636,2018.0,0.3185970870703351,0.7247854446573389,-2.144038131720703,-5.095173391177865,2.751101718497308,1.4135160667453301,6.644946007852351,4.9847259821550916,"{""type"":""MultiPoint"",""coordinates"":[]}"
174,2019-03-24,-7.459996985714027,3,0.003425556315050926,2018.0,0.33773443073200055,11.635534348030573,3.5982152376572176,-1.7913803589237312,3.5237557228860377,3.1807469395253296,7.998146047174607,4.966523600762644,"{""type"":""MultiPoint"",""coordinates"":[]}"
175,2019-03-25,-16.18458568764385,3,3.399413732660174E-5,2018.0,0.3483922697867001,12.17283990764508,2.8584347582659326,-5.834328777159544,3.3306110954276646,-1.5186540748277497,7.558434607091403,4.197211170621178,"{""type"":""MultiPoint"",""coordinates"":[]}"
176,2019-03-26,-17.033129321334656,3,0.00465998717108244,2018.0,0.3404613377853849,5.742348646494769,1.2236382587363879,-1.543029573492931,-1.0899717418911345,-1.7798411785146424,3.952415807545792,2.7713409503199413,"{""type"":""MultiPoint"",""coordinates"":[]}"
177,2019-03-27,-17.358380590550592,3,0.007644959930528689,2018.0,0.3318551626290638,6.138420607262899,-0.22892856268915718,-5.725765565055286,0.7813919261771849,-1.7943614829262367,5.1758838019851465,3.362406188216657,"{""type"":""MultiPoint"",""coordinates"":[]}"
178,2019-03-28,-17.69146115180714,3,0.0026429731115259355,2018.0,0.32669342126101036,5.5062910055845204,-0.5655926681099096,-6.178358219004615,0.7145443815643573,-0.8523357593247691,3.4262278553827983,2.4145972084326632,"{""type"":""MultiPoint"",""coordinates"":[]}"
179,2019-03-29,-14.022207069900613,3,0.17993093255262183,2018.0,0.32524195767043734,8.79912364811195,3.158820733274485,-0.9936923648300992,-1.8002487746066778,1.23657419665609,3.5077776466383557,2.4792152354161243,"{""type"":""MultiPoint"",""coordinates"":[]}"
180,2019-03-30,-14.088275138597346,3,0.3115866560467408,2018.0,0.3211381851042836,8.321974803488015,1.1999305342963769,-5.933824127881357,-0.16083290013136967,-4.035520682958307,7.828862366969462,4.4180298276476115,"{""type"":""MultiPoint"",""coordinates"":[]}"
181,2019-03-31,-15.95927556578687,3,0.19974483063676637,2018.0,0.3164556772161437,5.9357302319957554,0.42134388942346784,-4.689520826907114,1.5903982235023206,-0.8297473381420115,4.756917871828322,2.1648090088146694,"{""type"":""MultiPoint"",""coordinates"":[]}"
182,2019-04-01,-14.541074758358508,4,0.0088697321628788,2018.0,0.3130229340422602,7.1600204892129025,1.0824896856964414,-5.162830751291419,0.4467185073116136,-1.4557844219706597,5.274874193863012,2.7802456708626986,"{""type"":""MultiPoint"",""coordinates"":[]}"
183,2019-04-02,-15.077104717198687,4,0.001724242857400984,2018.0,0.3090026716588823,7.719863572177758,2.1026159493854677,-4.280591619643615,1.0997581331908988,-1.0959764077118386,5.832315147810911,3.8101388395590927,"{""type"":""MultiPoint"",""coordinates"":[]}"
184,2019-04-03,-6.486696517916886,4,0.001714206119038679,2018.0,0.30372419715751486,15.0592557258034,7.361372151244377,0.5745431369901959,3.0058801416212466,3.5704025314848,6.9383309683175725,4.954450978642921,"{""type"":""MultiPoint"",""coordinates"":[]}"
185,2019-04-04,-9.785229486100766,4,0.04192824546581917,2018.0,0.29699971722889457,16.198487586531485,8.336027234886165,1.633564482855615,5.7964091106736095,-1.0283804662616491,9.077868556353703,6.748182528256322,"{""type"":""MultiPoint"",""coordinates"":[]}"
186,2019-04-05,-9.933982176560736,4,0.03373618109470053,2018.0,0.291112485765922,9.588722175766627,3.5814583919672636,-2.5064541853842295,2.700352213598248,-1.3108176556428677,7.328595948834037,4.1965045320399605,"{""type"":""MultiPoint"",""coordinates"":[]}"
187,2019-04-06,-16.62048213435153,4,0.008001690049280023,2018.0,0.2856400255286513,10.072108173225722,3.4666145414293386,-2.7907315954879732,4.350094286590034,-1.6511651350813075,9.243943221764834,4.732676433091469,"{""type"":""MultiPoint"",""coordinates"":[]}"
188,2019-04-07,-12.833536599731088,4,0.0017115926880251209,2018.0,0.28099779614143633,8.9992305763974,3.4604145875184424,-2.595477383907881,3.2751470996902357,-0.21085394967224533,4.812432856806876,3.546793055299974,"{""type"":""MultiPoint"",""coordinates"":[]}"
189,2019-04-08,-7.963690147612062,4,0.040895786231274545,2018.0,0.2767444216030972,10.998664931312277,3.9326469876604544,-3.4217713652262884,0.7420043185544999,-1.3781098716278695,5.058529122571531,2.693851068442229,"{""type"":""MultiPoint"",""coordinates"":[]}"
190,2019-04-09,-7.363568858842067,4,0.041747427449987044,2018.0,0.2723608319160209,13.01431945744203,6.868700199479777,0.25648723520640954,-1.461373721530541,-1.376329519981896,3.3265820442244864,2.150802675840791,"{""type"":""MultiPoint"",""coordinates"":[]}"
191,2019-04-10,-9.421562496459398,4,8.597968985668558E-4,2018.0,0.26719885768833596,13.302034555959542,5.985612241431152,-1.0113730192224406,-0.11784402956700844,-0.3022307561511331,4.155565214501195,2.695915429872748,"{""type"":""MultiPoint"",""coordinates"":[]}"
192,2019-04-11,-9.846930921695892,4,0.00811354098311689,2018.0,0.2615648796132552,15.05920763991446,7.140778797539102,-0.5816274288350222,1.7095057047433464,2.101899143705021,3.466458630428418,2.9086479473199716,"{""type"":""MultiPoint"",""coordinates"":[]}"
193,2019-04-12,-1.865622486723362,4,0.36104028806081384,2018.0,0.25568060481392263,18.428919375181916,12.020605686328578,6.7054157081551535,2.796388257681049,5.070994942789302,8.164259308016334,5.982716780887076,"{""type"":""MultiPoint"",""coordinates"":[]}"
194,2019-04-13,-13.020111746750231,4,0.3615868941987581,2018.0,0.25146614682092394,14.629034035735915,7.713665351372624,0.8024263760984709,2.0425039563890843,-1.3027190374279238,5.800170695121216,3.551851198429521,"{""type"":""MultiPoint"",""coordinates"":[]}"
195,2019-04-14,-12.224688145401574,4,0.0010334633968347203,2018.0,0.24625681780638264,11.398346587142063,6.518315586759005,3.0004306044161666,2.0188014103700715,0.31557364665133836,6.364304192062134,4.417764640204786,"{""type"":""MultiPoint"",""coordinates"":[]}"
196,2019-04-15,-1.9219885852204186,4,8.523463748133508E-4,2018.0,0.23978993849671557,21.158034802013635,14.76214224732162,9.352409939659061,2.4687311484429384,5.652094142250389,7.993820165555556,6.222841706344188,"{""type"":""MultiPoint"",""coordinates"":[]}"
197,2019-04-16,0.4576630203836232,4,8.597969554102747E-4,2018.0,0.23250075204766635,22.105385313511484,15.429749968234242,9.624195740682275,4.089279859452726,7.989790924754505,10.821447703078256,9.029705695958963,"{""type"":""MultiPoint"",""coordinates"":[]}"
198,2019-04-17,1.9022460199164815,4,0.4960446201337979,2018.0,0.23068037177211848,19.118990910637976,11.572198179956457,1.2448565132196638,3.511971068145172,3.839776202596785,12.300355313230822,8.340584359359823,"{""type"":""MultiPoint"",""coordinates"":[]}"
199,2019-04-18,-13.035285331155539,4,0.49604425658364065,2018.0,0.22915842292134542,11.020995900346872,5.0489355369648266,-0.2915986485933521,1.5014258345644613,-1.4855359673560349,6.184811621223567,3.6410685568123067,"{""type"":""MultiPoint"",""coordinates"":[]}"
200,2019-04-19,-10.525118373384538,4,0.003023058706331899,2018.0,0.2247483609626721,15.446685394436301,9.756255046506528,4.979419969423397,-0.04771403654471321,1.7407202105139328,5.966107500763083,2.5588276376800487,"{""type"":""MultiPoint"",""coordinates"":[]}"
201,2019-04-20,-3.145182394412072,4,0.003014074299313445,2018.0,0.22230577868044704,14.048483554384251,7.547707063636478,-0.13658290665645306,2.258588027161116,2.115946403131894,8.74601755617198,4.238444175424174,"{""type"":""MultiPoint"",""coordinates"":[]}"
202,2019-04-21,-12.75047070016563,4,0.06619331052232753,2018.0,0.2188706175384445,15.695354968453092,9.740148989370281,4.512159472076065,-1.240784386127369,0.6650315106293483,4.720889738211783,2.6898373594265053,"{""type"":""MultiPoint"",""coordinates"":[]}"
203,2019-04-22,6.457964229085466,4,0.5285342971779243,2018.0,0.21718664044469613,22.84394633198157,17.211742745558155,13.174137352217379,3.1221933959072796,6.813231034723322,9.259570657966067,7.660910977100622,"{""type"":""MultiPoint"",""coordinates"":[]}"
204,2019-04-23,-0.5164573821815553,4,0.5927721959176534,2018.0,0.21688101153553488,21.887895378808505,15.612918528977941,7.47462666760847,0.0038093971103702615,-2.2830706313926394,7.89556080774513,4.2599511189209665,"{""type"":""MultiPoint"",""coordinates"":[]}"
205,2019-04-24,-12.096753910334085,4,0.8212223580642793,2018.0,0.22460257684898507,12.954213872125482,7.6774167109770985,4.403058969538534,-0.9286946547929545,-2.679698839154939,4.477982661916602,3.073437414074386,"{""type"":""MultiPoint"",""coordinates"":[]}"
206,2019-04-25,-8.928611549815919,4,0.7392904187020336,2018.0,0.22211298408639035,12.400999620682937,7.1823088137512645,1.3083725754856874,-1.5230545941092501,-3.671280704332784,6.134856090346049,4.060219260515792,"{""type"":""MultiPoint"",""coordinates"":[]}"
207,2019-04-26,-8.785625553757974,4,8.583068797918258E-4,2018.0,0.21795522543116705,15.993410335960657,8.814574927325708,0.2939316618890829,-0.339428620108313,-1.8831178907718793,5.046802465939385,3.2711366632786003,"{""type"":""MultiPoint"",""coordinates"":[]}"
208,2019-04-27,-3.4418032424303293,4,0.0,2018.0,0.21264494249704047,20.095185759464194,13.425711617168966,6.68011881681876,2.546237427007283,4.945067886375527,6.956007164854141,5.653486504971629,"{""type"":""MultiPoint"",""coordinates"":[]}"
209,2019-04-28,0.9586138919187785,4,0.04564968114866575,2018.0,0.2091690669790321,17.57367179661002,11.684057024633168,6.301303628329687,2.3217767449374733,5.31874763512854,8.109694590788164,5.871208918444736,"{""type"":""MultiPoint"",""coordinates"":[]}"
210,2019-04-29,4.819209089675154,4,0.17705229302775,2018.0,0.2066598628918719,17.47487140747464,11.867881277163567,8.170075892325162,0.6401224049016785,3.786582017073479,5.748030182572272,3.979694190220984,"{""type"":""MultiPoint"",""coordinates"":[]}"
211,2019-04-30,1.4809470635290134,4,0.4106025429216516,2018.0,0.21058721996182855,17.448120962811974,11.783201182952844,7.007968149164309,1.3588379294599433,0.16298350334649706,5.307650601831366,3.1756766854509033,"{""type"":""MultiPoint"",""coordinates"":[]}"
212,2019-05-01,-6.943733165373813,5,0.40349217996471254,2018.0,0.20686911459658702,16.951109584266366,11.411646895218716,6.137399715061622,2.106698815625293,-1.5572604809967927,6.367167029703893,4.262887985643977,"{""type"":""MultiPoint"",""coordinates"":[]}"
213,2019-05-02,-5.582961891230449,5,0.0017225742112714215,2018.0,0.20148495563168667,22.687916824441153,14.204362091299378,6.32397543185282,-1.1642134094366876,-0.8686450778436741,4.598440977869534,3.3042772879686018,"{""type"":""MultiPoint"",""coordinates"":[]}"
214,2019-05-03,-0.7084771603009101,5,0.0017106532936850272,2018.0,0.19594649506643974,27.487570829791757,20.7890152229795,15.68004165101613,0.862485808035961,4.0758351360762335,5.872191745878882,4.398741675461185,"{""type"":""MultiPoint"",""coordinates"":[]}"
215,2019-05-04,2.081203199993471,5,3.1823718577439073,2018.0,0.19475826664422097,28.56322828325319,19.753580599952638,5.701076662008007,3.6616138987838847,3.602540111748033,9.235556705079592,7.352899962188014,"{""type"":""MultiPoint"",""coordinates"":[]}"
216,2019-05-05,-7.928417240937721,5,3.337562953351014,2018.0,0.2252055027825263,12.649562465475508,7.9382512095859,3.3086044239511874,3.187924232099277,-2.292051648228309,7.4793538363171965,4.5471742177395695,"{""type"":""MultiPoint"",""coordinates"":[]}"
217,2019-05-06,-8.3000426338016,5,0.16166320261817835,2018.0,0.21822603346692146,17.926017867447925,12.118292963025944,5.85388323450983,2.8278078094976222,-0.08281188432042057,6.567651477449425,4.19388964631441,"{""type"":""MultiPoint"",""coordinates"":[]}"
218,2019-05-07,-5.334330100162311,5,0.006194255689510144,2018.0,0.21002227538448687,23.106775321555414,16.91608113691216,11.252970769725671,3.4042834476899824,1.9904198384806044,5.985226660823741,4.689510582538635,"{""type"":""MultiPoint"",""coordinates"":[]}"
219,2019-05-08,-5.547312848740335,5,0.03556848044316816,2018.0,0.20207667628046685,26.122056787909766,16.80909526183492,6.163404627841323,3.1890072188448926,-0.4518797044452911,8.202923877859366,4.228495977825809,"{""type"":""MultiPoint"",""coordinates"":[]}"
220,2019-05-09,-1.193076578583126,5,0.03576067580596145,2018.0,0.19560712026380364,25.05133637313036,19.224559543167505,14.730875179021396,1.9691019758521,1.902226968852113,6.806357575641988,4.500688672688141,"{""type"":""MultiPoint"",""coordinates"":[]}"
221,2019-05-10,3.9866426008284637,5,0.12765229339825054,2018.0,0.18987843802661217,29.659385687067626,22.126119030287498,14.981600446008283,3.512092668773474,5.132713442277664,8.087543978747584,6.2656803553340845,"{""type"":""MultiPoint"",""coordinates"":[]}"
222,2019-05-11,0.4667681447722729,5,0.12763493667769593,2018.0,0.18431303448754494,28.3949614480638,21.10956633851949,13.668169307531949,2.1427222672550394,3.9402574460502025,6.477961145448662,4.609574011181344,"{""type"":""MultiPoint"",""coordinates"":[]}"
223,2019-05-12,3.213317276481939,5,7.311317116075513,2018.0,0.19406012255352892,27.342675214156994,20.266626593592328,10.620968403921534,1.585891026768486,5.1589242511066455,7.103748288672201,5.555392414070697,"{""type"":""MultiPoint"",""coordinates"":[]}"
224,2019-05-13,-1.1407618716122003,5,7.435404131086358,2018.0,0.26493411876156187,19.433825406348294,14.663574226058369,11.493781568436267,2.9123834065288854,5.863077298926067,9.03434143258142,6.869142196512587,"{""type"":""MultiPoint"",""coordinates"":[]}"
225,2019-05-14,1.6069703511947147,5,0.1602823978289305,2018.0,0.24769392141606536,24.433087417702865,18.52112288150076,13.765174503863323,3.4339780496194066,5.11910781724258,8.863698260654632,6.381970451067966,"{""type"":""MultiPoint"",""coordinates"":[]}"
226,2019-05-15,7.732616531635284,5,5.076184973791332,2018.0,0.25529383498568564,26.70782994537639,20.199219705785406,14.50950946174546,3.287601449943821,7.5041992287467325,9.769492467746728,8.225122825166173,"{""type"":""MultiPoint"",""coordinates"":[]}"
227,2019-05-16,10.839763362011626,5,5.076379949696378,2018.0,0.27105307486614655,26.34435150645426,21.276718507873166,17.451658316862545,3.8358981432931634,6.361698188964717,9.467249769583479,7.582581414536543,"{""type"":""MultiPoint"",""coordinates"":[]}"
228,2019-05-17,13.81969141194754,5,0.2675999490211177,2018.0,0.25438120767128414,27.889919252844123,22.169453121510887,17.956745123401124,3.651782462379761,6.459101871604554,9.729606989500802,7.451288838382439,"{""type"":""MultiPoint"",""coordinates"":[]}"
229,2019-05-18,12.295846636380134,5,2.459223965222506,2018.0,0.2598164834509513,23.46996316065905,16.974856262061316,12.386026286451996,0.32793952157051487,-0.06847561068786412,8.084031532192933,4.2975241392016414,"{""type"":""MultiPoint"",""coordinates"":[]}"
230,2019-05-19,10.306966326741609,5,10.508857760884341,2018.0,0.32337673718128684,21.633193272240735,13.716530029028574,7.496674699653148,2.452607120179791,3.259739740657449,8.059537656542435,4.788048041277622,"{""type"":""MultiPoint"",""coordinates"":[]}"
231,2019-05-20,2.2864271337004762,5,10.72283286649826,2018.0,0.34920935253325724,15.892608636920084,11.962132218990655,8.936927612294424,5.548834552697383,0.5972618121525918,8.955534449220565,6.025794428320817,"{""type"":""MultiPoint"",""coordinates"":[]}"
232,2019-05-21,2.3103904291407473,5,3.321033840788209,2018.0,0.31711812873684747,18.565346206004104,13.88091042700416,6.883969888794853,3.254489097550208,-1.4467950944478845,7.5620775388176185,4.025589070545869,"{""type"":""MultiPoint"",""coordinates"":[]}"
233,2019-05-22,0.8984531202626769,5,0.16079183580123646,2018.0,0.2912853321229966,23.64761806676428,17.80482916944224,11.405907691326775,2.846301502990981,0.5771651627595616,5.577359229763127,3.535112728316397,"{""type"":""MultiPoint"",""coordinates"":[]}"
234,2019-05-23,5.347375828729986,5,0.0017305233654951735,2018.0,0.26838465238985143,29.52994518141795,23.055391956451324,18.66187525507616,0.6637811318389005,3.531191038907235,6.852759197153932,3.7653334341666986,"{""type"":""MultiPoint"",""coordinates"":[]}"
235,2019-05-24,7.5327768028649995,5,0.0017305233654951735,2018.0,0.24490628123812488,34.054339129475125,27.560953311951277,22.98589080959718,4.413974725849824,6.931026779149946,8.730698964872206,8.24351122854078,"{""type"":""MultiPoint"",""coordinates"":[]}"
236,2019-05-25,9.51195908002129,5,0.37558965354764245,2018.0,0.2246856636408709,33.29570211734899,25.245372261833086,17.897458411428463,2.9443704298730853,6.606448433052139,9.989432146341642,7.299121746822244,"{""type"":""MultiPoint"",""coordinates"":[]}"
237,2019-05-26,12.77609520297125,5,57.0367393831029,2018.0,0.36374657073311084,22.40551342278616,15.287346848124022,9.310389375646489,0.9802846589767041,-1.4557490565614886,7.486266495746569,5.233270169165194,"{""type"":""MultiPoint"",""coordinates"":[]}"
238,2019-05-27,3.723328515991604,5,58.33939608546972,2018.0,0.41576597900750695,18.467334074904162,12.348074487887324,8.227431089271716,2.386201255850206,-3.0303845051949176,6.949957468661679,4.615520708323965,"{""type"":""MultiPoint"",""coordinates"":[]}"
239,2019-05-28,-0.7411077075784231,5,3.920301659380871,2018.0,0.3832222670475765,18.940877804932203,14.31385534380696,9.494753523466084,3.946151357908265,-1.8169264843359554,9.079801306269388,5.0655349167973265,"{""type"":""MultiPoint"",""coordinates"":[]}"
240,2019-05-29,2.7194547691454733,5,0.09707745903512317,2018.0,0.35836385602301135,24.267468122581672,19.587362064841894,16.038811438010946,3.62095755422723,1.5071770755673635,7.823321324134208,5.196197042041262,"{""type"":""MultiPoint"",""coordinates"":[]}"
241,2019-05-30,0.8016140438277022,5,0.04582587980786786,2018.0,0.3392084362172124,21.91372115062702,16.052214030939822,9.740691929837638,4.315401893190083,-0.285317160994948,7.241644113322515,4.385827254599192,"{""type"":""MultiPoint"",""coordinates"":[]}"
242,2019-05-31,5.8001031219467185,5,0.7447341984011965,2018.0,0.3280618982547067,22.072180626112303,16.607916730671484,9.756385051727966,3.3556208638128493,0.8694288358841594,6.023676498790361,3.678908222888652,"{""type"":""MultiPoint"",""coordinates"":[]}"
243,2019-10-01,13.824991817850531,10,0.0012967868201485544,2019.0,0.2543366966545466,27.127513535855,22.07337780762837,17.50319948439133,1.808920193591864,5.385835196738954,7.009190504184827,5.701359498770174,"{""type"":""MultiPoint"",""coordinates"":[]}"
244,2019-10-02,12.11515591900715,10,0.001716270617180271,2019.0,0.24867584016980934,26.230516120400164,19.71231873119689,12.553875584283315,0.31453763472175955,1.235252816741792,6.451883226832922,3.9581646207025067,"{""type"":""MultiPoint"",""coordinates"":[]}"
245,2019-10-03,2.7451399091777273,10,4.909761132180839,2019.0,0.25366136128798367,17.743911637203848,10.82661213478594,4.129281145562318,-1.3931206451841234,-5.832688481360715,6.871344632214818,6.015430035222193,"{""type"":""MultiPoint"",""coordinates"":[]}"
246,2019-10-04,-4.636495279637561,10,5.595981361910003,2019.0,0.31925322796643557,10.225498233025565,5.332924206162187,0.5223244000140468,-0.48967558121746846,-3.8636852422988377,6.0438264809636015,3.911858938354829,"{""type"":""MultiPoint"",""coordinates"":[]}"
247,2019-10-05,-3.2655747929558956,10,1.6625374530472052,2019.0,0.306428397771408,13.027291371178215,7.411707864578455,2.9766476843181713,-0.0033318162587287555,0.7103517583611509,2.9473077040902824,2.282838852668621,"{""type"":""MultiPoint"",""coordinates"":[]}"
248,2019-10-06,-1.620871075196645,10,8.546130629838444E-4,2019.0,0.29604692553943446,14.860850637292241,9.909893709842121,6.412964832403021,1.187997647179427,3.6148442715712847,4.505934085275593,3.83356299091668,"{""type"":""MultiPoint"",""coordinates"":[]}"
249,2019-10-07,-1.3800040451179019,10,0.2141850050014488,2019.0,0.2867775492215668,18.47983050749033,11.921229813493957,4.9697222849982605,4.016076974865026,1.2580997736924582,7.788222935155466,5.968667732166447,"{""type"":""MultiPoint"",""coordinates"":[]}"
250,2019-10-08,-5.328200485934158,10,0.2141850050014488,2019.0,0.2786325714790298,12.949089766038993,9.217630964933203,6.749605698796913,3.542223103991173,1.507468220624866,6.053059678865728,4.862925453047844,"{""type"":""MultiPoint"",""coordinates"":[]}"
251,2019-10-09,6.579911549157397,10,0.0025840217858785763,2019.0,0.2710657884340702,19.88580348189881,14.913139739348154,10.29714002610863,3.183956474794138,6.2181563762354255,7.957232557102881,7.0072201406597525,"{""type"":""MultiPoint"",""coordinates"":[]}"
252,2019-10-10,1.0900350573357926,10,0.0032446178627256964,2019.0,0.2664290310874523,18.15651912563834,11.110990930880153,3.7379216044825005,0.8286954739487732,-1.755072672626023,6.8732072470413375,4.0474183048527275,"{""type"":""MultiPoint"",""coordinates"":[]}"
253,2019-10-11,-6.604806620957184,10,0.0030291860178529597,2019.0,0.26130068187626815,12.803464165357589,8.431416169554565,4.003120690607313,-2.454689320677271,-1.9403761745041719,3.673111826359059,3.1704558805916,"{""type"":""MultiPoint"",""coordinates"":[]}"
254,2019-10-12,-7.1160656815050825,10,0.24838835119679778,2019.0,0.2565864145276895,12.823159851763501,7.286271187937535,2.8278369535147103,-2.0810547307928178,-3.8463634504040387,5.039835370972762,4.387694858088512,"{""type"":""MultiPoint"",""coordinates"":[]}"
255,2019-10-13,-9.870348605159084,10,0.3057281871366677,2019.0,0.25438449915771216,7.932136038763038,3.1469976727685025,-1.4367730065298443,1.0629411889660314,-1.9310585103937006,3.6541466203586563,2.8159320664257415,"{""type"":""MultiPoint"",""coordinates"":[]}"
256,2019-10-14,-10.026192092895494,10,0.01912076467584485,2019.0,0.25234872366954897,7.2674798746525555,2.2255059300383304,-1.5331789192573686,1.5947257906233665,-0.5059666052461509,4.59916396536745,3.1658905487478073,"{""type"":""MultiPoint"",""coordinates"":[]}"
257,2019-10-15,-6.259595342542111,10,4.188096340840275E-4,2019.0,0.25042286457134866,11.956110901208131,6.570641257742972,1.8768830004097088,2.8487077306124524,3.6360835589494025,6.640778277961868,4.640325916036077,"{""type"":""MultiPoint"",""coordinates"":[]}"
258,2019-10-16,-1.683558716981049,10,8.583068797918258E-4,2019.0,0.24826510803532995,14.741124725984786,7.429267739620093,1.0472260390770078,0.14994356783462834,-0.18139911022097344,2.4033194547824177,1.8770981705469838,"{""type"":""MultiPoint"",""coordinates"":[]}"
259,2019-10-17,0.10307831238333476,10,0.0017240497527382104,2019.0,0.24653319791700276,15.664603125609046,9.325766044726883,3.177376745813299,-1.8273102161127357,0.32825303717981386,2.6070246099988417,1.9398405154851734,"{""type"":""MultiPoint"",""coordinates"":[]}"
260,2019-10-18,4.2289917784960664,10,0.46077520724972143,2019.0,0.24625509755987415,17.126117649846737,11.920092493620194,7.6045707415875645,0.01538032175108345,1.1371037108729787,2.3042689667131704,1.366492380159209,"{""type"":""MultiPoint"",""coordinates"":[]}"
261,2019-10-19,5.831345899226051,10,0.465132448943514,2019.0,0.24766362699955222,17.25975146773454,12.198765472835637,8.98595449633129,0.8877252887035931,3.0244056979848666,6.1916642348638105,3.3541085684650898,"{""type"":""MultiPoint"",""coordinates"":[]}"
262,2019-10-20,0.0764908884300412,10,0.1523310787867754,2019.0,0.24622195889102036,18.11517357851151,10.612628601269705,2.3454812265097704,3.289839843637698,1.3688122508592697,8.74027340097422,4.131168114641224,"{""type"":""MultiPoint"",""coordinates"":[]}"
263,2019-10-21,-2.9413879656216824,10,0.03260546509252198,2019.0,0.24337998579925324,15.06469011665217,7.883771304643819,2.287646994115794,-0.695960885159413,1.6736758172468533,2.708598657086095,2.0840223456979294,"{""type"":""MultiPoint"",""coordinates"":[]}"
264,2019-10-22,5.3101726849177515,10,4.397141424306028E-4,2019.0,0.2413159455668493,18.946693742663058,10.911316709798683,4.702238436322324,-0.34491459777753164,1.6720394214503362,2.805757477073928,2.0569152979510457,"{""type"":""MultiPoint"",""coordinates"":[]}"
265,2019-10-23,7.50237643907726,10,8.52346317969932E-4,2019.0,0.23963287601484884,19.89530266318621,12.320902202196235,6.2030457196219,-0.9170514169961753,1.8621991041758288,2.8324300258937116,2.158827325940929,"{""type"":""MultiPoint"",""coordinates"":[]}"
266,2019-10-24,6.531863583435606,10,4.185240924830546,2019.0,0.24664171388078415,19.964590571377972,11.991424167075202,1.9702580991893432,2.026868273123,1.569670283604864,5.328729291398723,3.804658369070407,"{""type"":""MultiPoint"",""coordinates"":[]}"
267,2019-10-25,-4.980786419809563,10,4.246088238042141,2019.0,0.2835382568386809,5.990566483971347,2.2162868821023096,-3.175821708294687,2.226530320363485,-1.7148021823590087,4.378360324390867,2.9992243619854544,"{""type"":""MultiPoint"",""coordinates"":[]}"
268,2019-10-26,-5.953772813544186,10,0.031134303287716165,2019.0,0.27802091989967825,8.031225587480638,3.6610679949232314,0.3789045520643175,1.2004549412374,3.1305139654037286,4.265181183958536,3.455027438387993,"{""type"":""MultiPoint"",""coordinates"":[]}"
269,2019-10-27,0.535853688514244,10,2.355918039585193E-4,2019.0,0.27345447378470944,12.152144593097887,7.8632398795556755,4.13516270791665,1.1653190833195202,3.892837874882276,6.440205857321334,4.407736563870648,"{""type"":""MultiPoint"",""coordinates"":[]}"
270,2019-10-28,2.997484937366002,10,9.916889407723417,2019.0,0.34288644439698984,13.944500883903897,7.357291534173524,2.950556608116834,2.8726747455915196,2.025059782894109,6.383002982316241,4.655696161592266,"{""type"":""MultiPoint"",""coordinates"":[]}"
271,2019-10-29,-7.020764189861104,10,9.916889407723417,2019.0,0.34193735585077967,8.341897238379872,4.883053716023787,2.85129233301944,2.3409999567937696,2.590292777015331,6.769743657797811,4.3215311930664315,"{""type"":""MultiPoint"",""coordinates"":[]}"
272,2019-10-30,1.9625160123841507,10,0.008125388995300012,2019.0,0.3229044810782203,14.679027012269364,10.281203091718572,6.906659399508734,3.741558489233426,3.618288534003315,7.704096031150783,5.45270351196393,"{""type"":""MultiPoint"",""coordinates"":[]}"
273,2019-10-31,-8.821321494906538,10,0.0017167147348118306,2019.0,0.31008566542350624,13.245056626335822,6.444860939653009,-0.7804872565218612,3.6894719621305883,-2.4036049234431096,8.173968656106213,4.454081077507551,"{""type"":""MultiPoint"",""coordinates"":[]}"
274,2019-11-01,-6.583576497490973,11,8.597968985668558E-4,2019.0,0.30199352565310816,8.737071939658403,3.7118179812941383,0.4959908021676033,0.855431202047494,1.0709797314388232,2.521255502224136,2.009156552679708,"{""type"":""MultiPoint"",""coordinates"":[]}"
275,2019-11-02,-8.967052602754528,11,8.52346317969932E-4,2019.0,0.29587548560952615,11.896145252849553,3.5018952815316853,-3.846282362829406,-1.6567908400156195,-3.0812920768767715,5.370139184683141,3.739280058722459,"{""type"":""MultiPoint"",""coordinates"":[]}"
276,2019-11-03,-11.10317945539819,11,0.0,2019.0,0.2909479993160833,4.074947892251257,-1.407678743091606,-5.341078358349119,-1.4508260053639688,-1.8188785450050924,4.0097654505869444,2.5900543501349196,"{""type"":""MultiPoint"",""coordinates"":[]}"
277,2019-11-04,-9.10277300935974,11,4.351138045421976E-4,2019.0,0.2877255177268809,6.799408917770271,1.8738851709803859,-1.6967904375552831,1.4550087703359993,0.6261592522197393,3.961424024914466,2.3869230535146175,"{""type"":""MultiPoint"",""coordinates"":[]}"
278,2019-11-05,-10.218901583132904,11,0.0012934207802572928,2019.0,0.2842607146682711,6.319453221084361,0.5969040853360336,-3.8791806026672635,1.441624885262034,-0.6514348358349547,4.2449540833982295,2.341924040716512,"{""type"":""MultiPoint"",""coordinates"":[]}"
279,2019-11-06,-10.539043791694994,11,0.0012934207802572928,2019.0,0.28185518567927387,6.122012944288229,-0.49255764113226685,-5.664275908811707,0.9643646462913767,-1.4779526542710404,3.801659852619752,2.2032706482580258,"{""type"":""MultiPoint"",""coordinates"":[]}"
280,2019-11-07,-13.963851957944287,11,0.0,2019.0,0.27991115302810243,1.9635897177499233,-1.1074646393873044,-3.585654946730165,2.697230523205506,1.5536293059401625,5.609365171056597,3.8386067508008184,"{""type"":""MultiPoint"",""coordinates"":[]}"
281,2019-11-08,-7.452729979493139,11,8.52346317969932E-4,2019.0,0.2778945797795332,6.368493400302426,0.918638654389866,-2.5568000223791927,-1.0510242802285437,0.2494078855834937,2.728750258860231,2.143494412581483,"{""type"":""MultiPoint"",""coordinates"":[]}"
282,2019-11-09,-3.1006987469860117,11,0.014077771152766467,2019.0,0.2758621702543022,9.875323563998034,5.961528738019627,0.5131059439251227,0.7010906735352769,3.9072689276289707,5.34883630512462,4.0301811259987295,"{""type"":""MultiPoint"",""coordinates"":[]}"
283,2019-11-10,4.058059930514756,11,6.1481701330615355,2019.0,0.31343720091736144,10.49882327757619,7.125408024318835,1.3640920459330266,2.036210104966273,2.3851457136562355,5.371836856563292,3.9602638299676394,"{""type"":""MultiPoint"",""coordinates"":[]}"
284,2019-11-11,-7.888302990709606,11,6.148170133118379,2019.0,0.3320179835377976,9.573270639367824,2.525479400371606,-4.108720089069951,1.712347124726514,-0.9852364830129823,4.945229497995236,2.7477719154182023,"{""type"":""MultiPoint"",""coordinates"":[]}"
285,2019-11-12,-3.410022987508441,11,3.986361011196923,2019.0,0.3355931758853827,9.546145074877497,3.770076282689205,-2.8998985122070917,0.7118158265977601,0.3866642455624977,4.697697458594899,3.1591759284307632,"{""type"":""MultiPoint"",""coordinates"":[]}"
286,2019-11-13,-19.091387914741915,11,3.995153364379648,2019.0,0.346015727428233,-0.7048282393753131,-5.5875426028107995,-9.980808954899516,4.004140376374924,-2.0863664840351266,6.776685166430873,4.965427734909366,"{""type"":""MultiPoint"",""coordinates"":[]}"
287,2019-11-14,-18.914908366179453,11,0.5169650570647966,2019.0,0.3328398380850707,-1.5288555884027504,-4.715535816947226,-9.517919003724348,2.709858894723206,1.3794820392739278,5.732426030591489,3.79589392093654,"{""type"":""MultiPoint"",""coordinates"":[]}"
288,2019-11-15,-20.609709153013785,11,0.45233243929777167,2019.0,0.325946871407468,-1.6975377530165734,-5.937034224670861,-9.532425207603868,1.570294266330024,0.1086433515018798,2.6560016168854625,2.035372486002701,"{""type"":""MultiPoint"",""coordinates"":[]}"
289,2019-11-16,-18.54973178923319,11,8.52346317969932E-4,2019.0,0.3218441538894049,-1.7653847176651098,-4.410112012756725,-8.193769241042368,-1.334731065052883,-0.12707590626172724,3.976847936444926,2.0749380783363454,"{""type"":""MultiPoint"",""coordinates"":[]}"
290,2019-11-17,-11.106014175389303,11,6.223584119973965,2019.0,0.31914894976932834,3.508341518847697,-2.4571800066691987,-10.196581652159214,2.215514774482982,0.5032120984795054,6.8272354118723095,3.8255486455050107,"{""type"":""MultiPoint"",""coordinates"":[]}"
291,2019-11-18,-22.344842359297548,11,6.223584119973965,2019.0,0.31714569463429276,-4.8418524840660275,-7.820930446215598,-10.316563370005571,6.020786798873027,0.08633155282665302,8.375969070382368,6.065707470038895,"{""type"":""MultiPoint"",""coordinates"":[]}"
292,2019-11-19,-22.308596783583383,11,1.836035035823101E-4,2019.0,0.3156643450156351,-5.259975249333683,-9.104537369212466,-12.439972935079725,3.4949878210619323,0.3176419488820705,6.758771049142899,3.766627262237722,"{""type"":""MultiPoint"",""coordinates"":[]}"
293,2019-11-20,-16.10028985640366,11,2.2229930511839815E-5,2019.0,0.3145672177001262,-0.4234109482153354,-5.342878191414415,-10.150020336907872,-0.16437871137745794,1.6138757863227722,3.2199315430276663,2.2982007477976993,"{""type"":""MultiPoint"",""coordinates"":[]}"
294,2019-11-21,1.4655356829324309,11,0.005935970127199444,2019.0,0.34080893522273625,7.924818430954769,4.73414666631116,-2.11361064798368,2.129832133294974,5.817762371931018,7.409788526807184,6.255354574233375,"{""type"":""MultiPoint"",""coordinates"":[]}"
295,2019-11-22,4.646461533881294,11,2.150152729134385,2019.0,0.3618295977534763,9.618799684551247,7.8149948672208,5.56277002450009,2.820645207548097,6.097488646788827,8.362302367830774,6.993892930664095,"{""type"":""MultiPoint"",""coordinates"":[]}"
296,2019-11-23,-9.449295449740438,11,2.8823528309493027,2019.0,0.3737278194117797,5.571854285287294,-0.8202918062264017,-3.9495111802044818,0.39220934084569686,-2.9426531574486194,4.147842183939505,3.0903013872186302,"{""type"":""MultiPoint"",""coordinates"":[]}"
297,2019-11-24,-22.281545671271918,11,2.1323091149786433,2019.0,0.3548015431277076,-3.705632296288432,-7.576750342024378,-11.57683950733136,1.947237393502286,-2.3636602796833937,5.1448748670143365,3.4295951978692627,"{""type"":""MultiPoint"",""coordinates"":[]}"
298,2019-11-25,-21.070700087708826,11,0.0010356350094578015,2019.0,0.3479708915306242,-3.9666711120245193,-6.946828836676452,-10.477801538361623,1.3083314393583236,3.1014368877872225,4.198668615456853,3.5638755406086955,"{""type"":""MultiPoint"",""coordinates"":[]}"
299,2019-11-26,-17.533278819789864,11,8.52346317969932E-4,2019.0,0.3442379627155986,1.7296918757464772,-4.071783655049693,-9.751805563019618,3.3607813650131555,-0.16329596691489512,7.032441107076033,4.869699630869695,"{""type"":""MultiPoint"",""coordinates"":[]}"
300,2019-11-27,-24.80657471220066,11,0.004714549504569732,2019.0,0.34174769596743027,-6.4038744259217975,-10.194039779569625,-13.42382487469531,1.0967197806468556,-1.3227374823054978,4.662972941564743,2.553158114462654,"{""type"":""MultiPoint"",""coordinates"":[]}"
301,2019-11-28,-22.20795030129331,11,0.00471752900921274,2019.0,0.34000669939409894,-5.223887572810096,-8.997140293066668,-12.196565036719006,1.479908340874332,0.7721025673510875,3.6504550343510225,2.095774806275928,"{""type"":""MultiPoint"",""coordinates"":[]}"
302,2019-11-29,-18.872419440220536,11,0.1075067872044625,2019.0,0.33868831009990474,-3.1691482448786634,-5.663225510733997,-10.813617392404453,-1.1041557819523558,1.4011215323497423,3.59353546774486,1.945124951535028,"{""type"":""MultiPoint"",""coordinates"":[]}"
303,2019-11-30,-12.588311226375032,11,1.914823552433163,2019.0,0.33760554035417606,-0.4882449346992529,-4.559655631368776,-9.617971210232175,2.939203233074303,2.330095640266403,6.855312252016773,4.553254596458344,"{""type"":""MultiPoint"",""coordinates"":[]}"
304,2019-12-01,-17.521689009622218,12,1.9148152322204979,2019.0,0.33664951145504973,-2.916458081532002,-7.324364357974053,-10.832487509653678,2.6924585281004307,0.9837274586285724,4.402160957163263,3.106681769271106,"{""type"":""MultiPoint"",""coordinates"":[]}"
305,2019-12-02,-25.36250961220553,12,0.008756303004882709,2019.0,0.33584497665995955,-6.351252793132503,-10.168581305402615,-13.486943895965872,4.361743933217259,-0.05402545281572084,7.21661669353573,4.443292306481559,"{""type"":""MultiPoint"",""coordinates"":[]}"
306,2019-12-03,-26.881379338533478,12,0.03507078116834778,2019.0,0.33523570982899137,-6.614091487584236,-10.888816346001807,-15.740855359106849,4.005554783993261,-1.9047933861716255,7.335771351218151,4.5117130866034305,"{""type"":""MultiPoint"",""coordinates"":[]}"
307,2019-12-04,-31.29083451033643,12,0.035068851081524,2019.0,0.3348260889482522,-11.894099141051294,-15.356149971346476,-18.83007343960273,2.6934375828307333,-1.3076040576673558,4.90200586782148,3.0663733560425617,"{""type"":""MultiPoint"",""coordinates"":[]}"
308,2019-12-05,-28.192529509759908,12,0.0,2019.0,0.33463314111476944,-12.579484457546096,-15.521859512702004,-18.262547362170192,2.2008170965809706,0.9807089650434717,4.461554249006229,3.1151494226262253,"{""type"":""MultiPoint"",""coordinates"":[]}"
309,2019-12-06,-19.33123329617385,12,6.771200164944091E-6,2019.0,0.3345824048267174,-5.1353006167132715,-9.429430025487433,-15.155870799159942,2.713179761797227,1.9429345886401506,6.718768459572377,4.331622304207942,"{""type"":""MultiPoint"",""coordinates"":[]}"
310,2019-12-07,-17.009334784402235,12,6.771200164944091E-6,2019.0,0.3345613658036388,-4.967030000903625,-8.614566090340148,-13.510355795765918,1.8884436017951645,2.5162036721308163,4.572596439378913,3.472069499222344,"{""type"":""MultiPoint"",""coordinates"":[]}"
311,2019-12-08,-5.263777805428862,12,0.19116353726439272,2019.0,0.33448358982947124,1.7991317314380937,-0.5728185855898051,-7.525333540720481,1.9603122307267167,4.973345701329745,6.259085725541942,5.360331411850147,"{""type"":""MultiPoint"",""coordinates"":[]}"
312,2019-12-09,-9.798711837471917,12,0.27401080956597845,2019.0,0.3345943757728069,0.5914692695961248,-4.558263916794874,-9.195832153196845,2.1897436592363104,1.23341216035181,5.267948819659888,2.8856848097448955,"{""type"":""MultiPoint"",""coordinates"":[]}"
313,2019-12-10,-9.444703615763922,12,4.010427438668292,2019.0,0.3344996117615917,-1.0909257293088845,-4.585029794167989,-9.102083922629994,-0.21565274015103333,-1.4124694336424446,3.4133809468778593,2.0437600226799755,"{""type"":""MultiPoint"",""coordinates"":[]}"
314,2019-12-11,-14.398825231946779,12,4.035899647618756,2019.0,0.33422508386555894,-6.03552793949343,-9.614991910878596,-13.20941207425379,2.2599069594372474,-0.5895257343354606,4.792506284996853,3.0954747375308425,"{""type"":""MultiPoint"",""coordinates"":[]}"
315,2019-12-12,-14.716197742149443,12,0.08589772095033965,2019.0,0.33408322423500625,-3.133548794310288,-5.816384412503046,-12.550166570527448,2.012190668547688,4.045049047555822,5.582132621585112,4.568318416268956,"{""type"":""MultiPoint"",""coordinates"":[]}"
316,2019-12-13,-12.549042495362311,12,0.03646137828442337,2019.0,0.3339585933774248,-0.635517783770144,-6.561333947926714,-12.43216518528761,2.046897530368195,-0.303345378312283,4.976132239714271,2.7492682143891125,"{""type"":""MultiPoint"",""coordinates"":[]}"
317,2019-12-14,-13.928412105166574,12,0.03651126139461683,2019.0,0.33383666891028063,-1.969066312408297,-6.158468484870484,-12.007404620454922,0.8497161266408455,3.1187238377649815,5.677537825218997,3.3119642114962122,"{""type"":""MultiPoint"",""coordinates"":[]}"
318,2019-12-15,-6.7373269638832,12,0.0017420694839729515,2019.0,0.33364819293544834,2.768317374623751,-1.828266613461572,-4.441642294953951,2.1643585076164125,4.044001817321489,7.725119565051265,4.674107554299617,"{""type"":""MultiPoint"",""coordinates"":[]}"
319,2019-12-16,-2.808486902985006,12,8.753683373923304,2019.0,0.33373634080765213,1.1303363333901155,-1.0934209733914888,-6.196749905191282,2.243722313514915,2.0807046376826346,5.870749084499704,4.958071263654258,"{""type"":""MultiPoint"",""coordinates"":[]}"
320,2019-12-17,-18.55023988005457,12,8.756034509928352,2019.0,0.33363157320882564,-4.259435126007074,-11.15661761171729,-17.98596591123254,2.2838774912075634,-2.150600212733058,6.076859854493687,3.43833906001641,"{""type"":""MultiPoint"",""coordinates"":[]}"
321,2019-12-18,-20.89920395761601,12,0.003358550397114512,2019.0,0.3334518504200361,-7.698662742153077,-14.610597536725802,-19.67525855533271,1.5227905963068507,1.35302422055904,2.958508269748959,2.338120180510265,"{""type"":""MultiPoint"",""coordinates"":[]}"
322,2019-12-19,-20.9692254840219,12,0.0010159040362064961,2019.0,0.33339821147720466,-7.512573739069,-15.833321444932912,-20.715011292429757,2.222033040236473,1.390434203003758,3.5935981319432044,2.867333618651721,"{""type"":""MultiPoint"",""coordinates"":[]}"
323,2019-12-20,-16.153424107971464,12,0.01561387587216315,2019.0,0.3333847198173421,-5.650499260479797,-9.22273846614546,-18.10650469189888,2.3794237316656046,3.6665639945165305,6.284264442624281,4.4638321400884555,"{""type"":""MultiPoint"",""coordinates"":[]}"
324,2019-12-21,-17.416355186722573,12,0.0184948364379426,2019.0,0.33338033347272095,-5.888667845424605,-10.975263411993772,-15.741436008367836,0.33609982127989013,0.3931749776358203,3.116312289411478,2.0604825874348656,"{""type"":""MultiPoint"",""coordinates"":[]}"
325,2019-12-22,-16.631514086997374,12,0.029067169491920137,2019.0,0.33337888825347617,-4.089571563859563,-11.380792312797796,-18.05132073730796,-1.0549090212533647,-1.0604190826817872,2.7006810932752554,2.1372197531197754,"{""type"":""MultiPoint"",""coordinates"":[]}"
326,2019-12-23,-19.380175924887837,12,0.029063593640200985,2019.0,0.3333786087254741,-9.224464670345531,-15.323188550250284,-21.023242486091828,0.08320600380086587,-0.21176984868857893,2.4059261404427086,1.8012861410099905,"{""type"":""MultiPoint"",""coordinates"":[]}"
327,2019-12-24,-13.563140170647433,12,1.451085957190088,2019.0,0.3333823949180633,-5.1255628229935395,-7.797198023116397,-18.38646721067544,0.5912102056799383,2.4836527803545763,4.002671696015016,3.055775948194218,"{""type"":""MultiPoint"",""coordinates"":[]}"
328,2019-12-25,-16.505157395240726,12,1.4623067739358266,2019.0,0.33339020809274544,-7.40265176304671,-12.523306219547901,-16.477594582837188,1.25493504370295,-1.3724655422831376,3.9785467310467713,2.2315950733566634,"{""type"":""MultiPoint"",""coordinates"":[]}"
329,2019-12-26,-20.232285128615448,12,0.013254313698101903,2019.0,0.33339141605878075,-10.138350695107388,-15.758895005788126,-21.775225575722093,-0.060816053071914976,-0.16133136450959717,2.452042708698815,1.6304143874763433,"{""type"":""MultiPoint"",""coordinates"":[]}"
330,2019-12-27,-18.35485274195233,12,7.527255437816088E-4,2019.0,0.3333917284850372,-6.9458473528333435,-14.095614063617194,-20.66942642394514,0.3876506039129027,2.212947014175284,3.820053371331565,2.5459254529429587,"{""type"":""MultiPoint"",""coordinates"":[]}"
331,2019-12-28,-9.040040620376995,12,0.7109176497727784,2019.0,0.333471442509303,-1.6488911698002144,-5.719406350480465,-16.6268880422654,-1.3753710999583404,1.1927816616939002,3.5937556098685617,2.702296157040909,"{""type"":""MultiPoint"",""coordinates"":[]}"
332,2019-12-29,-15.133057423089069,12,3.321922918046065,2019.0,0.3353170709627667,-1.867606110334093,-12.164917504285782,-21.168087782185477,1.8245865004311401,-1.7092309975545055,4.045911837447388,2.812468631632126,"{""type"":""MultiPoint"",""coordinates"":[]}"
333,2019-12-30,-26.962527501011795,12,3.321982855765864,2019.0,0.3356532205041255,-14.262526609908443,-20.526529545936423,-25.17747868342281,2.4855403113254004,-0.8682317904685548,4.570185988243977,3.1780776302590406,"{""type"":""MultiPoint"",""coordinates"":[]}"
334,2019-12-31,-25.6225477738463,12,0.012258993076544062,2019.0,0.3356381087391837,-9.934808350638097,-15.983158113801187,-24.308958500640777,2.687637926735326,1.58841192618509,6.359464107028676,3.4735282456206305,"{""type"":""MultiPoint"",""coordinates"":[]}"
335,2020-01-01,-24.051054697590224,1,0.0021457671550706436,2019.0,0.33564667214409105,-9.401478577431691,-14.933769948957083,-20.35847394240156,0.8103807643127077,1.050172633900791,2.3636754814465863,1.5944902540211292,"{""type"":""MultiPoint"",""coordinates"":[]}"
336,2020-01-02,-21.823914674949314,1,0.002139806667855737,2019.0,0.33564032599580274,-6.817787884613021,-13.959296648852881,-19.477513596550622,2.5588303337512954,1.935291889953014,4.504411527694949,3.25760779308254,"{""type"":""MultiPoint"",""coordinates"":[]}"
337,2020-01-03,-17.2673571657281,1,0.0017195939108205494,2019.0,0.3356299537762852,-4.713275528661339,-12.143434127056612,-17.001510279861343,2.0932480034864898,1.1444630934968547,3.0753549229061217,2.5637813965104352,"{""type"":""MultiPoint"",""coordinates"":[]}"
338,2020-01-04,-15.689017126020246,1,0.0025784656827454455,2019.0,0.33561786061371635,-4.368395948771679,-11.437719748959012,-16.604199237524494,1.007436653912567,0.4828605998988315,2.8020343441527773,2.2372230713885144,"{""type"":""MultiPoint"",""coordinates"":[]}"
339,2020-01-05,-13.125039417981158,1,0.00258144586950948,2019.0,0.33561296423899134,-0.8687205111620558,-8.370094545549646,-15.67173587883299,-0.13749427970617475,2.459042663527069,3.3893615908487296,2.7268810660347134,"{""type"":""MultiPoint"",""coordinates"":[]}"
340,2020-01-06,-7.157268072467225,1,1.3402672409088576,2019.0,0.33554250330421076,0.16618378750295265,-3.484592231117363,-10.166981522550296,1.0249455504969567,1.2217197330341334,4.215913512248378,2.9908420619461396,"{""type"":""MultiPoint"",""coordinates"":[]}"
341,2020-01-07,-12.23698348574666,1,1.3409415529870048,2019.0,0.33541469562186976,-5.791650005876142,-8.766301110758038,-11.164820590743343,0.5035735454791868,-3.5572711288329573,4.551432491397176,3.6695926967638015,"{""type"":""MultiPoint"",""coordinates"":[]}"
342,2020-01-08,-12.857914157277817,1,0.45128513272608733,2019.0,0.3353152893133276,-6.208699823402322,-9.71897761089169,-13.322268624292045,1.560933360263695,-1.470516435014605,4.654781200697031,2.570547217695023,"{""type"":""MultiPoint"",""coordinates"":[]}"
343,2020-01-09,-15.357422908540974,1,0.4517274470608977,2019.0,0.335219911379964,-4.029361557554618,-11.870498609733044,-17.147882189124566,1.1820009421134203,1.830748732126566,2.7537823556438004,2.29113894480978,"{""type"":""MultiPoint"",""coordinates"":[]}"
344,2020-01-10,-16.46593897090987,1,8.420218455591179E-4,2019.0,0.3351478636670003,-3.7964065430880614,-12.396773166036018,-18.223451473120974,2.3265056090379317,0.8294371129073511,3.5656045348018943,2.7598406682720467,"{""type"":""MultiPoint"",""coordinates"":[]}"
345,2020-01-11,-18.819727553584013,1,0.0,2019.0,0.33510049586015067,-7.421702200450585,-12.751016848587867,-17.150631506318838,0.5259712964431967,-0.9883600884699091,3.0162097490868605,1.7378897041492478,"{""type"":""MultiPoint"",""coordinates"":[]}"
346,2020-01-12,-20.003412353092966,1,8.227410052048907E-5,2019.0,0.3350837835469095,-7.590451234463532,-15.233844114203162,-20.1973377453463,1.648748842228182,0.6706346619952313,2.5826579952936592,2.084561563716343,"{""type"":""MultiPoint"",""coordinates"":[]}"
347,2020-01-13,-20.53137623433134,1,8.70227722771233E-4,2019.0,0.33506290392498206,-8.82642422034247,-14.77608950006417,-18.25025026728726,0.48184239657395794,-0.9095788267370197,2.5191232297868638,1.7484230801052396,"{""type"":""MultiPoint"",""coordinates"":[]}"
348,2020-01-14,-20.028828052670974,1,8.70227722771233E-4,2019.0,0.3351620110951621,-7.778090646764008,-14.503441720303789,-20.427725829255117,-0.5531014665819783,0.6703978209048421,2.1111756362715157,1.2798226660179808,"{""type"":""MultiPoint"",""coordinates"":[]}"
349,2020-01-15,-19.173196865343023,1,8.597968985668558E-4,2019.0,0.33517143146209066,-5.873305122739384,-14.042501206952279,-19.396691305320278,1.630619807768165,1.21422756880922,3.0228924889772606,2.299616432708556,"{""type"":""MultiPoint"",""coordinates"":[]}"
350,2020-01-16,-19.63208756111692,1,0.0017143987065537658,2019.0,0.33516049745397786,-7.46937969239267,-13.767597936693132,-19.557992968807596,0.8094739776975998,0.7463107422112255,2.4662450456407403,1.7360958524444636,"{""type"":""MultiPoint"",""coordinates"":[]}"
351,2020-01-17,-18.624690731847338,1,0.0016966222915471008,2019.0,0.3351529692724801,-4.258736486674418,-12.456521950173121,-18.854472150727048,0.785054589779272,1.6912079388669754,2.498411569507588,2.0170786486279897,"{""type"":""MultiPoint"",""coordinates"":[]}"
352,2020-01-18,-13.283345812530648,1,1.3444684423177835,2019.0,0.33514696598401267,-3.093873791394838,-7.777585486244804,-17.065738186626458,1.1612232024297668,2.042119433460721,3.9721868489303214,2.594499373328533,"{""type"":""MultiPoint"",""coordinates"":[]}"
353,2020-01-19,-15.368112290806343,1,1.3510962153528245,2019.0,0.33513682110536397,-5.4989128124366085,-11.362368966917057,-16.341157132844256,1.6220157888405944,0.08695911686704018,3.6124594381522988,2.290446166115451,"{""type"":""MultiPoint"",""coordinates"":[]}"
354,2020-01-20,-17.4021395302601,1,0.09808511207205597,2019.0,0.33512657185244876,-5.38005143382104,-12.274571529276749,-18.35425769440061,1.895902483870096,1.3648427086362984,4.930131849810961,3.2110549717920023,"{""type"":""MultiPoint"",""coordinates"":[]}"
355,2020-01-21,-10.486756040825037,1,0.0948165214154657,2019.0,0.33508887147091715,0.42320949670821895,-3.934683357953298,-10.626434342117332,2.7418678711958107,4.489900013236321,8.709632853473794,5.503722023853546,"{""type"":""MultiPoint"",""coordinates"":[]}"
356,2020-01-22,-13.186076776913957,1,0.028979308642430188,2019.0,0.33494295924692674,-1.9656145263959697,-8.948248169924312,-14.443079132537845,0.23010493689785197,0.05987498444635905,2.9480421787599287,2.087702405374864,"{""type"":""MultiPoint"",""coordinates"":[]}"
357,2020-01-23,-20.09041074217754,1,0.03166566094719164,2019.0,0.33480458141973957,-2.881609761765145,-11.766332890471807,-18.557680937758818,2.249230514651531,-1.5914990308144252,4.586053349783135,2.9840957993527355,"{""type"":""MultiPoint"",""coordinates"":[]}"
358,2020-01-24,-25.77852019316372,1,0.0026871672708888186,2019.0,0.33503677365592216,-6.8122919326645714,-13.66593095880255,-19.19384309430155,-0.21105619604463388,1.1364024244966764,2.3928446986028558,1.7140398157109624,"{""type"":""MultiPoint"",""coordinates"":[]}"
359,2020-01-25,-20.684612683287025,1,0.0,2019.0,0.33572296303533106,-1.40538594618666,-10.195595653218227,-16.87788858984324,0.24025534908385354,-0.0731911870212835,2.449889726146227,1.690287939262684,"{""type"":""MultiPoint"",""coordinates"":[]}"
360,2020-01-26,-19.69795207577585,1,0.0034348916528870177,2019.0,0.33699473357413623,-1.4563917958915022,-11.231749926953427,-18.13760289613821,-1.0723150053870327,1.3274356816965478,2.623611355598661,1.8820384383082824,"{""type"":""MultiPoint"",""coordinates"":[]}"
361,2020-01-27,-16.657560797813005,1,0.0034348916528870177,2019.0,0.3483977327186598,3.068236028535302,-6.497942997507899,-15.00728158055478,-1.4549114055409587,-0.6367267875686392,2.722411559136221,1.8217007521694064,"{""type"":""MultiPoint"",""coordinates"":[]}"
362,2020-01-28,-14.656563745701492,1,0.0025689601557132846,2019.0,0.3504295276251997,0.09044133181038162,-6.893595067138923,-12.106283710787702,-0.6356522827859986,-3.351418708809255,4.137487255372856,3.4564399184735786,"{""type"":""MultiPoint"",""coordinates"":[]}"
363,2020-01-29,-17.054185745553863,1,0.002568094714661129,2019.0,0.3500681544992454,-3.963109153080141,-10.134627732534565,-16.53968398304585,-0.9460885759297167,-4.083927809478822,5.442684510475739,4.2061461267793225,"{""type"":""MultiPoint"",""coordinates"":[]}"
364,2020-01-30,-19.31447132628608,1,0.002571074219304137,2019.0,0.35002637516280855,-4.763796088178323,-12.327450241885268,-17.787622035335318,-0.9176037812529004,-1.8456590846118135,3.363488329597333,2.416791021916148,"{""type"":""MultiPoint"",""coordinates"":[]}"
365,2020-01-31,-19.869376191482605,1,8.52346317969932E-4,2019.0,0.3518213805432226,-2.790533010051017,-9.44487652084492,-16.567372355870187,0.7087715790977546,0.28842940084170327,3.1413052411776103,1.488508712222954,"{""type"":""MultiPoint"",""coordinates"":[]}"
366,2020-02-01,-19.4946857454107,2,0.0025678159545350354,2019.0,0.35202442069315937,-2.6494573524020946,-9.710855412725646,-15.500592850634145,2.9175553321034684,-0.4414336539244438,4.2213096685959695,2.99144635415862,"{""type"":""MultiPoint"",""coordinates"":[]}"
367,2020-02-02,-26.843403467555213,2,0.004805905384133084,2019.0,0.35201632279319384,-6.08581141039951,-11.386853283692929,-16.906801173796666,2.0841518921613416,-0.1465760268577801,2.9683646005027815,2.2053244048795113,"{""type"":""MultiPoint"",""coordinates"":[]}"
368,2020-02-03,-24.231387851980184,2,0.11506560810302516,2019.0,0.35202609459277845,-6.657461596716702,-11.809727677795811,-17.397942023226626,2.65329826521106,0.4718377427161629,4.592736839490473,3.277791339716579,"{""type"":""MultiPoint"",""coordinates"":[]}"
369,2020-02-04,-30.068752514905437,2,0.11506492622426599,2019.0,0.35204314606880527,-12.139596440340787,-16.893505654719977,-21.46524889926854,2.852938249597551,-1.4568237219173477,5.465899774399517,3.2719500639757997,"{""type"":""MultiPoint"",""coordinates"":[]}"
370,2020-02-05,-29.563998693674822,2,8.597968985668558E-4,2019.0,0.3520446201142078,-12.622252250862973,-17.614628477861128,-21.236266408817716,1.2467218745497552,-0.38266443066988404,3.393004374727352,2.286080337816534,"{""type"":""MultiPoint"",""coordinates"":[]}"
371,2020-02-06,-24.277790026158662,2,0.0022737453709911425,2019.0,0.35205065983722406,-8.11601759143688,-12.455748888345028,-19.405477236592287,1.7455970703520747,2.7739126382969004,4.156109323501295,3.34889926524638,"{""type"":""MultiPoint"",""coordinates"":[]}"
372,2020-02-07,-22.830518871680063,2,0.0031444084140676756,2019.0,0.35204745750828054,-5.620162529738801,-11.453427208058633,-15.994455067672979,0.4947442260978799,-0.7793445779377242,3.196585391817756,2.204464470417537,"{""type"":""MultiPoint"",""coordinates"":[]}"
373,2020-02-08,-21.988869634187107,2,0.002224097339051004,2019.0,0.35204790029520955,-5.647258919156965,-10.253138800249754,-14.853878705223858,-0.2087986484941012,1.4000966790968328,5.212563711103832,2.4879679379611255,"{""type"":""MultiPoint"",""coordinates"":[]}"
374,2020-02-09,-13.992645092943846,2,0.0021097457764922343,2019.0,0.35190136654067966,1.4368274631497264,-6.31956196327449,-12.60127437738789,1.0182337727504633,0.2860082680673117,6.709814143853857,3.579155531882381,"{""type"":""MultiPoint"",""coordinates"":[]}"
375,2020-02-10,-11.578016696353169,2,0.004229282581362137,2019.0,0.35429166996035005,3.0538722100154434,-2.0711000181783317,-10.733750737812457,-1.0081761544109349,2.69922418335568,6.028466830427466,3.5121296073093355,"{""type"":""MultiPoint"",""coordinates"":[]}"
376,2020-02-11,0.06927116171580255,2,0.049887480419273746,2019.0,0.37414102813113775,9.847395404691607,4.615777565494115,0.12608999345229713,3.704859732134878,7.227267925481704,9.164976313451078,8.149241101839133,"{""type"":""MultiPoint"",""coordinates"":[]}"
377,2020-02-12,2.292606431472537,2,0.11619311175241753,2019.0,0.37306026501818745,8.157976660189194,4.485569206763762,2.756666711794094,2.134162475690527,3.9620241109585055,6.764569740033678,4.591382652941113,"{""type"":""MultiPoint"",""coordinates"":[]}"
378,2020-02-13,-6.470079578858501,2,0.9985652185704003,2019.0,0.3677505331030321,4.745945205829953,-2.1145868780720027,-8.994026368483691,0.9377779286325275,-2.0764353937952436,5.542696162410121,4.659959558629479,"{""type"":""MultiPoint"",""coordinates"":[]}"
379,2020-02-14,-22.8831543786384,2,1.0205060821207659,2019.0,0.36172114383558873,-5.62216334070499,-8.044870822888685,-10.045832601213206,-2.2629720063228027,-3.99004189781516,5.6760631091695695,4.615056525577454,"{""type"":""MultiPoint"",""coordinates"":[]}"
380,2020-02-15,-21.142130825416274,2,0.9112169745257183,2019.0,0.3591089622111353,-4.055855035773801,-6.8138796226758,-9.978687497140085,-2.1041493510267664,-5.022344287965223,6.460653080707837,5.489143500174243,"{""type"":""MultiPoint"",""coordinates"":[]}"
381,2020-02-16,-23.100567572001232,2,0.9210366036772039,2019.0,0.35758024832192253,-6.4447041729982,-10.640581329099644,-15.35748741398084,-0.08697596566249395,-5.547858358614969,8.771307972841814,5.626572965079895,"{""type"":""MultiPoint"",""coordinates"":[]}"
382,2020-02-17,-23.12371768603144,2,0.061311456528792815,2019.0,0.3569907312132254,-6.026813818145377,-10.41148225837987,-14.1940310014152,1.3960511562053908,-0.9751109613971203,4.939927798337861,3.355370836231819,"{""type"":""MultiPoint"",""coordinates"":[]}"
383,2020-02-18,-14.731435542232795,2,8.52346317969932E-4,2019.0,0.3564533528548105,1.2566420220292192,-5.444426078802798,-11.043182617887025,2.451805398078292,1.3954033187496724,4.116622047848267,3.044541321155131,"{""type"":""MultiPoint"",""coordinates"":[]}"
384,2020-02-19,-16.364206522063878,2,0.0017195939108205494,2019.0,0.3555888559009341,1.9849836742016225,-4.839291449261268,-10.760066546168932,0.5163605295276968,0.17972462630967118,2.8663614726523967,1.7976974987830745,"{""type"":""MultiPoint"",""coordinates"":[]}"
385,2020-02-20,-13.10985804322635,2,0.5875000805190136,2019.0,0.3553466150161758,4.314795262902401,-0.2431191318215311,-7.6692580603234966,0.23659058384456247,2.5925386987902415,4.4746142677528615,2.933079144900567,"{""type"":""MultiPoint"",""coordinates"":[]}"
386,2020-02-21,-5.293106623883779,2,1.8471019305437866,2019.0,0.35784565857926326,3.6206509591274347,-1.3894287637247102,-6.692689585914768,2.2198859222873333,1.8069480693007447,5.019204478940547,3.3182742279290642,"{""type"":""MultiPoint"",""coordinates"":[]}"
387,2020-02-22,-14.545666070142218,2,1.821801251204901,2019.0,0.35667545673947537,-0.21954758536566243,-4.603163878985582,-7.868271190875401,2.90684254405619,0.14012172735971754,6.762489569449263,4.102712513185271,"{""type"":""MultiPoint"",""coordinates"":[]}"
388,2020-02-23,-10.355706649901135,2,0.15902872995981587,2019.0,0.3557228712266976,6.643491056832242,-0.09809231698373419,-6.16152020571263,3.0966841739860516,3.226808774470615,8.652813789549272,5.13371096022223,"{""type"":""MultiPoint"",""coordinates"":[]}"
389,2020-02-24,-13.510480190816958,2,0.0026135684830092586,2019.0,0.35773220546621054,4.772753917051796,-0.9646042762977722,-5.143849545531363,-1.1191738429139984,-1.4172520380996914,3.6427119615751424,2.4519270395880226,"{""type"":""MultiPoint"",""coordinates"":[]}"
390,2020-02-25,-15.008088804058838,2,0.0026135684830092586,2019.0,0.35500289860840134,2.4530542555937367,-2.6576863459103497,-8.637071322928607,-2.0602335550991495,-3.3244289688879447,5.474355949644336,4.025148656143939,"{""type"":""MultiPoint"",""coordinates"":[]}"
391,2020-02-26,-16.05366181191904,2,8.553266184208042E-4,2019.0,0.3526847894435935,2.5551197864063986,-3.9036492450859006,-8.94437124180627,-0.020685087905130257,-1.5941212632842434,4.166764146034566,2.57981793441125,"{""type"":""MultiPoint"",""coordinates"":[]}"
392,2020-02-27,-17.038391646275823,2,0.2218848227771443,2019.0,0.352673616628445,4.275999355782334,-0.9271316641695827,-5.205960023340859,-0.059260440305401944,2.7311741315392255,5.313244076959807,2.952909702236781,"{""type"":""MultiPoint"",""coordinates"":[]}"
393,2020-02-28,-12.447920039519994,2,0.8553048836315037,2019.0,0.3528514775046273,3.6455740371362286,-2.0798088466580418,-7.133387806755907,3.2062445118210428,1.7614515944072138,7.957798117678604,4.11687475970575,"{""type"":""MultiPoint"",""coordinates"":[]}"
394,2020-02-29,-11.471371104638346,2,0.8371382584023649,2019.0,0.35209138460779227,2.0160007674196403,-2.566776675643225,-5.367078590360897,0.20867203522200028,-1.5905579467175808,3.210169752035922,1.9584263188365207,"{""type"":""MultiPoint"",""coordinates"":[]}"
395,2020-03-01,-12.738396592651602,3,0.09153988391296594,2019.0,0.3509193324823047,1.7214871994062515,-3.2201823492546695,-7.849758457972733,0.29177927953472677,-2.128834049476253,3.748559352679269,2.193787760667791,"{""type"":""MultiPoint"",""coordinates"":[]}"
396,2020-03-02,-14.098246826796823,3,0.09153988391296594,2019.0,0.3505548855663518,2.2630089748735793,-2.447607863697464,-5.281497217072557,-1.300360381881189,-0.2269697806910053,3.45721218836497,2.3297752425846863,"{""type"":""MultiPoint"",""coordinates"":[]}"
397,2020-03-03,-8.507678031310547,3,5.97464516760524,2019.0,0.34940959097354696,1.1078724588368354,-2.8276259711795952,-6.667957562964642,-1.2756173998474096,-2.398055229088426,4.854996001666719,3.8270140417232463,"{""type"":""MultiPoint"",""coordinates"":[]}"
398,2020-03-04,-15.45226265625293,3,5.9961869711329605,2019.0,0.3482921952256675,0.41243744616604805,-5.545765620581544,-11.394260812717908,1.7797818426483376,-1.6122920642750234,6.503757014456275,3.7794846799792285,"{""type"":""MultiPoint"",""coordinates"":[]}"
399,2020-03-05,-13.820035191161995,3,0.14456965565460445,2019.0,0.34731250792730073,3.9216472415483894,-1.3123011871471393,-7.430630335766791,1.5614644730316807,4.397177600245764,5.993931988497531,4.7561029345999195,"{""type"":""MultiPoint"",""coordinates"":[]}"
400,2020-03-06,-1.988026726900207,3,1.6859611260505685,2019.0,0.3700218569315502,9.615420656189784,3.4095350686107886,-1.4465656346742506,1.9356589696401827,4.198625685144084,7.47320397288879,4.797700212112755,"{""type"":""MultiPoint"",""coordinates"":[]}"
401,2020-03-07,-2.578902278141213,3,1.7707040448294165,2019.0,0.3766144091268961,6.749189806137225,2.242892342443218,-0.32890313060249654,1.6103613271734158,2.6159837661522745,5.159322658025726,3.3972363788801014,"{""type"":""MultiPoint"",""coordinates"":[]}"
402,2020-03-08,0.7373223744588817,3,3.441848045232997,2019.0,0.3873625995938823,6.972716268760952,3.34446239468223,-1.2444062770969948,1.6421647526466538,1.6953072672419638,7.560361851867624,4.54054397310476,"{""type"":""MultiPoint"",""coordinates"":[]}"
403,2020-03-09,-14.051443106169437,3,3.4505685172032887,2019.0,0.38180824086682064,5.331211585297729,-0.8197912776099581,-6.4227064592087,-1.466415026568451,-2.6427776851682996,4.091223831498626,3.0620556121122036,"{""type"":""MultiPoint"",""coordinates"":[]}"
404,2020-03-10,-15.038675723452782,3,0.004203236521721774,2019.0,0.37238903700404585,5.097724544975888,-1.429296443357733,-7.003429887219602,2.5284850987847447,-1.614250166495602,5.712558488802743,3.110451549177471,"{""type"":""MultiPoint"",""coordinates"":[]}"
405,2020-03-11,-11.345107764839817,3,0.04334841922763647,2019.0,0.3674585398773618,5.093980154387593,1.2867744744350005,-3.2356980067088457,2.4166378824086236,2.5519286079134553,5.566197705550882,3.946661437056029,"{""type"":""MultiPoint"",""coordinates"":[]}"
406,2020-03-12,-25.4440613343559,3,0.04885117369186342,2019.0,0.36100150116428026,4.550079799120393,-2.354873331544533,-9.126497730516792,4.377819703384642,-1.6821423091274406,8.25940142375258,4.852821961964908,"{""type"":""MultiPoint"",""coordinates"":[]}"
407,2020-03-13,-18.1833389536411,3,0.0016472062051105369,2019.0,0.35775010934994006,3.8965907616537585,-1.3965769131603074,-5.580724401970667,2.8893621011867756,2.7414867414089468,5.693394789481305,4.245783429114848,"{""type"":""MultiPoint"",""coordinates"":[]}"
408,2020-03-14,-15.343696714879492,3,0.026946074406504646,2019.0,0.3554725022763107,7.997918575151226,0.5785283110812964,-5.819359763637453,3.2581970059032477,-1.690993246774177,7.151509365901031,4.422520062442639,"{""type"":""MultiPoint"",""coordinates"":[]}"
409,2020-03-15,-20.164104821493225,3,0.11499469902004872,2019.0,0.35335469938435,-0.5777415118851363,-4.989107584475083,-8.426069966452351,1.236660170939553,-2.839313589915098,8.553755703033909,4.56840644241721,"{""type"":""MultiPoint"",""coordinates"":[]}"
410,2020-03-16,-11.737628634232212,3,0.30866091496100956,2019.0,0.35249785802573186,5.842656879434718,0.7666742055106504,-4.381547782739759,2.3765047191133584,4.0113749522172695,6.997856555128226,4.765910131303304,"{""type"":""MultiPoint"",""coordinates"":[]}"
411,2020-03-17,-8.03488257368651,3,0.30866266929458336,2019.0,0.35211936982403097,9.871687818662593,4.359596349550217,0.22337035335541122,3.121409422360457,1.1724294617548578,6.860107319053346,4.769859145717866,"{""type"":""MultiPoint"",""coordinates"":[]}"
412,2020-03-18,-5.6333997505368245,3,0.38136813726489843,2019.0,0.3479687807914803,14.495979134967774,6.511359483187487,-0.43063151624617185,3.0233263775661925,0.8460209283529224,9.355486850868164,4.821092922323833,"{""type"":""MultiPoint"",""coordinates"":[]}"
413,2020-03-19,-8.627609081237209,3,0.5305497123175076,2019.0,0.34574233629012485,8.523479438651885,1.7203239382408622,-2.8769539073569033,2.217389172118357,-1.7121534236154308,7.2895269233150835,4.277812404076237,"{""type"":""MultiPoint"",""coordinates"":[]}"
414,2020-03-20,-9.265171313868496,3,0.3924509364196602,2019.0,0.34195881258524496,11.381081626090985,4.288015012421241,-2.4680662972035163,2.8889993692999574,1.0467569062104223,5.457275930649648,3.9568281666245713,"{""type"":""MultiPoint"",""coordinates"":[]}"
415,2020-03-21,-14.830976189885993,3,0.0017225742112714215,2019.0,0.33566446233059605,9.105319265818594,2.6835012554539937,-3.2809524296950503,3.2051920357952848,-0.9082666746290412,4.93279151349288,3.5709874932745014,"{""type"":""MultiPoint"",""coordinates"":[]}"
416,2020-03-22,-9.341532805405446,3,0.021478374341663782,2019.0,0.3311272632996014,8.892793478387922,2.71805241321862,-3.3573723056676616,1.4992731007989042,-0.1247438679411744,4.485848360814802,2.669111478329997,"{""type"":""MultiPoint"",""coordinates"":[]}"
417,2020-03-23,-10.250709190220745,3,0.02147683290773795,2019.0,0.32684648730150884,9.854336325129333,2.8415689491637837,-2.816993640595516,-0.15452715103341882,-0.9431858829008253,4.559603058948215,3.0834550598465666,"{""type"":""MultiPoint"",""coordinates"":[]}"
418,2020-03-24,-4.54574752622013,3,0.2363135470882669,2019.0,0.321937639047955,14.602679821935805,9.076249260931633,4.616211284185472,0.5414354311588729,4.729937760680839,6.881547206953238,4.8301585079035885,"{""type"":""MultiPoint"",""coordinates"":[]}"
419,2020-03-25,-0.09859274369059826,3,0.3732809721268231,2019.0,0.3183256479131821,16.404018037025455,10.311135119171315,4.15614659823599,3.704439553272004,5.783811272305786,10.086824575194788,7.516957837144304,"{""type"":""MultiPoint"",""coordinates"":[]}"
420,2020-03-26,-14.776950190840038,3,1.1553709421444365,2019.0,0.318598751861317,4.909293387210675,0.3092051036412039,-6.161409762736276,2.6585190863721566,-1.3757613282758505,5.329694051609208,3.2608454276489165,"{""type"":""MultiPoint"",""coordinates"":[]}"
421,2020-03-27,-19.993707840297585,3,1.155367061136627,2019.0,0.3151667080700308,6.57461471673353,0.07800508888461823,-5.313364465052192,4.107425352892011,-0.5291038134692929,8.220006630961418,4.307404779410605,"{""type"":""MultiPoint"",""coordinates"":[]}"
422,2020-03-28,-15.51573355714552,3,8.553266184208042E-4,2019.0,0.3116580190615171,7.165948486328148,2.5359740329007336,-0.7224357066177561,2.6190886356849488,3.1787161740153507,5.660696234327642,4.692040848489815,"{""type"":""MultiPoint"",""coordinates"":[]}"
423,2020-03-29,-8.577247356421422,3,8.702277796146518E-4,2019.0,0.309229535020813,13.824791804072094,7.012507473669009,2.2778190763246453,3.2275105406778697,5.83855323995377,7.872723119825191,6.707312257148712,"{""type"":""MultiPoint"",""coordinates"":[]}"
424,2020-03-30,-2.2104961823262244,3,0.06108509886526495,2019.0,0.3039555088563799,15.79315537067405,10.178056097124433,5.41403695072271,3.1937501886881003,5.931350107326679,7.606622071418768,6.788916899889983,"{""type"":""MultiPoint"",""coordinates"":[]}"
425,2020-03-31,-12.689901516291373,3,0.08340041784637416,2019.0,0.2981367925625383,12.501047416467147,5.544701986410942,-2.4599889171760223,2.093228131561134,-2.6405779575188455,5.247798970601283,3.7078284082162836,"{""type"":""MultiPoint"",""coordinates"":[]}"
426,2020-04-01,-12.299342683896787,4,0.0013987020137364496,2019.0,0.2914644208970556,11.897062801667802,5.794183368791119,0.4404896085306329,2.6960836761258586,1.4851794351894634,4.653651018583762,3.8202253323843887,"{""type"":""MultiPoint"",""coordinates"":[]}"
427,2020-04-02,-7.23633035509442,4,0.0021489639721039566,2019.0,0.2845300190823421,15.889698626648316,7.406564462219087,0.4876109609470697,1.269424619041901,0.577905504132491,4.799123999708552,3.649583443145703,"{""type"":""MultiPoint"",""coordinates"":[]}"
428,2020-04-03,-12.513853773820768,4,0.15033694364833342,2019.0,0.2789589583294413,17.258455851747946,5.672508188866339,-2.885695681241616,2.286394882995136,-3.494178764364265,9.359162272774194,6.210589538734882,"{""type"":""MultiPoint"",""coordinates"":[]}"
429,2020-04-04,-18.338663167185672,4,0.15033468644702103,2019.0,0.2750854339483877,5.125022346294717,-0.4431575813724061,-5.865117730520495,1.242500473096188,-3.7597137045154376,8.032991048676944,4.156587584859703,"{""type"":""MultiPoint"",""coordinates"":[]}"
430,2020-04-05,-14.259962963068007,4,0.001707440617337852,2019.0,0.2721488401724909,9.590276896690396,2.7552340352499973,-3.3625046622505788,0.20560629286520385,0.7815295512692717,2.762703899042044,1.8046612620068432,"{""type"":""MultiPoint"",""coordinates"":[]}"
431,2020-04-06,-7.845556829870312,4,8.52346317969932E-4,2019.0,0.2680647036849638,15.07256072890032,5.260549954769576,-3.8958307139892976,1.267673014388928,-1.2229365195522919,7.075117597348409,3.4235238105311017,"{""type"":""MultiPoint"",""coordinates"":[]}"
432,2020-04-07,-13.15760035791036,4,0.050015157476389835,2019.0,0.2653323206796266,8.145331761102847,2.447874108348885,-2.5319500556507077,1.6007681273899703,-3.7333571930950753,7.395727697243565,4.178534821103463,"{""type"":""MultiPoint"",""coordinates"":[]}"
433,2020-04-08,-3.975129526814359,4,0.17218097127485874,2019.0,0.2648669571359209,8.06780993720243,2.3953269358826526,-2.3228377130849944,0.6069714270640548,-3.567898376154508,6.184803518983146,3.6975618276432485,"{""type"":""MultiPoint"",""coordinates"":[]}"
434,2020-04-09,-4.31295853670582,4,0.1656884662830797,2019.0,0.26346696538264536,10.923980005117393,4.215878295105474,-2.494606778562579,-0.40389316241000045,-0.5193100872317878,4.929737148331335,2.787601566053347,"{""type"":""MultiPoint"",""coordinates"":[]}"
435,2020-04-10,-8.312386398233967,4,0.024762585019765148,2019.0,0.2595928135772281,13.873788434145515,6.62135732269161,-0.2565671654911094,1.8313797410066648,-0.8217091720434674,3.1258604996245345,2.5049207139423255,"{""type"":""MultiPoint"",""coordinates"":[]}"
436,2020-04-11,-6.797926372787601,4,0.019832589451185278,2019.0,0.2539525926565213,15.898028575254925,7.742115627622967,-1.3307055335894151,-1.2890894437775242,-3.0482283728907262,6.839466950457871,3.766160450537457,"{""type"":""MultiPoint"",""coordinates"":[]}"
437,2020-04-12,-4.166790146653272,4,0.0021457671550706436,2019.0,0.2487186295469528,16.29598046872945,8.229659722900069,0.3347675839785546,-1.038450984032183,0.022557111528256103,3.24470973838366,2.1631409932985908,"{""type"":""MultiPoint"",""coordinates"":[]}"
438,2020-04-13,-3.3565592312037036,4,0.0021264645511109848,2019.0,0.2428715154156068,21.036270364838217,13.078225899825023,5.728640528977414,2.092871305841939,2.7854469806613933,4.749325184148655,3.605716461289449,"{""type"":""MultiPoint"",""coordinates"":[]}"
439,2020-04-14,-2.597618044389129,4,0.055285563412110994,2019.0,0.23634197629029205,21.14710769331842,12.489910723601962,4.811541981313741,0.6396601999654576,-0.6485242528040442,4.422716002554896,3.053529674751572,"{""type"":""MultiPoint"",""coordinates"":[]}"
440,2020-04-15,2.6126964218248734,4,0.1288675478759948,2019.0,0.2346900120914181,18.637251989254388,11.993329898014052,7.366158800432163,-0.8649536052227851,1.1405168032805582,3.222658918859173,2.1867736661772477,"{""type"":""MultiPoint"",""coordinates"":[]}"
441,2020-04-16,1.6913011052714666,4,0.12370671843659008,2019.0,0.2310872664913193,20.66642067808138,13.639864311473328,7.145963723925166,0.8776635649472295,1.258539960869136,3.6691003971682044,2.190898416058567,"{""type"":""MultiPoint"",""coordinates"":[]}"
442,2020-04-17,4.673750533791886,4,1.9832441879509493,2019.0,0.24655216713622488,13.565593890639102,9.502756891958429,3.5199814544888866,1.2883226455841934,-0.177504897030547,2.783840221209204,1.8940703584048753,"{""type"":""MultiPoint"",""coordinates"":[]}"
443,2020-04-18,-2.0396434294640797,4,1.9832377942033879,2019.0,0.2429873701548121,20.744781611931412,13.796266099625615,8.027667685630432,0.10667909338967349,1.2979979096882082,3.8470879837713228,2.538616868748068,"{""type"":""MultiPoint"",""coordinates"":[]}"
444,2020-04-19,5.150749093188681,4,5.361301184313388,2019.0,0.2530412221733149,16.94447076882038,11.676725289971541,7.464955144046699,0.8224579387651721,5.380021633448995,6.918096767059172,5.590242538938109,"{""type"":""MultiPoint"",""coordinates"":[]}"
445,2020-04-20,-8.502668618933507,4,6.231496660279,2019.0,0.3157608776562965,6.965067467045772,2.054746303668747,-1.6228785710452704,5.6799517650337465,-0.7147300816150226,9.508340789917577,6.31931114446272,"{""type"":""MultiPoint"",""coordinates"":[]}"
446,2020-04-21,-5.727718369324095,4,2.5617160002870882,2019.0,0.3072561616810249,4.256267745768527,1.2067123404513327,-0.5459945300648689,5.054046365851616,-2.148453167632924,7.951136767269309,5.837429566534529,"{""type"":""MultiPoint"",""coordinates"":[]}"
447,2020-04-22,-7.073049531657254,4,2.654459392281174,2019.0,0.3030696100877628,5.66482511102784,1.495794024741555,-3.8917725962168155,2.3004272129168797,-2.6358197395892233,7.072834235382105,3.828941548048183,"{""type"":""MultiPoint"",""coordinates"":[]}"
448,2020-04-23,-9.270685745527285,4,0.5932994728122136,2019.0,0.30152969739699514,9.483700145912422,3.860809164916875,-1.5246365820921293,0.9501948029521182,0.23917274895970286,4.600516803294507,3.2405973880298378,"{""type"":""MultiPoint"",""coordinates"":[]}"
449,2020-04-24,-2.5505415493319674,4,0.7607899908822656,2019.0,0.30326190445689566,14.368091488222102,7.592254526710676,1.8724311168933863,-0.6962511149529188,0.09587482013249105,6.519699130174578,4.5350258330051725,"{""type"":""MultiPoint"",""coordinates"":[]}"
450,2020-04-25,-8.253481996554344,4,0.7607899908858187,2019.0,0.298679630155878,13.028298707155466,6.172702145936825,-2.244315732528019,0.13217413691337399,-3.9707938075916216,7.041305975760943,4.035881468678487,"{""type"":""MultiPoint"",""coordinates"":[]}"
451,2020-04-26,-6.489885994573462,4,0.08255361973204585,2019.0,0.2889132674634241,12.877451961896067,6.595042369475427,-1.7032265423160944,0.5939302671102337,-1.5255776056045027,4.671517748111463,2.67448575471334,"{""type"":""MultiPoint"",""coordinates"":[]}"
452,2020-04-27,-4.651096398838831,4,0.38154614869848646,2019.0,0.27828927321128366,17.669635865420318,12.111183861782287,8.613481071982706,3.1233038469086654,3.112073991826308,7.383381596677743,4.754059544155513,"{""type"":""MultiPoint"",""coordinates"":[]}"
453,2020-04-28,3.650666592189331,4,1.421187691467118,2019.0,0.2791158680005238,17.857043948769096,12.784849780920883,9.223532950888215,-1.1075177128659628,0.2836756066423005,5.762542580307493,3.6141217401231214,"{""type"":""MultiPoint"",""coordinates"":[]}"
454,2020-04-29,6.9033106463284835,4,1.9027954735534738,2019.0,0.28307324247726195,19.857319442823638,12.562211684327693,6.720017398414398,-1.9428363634807437,2.083051244960326,5.296617383391821,3.7305574718700516,"{""type"":""MultiPoint"",""coordinates"":[]}"
455,2020-04-30,9.72277510605663,4,2.5469320535549076,2019.0,0.29870771299527554,22.926651474968637,16.022595048380758,11.012469770983529,1.5452902804761064,3.843355319708799,5.5576758969838815,4.376716587760931,"{""type"":""MultiPoint"",""coordinates"":[]}"
456,2020-05-01,12.187015999830944,5,0.7954728843419661,2019.0,0.28270685676108775,27.463463573626218,20.560412180566427,14.859206355532317,3.546156419181472,5.1978723813298116,8.861371001536742,6.3410689149151125,"{""type"":""MultiPoint"",""coordinates"":[]}"
457,2020-05-02,13.401895980024854,5,0.6939030559544068,2019.0,0.2695413198663422,28.735503841254214,21.42525013427978,14.90964922073138,2.783373977315648,4.821061981669359,7.73248117130468,5.67649004204833,"{""type"":""MultiPoint"",""coordinates"":[]}"
458,2020-05-03,4.3180692804644245,5,5.458586044305049,2019.0,0.31433186712435945,16.936051441979,7.454685345582286,0.5175870230884096,1.3578898786018323,-2.08212265084785,7.172482176727796,4.260831490256921,"{""type"":""MultiPoint"",""coordinates"":[]}"
459,2020-05-04,-2.3196555299821373,5,5.4585853454599285,2019.0,0.30811659012813863,15.121261566589062,10.176695044795249,6.183824111421561,1.0594308813392896,1.2200088089614436,3.580669549493627,2.5660937228896943,"{""type"":""MultiPoint"",""coordinates"":[]}"
460,2020-05-05,2.255133276576731,5,0.38069054435020144,2019.0,0.29767205778270167,18.557984339220443,11.17811847628689,3.6266556141048425,-0.23964024709914472,-1.3326100049591367,4.134060121554058,2.1602079409931703,"{""type"":""MultiPoint"",""coordinates"":[]}"
461,2020-05-06,0.6079468616147399,5,0.34838156376241874,2019.0,0.2829751982314646,19.536892122557717,14.175351672009425,9.900359726273656,-1.9208586096087168,1.5795577896385422,4.0716562393316895,2.649670306541189,"{""type"":""MultiPoint"",""coordinates"":[]}"
462,2020-05-07,4.433037150991849,5,0.057766042912205294,2019.0,0.27008298324918456,23.099357133817485,18.624546479795768,14.90614305422599,2.3217035108513033,4.895069437151823,6.857714147044956,5.511806853565922,"{""type"":""MultiPoint"",""coordinates"":[]}"
463,2020-05-08,9.412048278140796,5,0.14119388913076855,2019.0,0.2638228558591192,17.654261457532318,13.35909396159303,10.07719730343123,1.8712618453990641,3.6886532314842135,6.031290457666924,4.216552629598861,"{""type"":""MultiPoint"",""coordinates"":[]}"
464,2020-05-09,8.961848460294506,5,0.18190140393872975,2019.0,0.2586417514036543,20.464259010982367,15.437150984905102,10.014345915354129,0.46915204774543784,1.2201902520369265,3.0011090741522564,1.9234963499704523,"{""type"":""MultiPoint"",""coordinates"":[]}"
465,2020-05-10,1.4606818368632164,5,0.16931882901928574,2019.0,0.24939430536222681,23.131338893440983,15.861896241011955,9.201771718752907,5.177686359260959,1.4053010820933924,9.9103011627491,6.039709376042993,"{""type"":""MultiPoint"",""coordinates"":[]}"
466,2020-05-11,1.6502124307155752,5,2.3001399667914444,2019.0,0.24742314038474128,22.53724095807319,14.354134144138206,7.638443769348572,4.417431830663324,1.6221900889227734,9.477297399423149,5.735423425658783,"{""type"":""MultiPoint"",""coordinates"":[]}"
467,2020-05-12,-4.595833093015313,5,2.329391024073723,2019.0,0.25358601544464476,17.531016308289267,12.26951795687631,5.443999513220736,2.577050315294985,-2.4594627942950007,7.281931130424505,4.088269498862596,"{""type"":""MultiPoint"",""coordinates"":[]}"
468,2020-05-13,2.411464692898129,5,0.08438798375498655,2019.0,0.2421947174698084,22.85029115148046,18.380366209184384,13.639633844305882,1.3397820164791774,3.6526251444154085,7.994908792149764,4.549265553576983,"{""type"":""MultiPoint"",""coordinates"":[]}"
469,2020-05-14,7.148059600130559,5,0.054190491325996334,2019.0,0.23146754207554304,27.509056817342017,20.469261250468353,14.023134823543106,3.87390741489397,7.217669009961428,11.746689728721266,8.221430216645384,"{""type"":""MultiPoint"",""coordinates"":[]}"
470,2020-05-15,8.865130172854679,5,0.9143121583475763,2019.0,0.23050382275401615,19.536967007128954,15.335481021524718,12.07809299280609,-0.15114104425621155,3.122739789713514,6.542042818061697,3.374958908279839,"{""type"":""MultiPoint"",""coordinates"":[]}"
471,2020-05-16,10.945966354435296,5,9.097937659652283,2019.0,0.2477069885062733,20.254502427580007,17.21790616804715,14.506140162694464,-0.6738734487683811,2.7210140874248006,4.307659209347981,3.017013751978628,"{""type"":""MultiPoint"",""coordinates"":[]}"
472,2020-05-17,6.695703989677602,5,9.604356940612815,2019.0,0.33558662473917666,21.6534567692299,13.974740061568967,6.3746310212370085,0.7170917454365435,0.5906103204439128,4.94936146558138,2.9969971907414967,"{""type"":""MultiPoint"",""coordinates"":[]}"
473,2020-05-18,7.552103498591659,5,0.789887143507503,2019.0,0.31209606264098205,19.142983885340268,14.684461912130212,10.472536493838613,-4.696655423783595,-3.2715411274089834,7.080823821945884,5.77971124136059,"{""type"":""MultiPoint"",""coordinates"":[]}"
474,2020-05-19,4.281694460475102,5,0.4897083206199263,2019.0,0.2989813099350045,15.306078680293417,11.002283401742185,8.022461799841501,-4.322344493903475,-0.6045839128832354,6.083253933364624,4.4463548944221225,"{""type"":""MultiPoint"",""coordinates"":[]}"
475,2020-05-20,7.346374521598969,5,1.715859445461189,2019.0,0.29104441316939933,17.66334967768338,12.714498858867389,8.298435922426924,-1.7456663932095187,1.1494845691119182,3.3598598185391184,2.3755716659324775,"{""type"":""MultiPoint"",""coordinates"":[]}"
476,2020-05-21,10.162746911793947,5,2.249328197821712,2019.0,0.2978276584890362,22.376723260202827,16.56919777267564,11.759013650117176,0.1309983366908328,2.8666965008666074,4.523771343216401,3.244119093692384,"{""type"":""MultiPoint"",""coordinates"":[]}"
477,2020-05-22,11.796557161412748,5,12.513927056739973,2019.0,0.3689678990912577,14.944084420293402,13.293398257629093,12.106180323940437,-2.1722890533579293,2.2969961692874468,4.786850330355822,3.457782947873175,"{""type"":""MultiPoint"",""coordinates"":[]}"
478,2020-05-23,11.761901667102164,5,13.156998994859586,2019.0,0.39435335408235467,17.249533153323718,13.43188986176824,10.231341240768934,0.34710182697024605,0.05937152305636033,2.7270221763597595,1.608596602079155,"{""type"":""MultiPoint"",""coordinates"":[]}"
479,2020-05-24,6.763538754110286,5,7.230966420523661,2019.0,0.3544937562216494,22.56249326895289,15.54711318188315,8.605138333563522,2.5826756438617466,-0.5974937834105566,4.958426444926993,3.1880820140019908,"{""type"":""MultiPoint"",""coordinates"":[]}"
480,2020-05-25,4.015924231184576,5,0.1950964533438393,2019.0,0.3291953529050575,20.669645043068854,14.405356013747438,6.998712794736151,2.415893141262532,-1.3559240792010487,6.353300303097076,3.485311420055631,"{""type"":""MultiPoint"",""coordinates"":[]}"
481,2020-05-26,4.3035817637578555,5,0.041335555324194105,2019.0,0.31275215059982614,20.48008958027938,15.319017196300388,9.960394063615592,1.9261955263588002,-0.2618091462321401,4.344987538917682,3.1997897906196653,"{""type"":""MultiPoint"",""coordinates"":[]}"
482,2020-05-27,8.627751527721232,5,1.4682162185299714,2019.0,0.3105150027532004,22.76486517711535,15.997116344680617,10.244949587203614,1.5100945340320566,2.494277669094983,4.579105810770047,3.090102127049736,"{""type"":""MultiPoint"",""coordinates"":[]}"
483,2020-05-28,8.774780168870368,5,1.4682124813097022,2019.0,0.299520527809495,24.286598736139204,18.363617870747266,12.89651882956691,0.6401113898802746,3.087217762347146,3.784395062951135,3.2159038842897676,"{""type"":""MultiPoint"",""coordinates"":[]}"
484,2020-05-29,8.946808018018142,5,0.038331984443826746,2019.0,0.28161746300005563,27.337086429978534,21.736993457818432,16.76339331092754,1.384651907200666,5.706823961327163,6.743111884922016,5.903693267315655,"{""type"":""MultiPoint"",""coordinates"":[]}"
485,2020-05-30,12.6024736347517,5,0.025776957375715823,2019.0,0.264912899333886,28.573522081476415,22.616991513010802,17.152019986940793,2.665733891528968,6.070850054155118,8.303122012611656,6.650600250957855,"{""type"":""MultiPoint"",""coordinates"":[]}"
486,2020-05-31,13.003870682293384,5,11.055915638078643,2019.0,0.31600200101842896,23.888533406054318,17.414749027438468,13.140188385426429,1.8639194897449622,3.904738411065388,6.96379723950998,4.833133975539891,"{""type"":""MultiPoint"",""coordinates"":[]}"
487,2020-10-01,7.396672077244349,10,0.9077130648130597,2020.0,0.3596777845496603,14.205413640387347,12.04059889158098,9.261705020947645,0.6279271108272727,3.670991925826483,4.785929582826589,3.8305475830311093,"{""type"":""MultiPoint"",""coordinates"":[]}"
488,2020-10-02,2.707556730195717,10,0.915029612817994,2020.0,0.3549417881183636,16.206923285773193,11.477321975834915,6.010700283825331,4.175491839340883,1.9181415415512089,7.171539258092684,4.659769032769873,"{""type"":""MultiPoint"",""coordinates"":[]}"
489,2020-10-03,2.585850378799825,10,0.8499517521856248,2020.0,0.3470656028844862,16.50505471190175,11.607461598538473,5.692296791301722,3.1851636205163474,2.419685483682062,5.743625936822696,4.59491423044312,"{""type"":""MultiPoint"",""coordinates"":[]}"
490,2020-10-04,0.7998545029798666,10,0.849954371756015,2020.0,0.34628952315057404,11.60899973049067,8.862891880213095,6.176883120257945,4.833654962528209,-1.1805027322733268,7.422997694810727,5.1176646816468905,"{""type"":""MultiPoint"",""coordinates"":[]}"
491,2020-10-05,0.48086536741170577,10,0.3518513379502053,2020.0,0.3407783144491096,12.729827380120105,8.324019703687458,3.7307729762540665,2.6697011696126296,-1.1697908077114616,5.788863325209862,3.3590081727560985,"{""type"":""MultiPoint"",""coordinates"":[]}"
492,2020-10-06,0.9879068379884886,10,8.597968985668558E-4,2020.0,0.3348006700637589,14.211424460090422,8.496420630077784,3.35175014427055,0.6210675904225605,0.5332009794471091,3.497619461110731,2.2955818380307766,"{""type"":""MultiPoint"",""coordinates"":[]}"
493,2020-10-07,4.176061523753002,10,0.03063045771573989,2020.0,0.330406576939209,16.762205150712937,10.318809741944111,4.9537593515570935,-0.0015887886200388367,0.9829315340474077,3.110502587078948,2.1120512180868785,"{""type"":""MultiPoint"",""coordinates"":[]}"
494,2020-10-08,8.530706887240111,10,0.031212905641976468,2020.0,0.3262718268623313,19.59749355679439,15.261394247533772,11.555313058400204,0.8707506731792987,4.073448762182936,5.248261535542461,4.247909520266946,"{""type"":""MultiPoint"",""coordinates"":[]}"
495,2020-10-09,7.798935418766867,10,0.8502608506578018,2020.0,0.32527669806635523,19.935553427560755,15.13375001390088,11.829046993747506,1.6519950482207573,4.983689738040601,6.463714648867086,5.271411246557403,"{""type"":""MultiPoint"",""coordinates"":[]}"
496,2020-10-10,11.037773454469955,10,0.8565625572555928,2020.0,0.32313824048222606,20.212214073491086,15.917419376391535,13.368950374416194,2.4009001987075145,4.416647747350723,6.186520288623841,5.126027149463982,"{""type"":""MultiPoint"",""coordinates"":[]}"
497,2020-10-11,-0.15451605558004888,10,1.2371780208567857,2020.0,0.3305948901909163,13.581675455828634,6.6824456715612195,0.8846548188783769,2.6809088847725455,-1.418914783449011,6.662852057891378,3.2491315926442486,"{""type"":""MultiPoint"",""coordinates"":[]}"
498,2020-10-12,-3.6669684241156593,10,1.237172659905172,2020.0,0.3255427852026017,11.682678489614357,7.30804317833784,3.9400065571386413,1.731559622467914,2.076654644801153,5.5203671436769,3.230216629017428,"{""type"":""MultiPoint"",""coordinates"":[]}"
499,2020-10-13,-8.866191976403517,10,0.003014851245097816,2020.0,0.31946515803913367,9.597040462317107,4.228091670360554,-1.6729714935472257,4.601707124637753,-0.8339239496201295,8.498754235388231,4.834494904245744,"{""type"":""MultiPoint"",""coordinates"":[]}"
500,2020-10-14,-8.713385457910555,10,4.351138045421976E-4,2020.0,0.31515810683748896,7.6685023364542,3.6373004795668145,1.5739546487288625,2.1244965456892877,1.6977287117594637,4.663381453478738,3.6247851552995947,"{""type"":""MultiPoint"",""coordinates"":[]}"
501,2020-10-15,-1.4302608898699962,10,2.3689907758086854E-4,2020.0,0.31174156605390335,12.09872398151431,6.4337251513290825,1.9220040433708057,2.3418928070532905,2.1737251833748497,4.561973586717418,3.3857321131429345,"{""type"":""MultiPoint"",""coordinates"":[]}"
502,2020-10-16,-3.45367802820804,10,0.0010031061708172654,2020.0,0.3084603266284951,11.663512712430766,7.334578855480154,4.620087644138871,2.383166604714754,2.17499635612585,5.90588155763163,4.081314680383491,"{""type"":""MultiPoint"",""coordinates"":[]}"
503,2020-10-17,-1.1829658974019825,10,0.001275539318612573,2020.0,0.3042855469843894,15.657107806788463,8.66629956053233,1.4926675816762345,3.1211437043383397,0.5102942453099676,6.316476645502575,3.8868189622004334,"{""type"":""MultiPoint"",""coordinates"":[]}"
504,2020-10-18,-2.3637889233028555,10,0.0012814997489840607,2020.0,0.30140575263411684,12.43388487524758,8.160382045100985,5.246836155284326,1.6187631408916023,1.904762063503829,4.508703569122306,3.0848744307392355,"{""type"":""MultiPoint"",""coordinates"":[]}"
505,2020-10-19,3.2806615641615773,10,0.0013062991119499575,2020.0,0.29788128441187434,16.62110494475092,11.342435367665054,8.287947368252148,1.9116547515575952,3.8066537311769775,5.302660803982677,4.381217829249501,"{""type"":""MultiPoint"",""coordinates"":[]}"
506,2020-10-20,6.742500130632885,10,2.330073938288578,2020.0,0.2968290294580992,19.287262654204078,15.228163552189166,11.344262183514275,2.6798955074112913,6.9116149239074245,8.402099453773575,7.447720409474437,"{""type"":""MultiPoint"",""coordinates"":[]}"
507,2020-10-21,-2.7953203782853464,10,6.016139427116301,2020.0,0.3708844438042026,12.267871721795919,6.192903162496916,-0.34648786397237613,3.3315183804660626,0.13169853292400163,6.001481265823396,3.5836065911900272,"{""type"":""MultiPoint"",""coordinates"":[]}"
508,2020-10-22,-7.220896516027603,10,4.807162921432453,2020.0,0.35044058443917425,7.695354037443204,2.0550888678339154,-2.7161877995897,1.7870477746796014,-2.1155583287123942,4.057180032379005,2.8146589957761092,"{""type"":""MultiPoint"",""coordinates"":[]}"
509,2020-10-23,-8.15574784927456,10,8.70227722771233E-4,2020.0,0.33920869420596655,6.480179632338976,1.2375300883577343,-3.490135570161541,2.255365961843331,-2.07456639210986,5.411645776678488,3.2040082019055816,"{""type"":""MultiPoint"",""coordinates"":[]}"
510,2020-10-24,-4.347919875478794,10,8.70227722771233E-4,2020.0,0.3320418078213961,9.217985853834643,3.7859186975010095,-0.5046390864572793,2.5120637689964775,0.8314711511305893,4.391491579042866,3.0304078013059734,"{""type"":""MultiPoint"",""coordinates"":[]}"
511,2020-10-25,-0.26785597377654446,10,0.0012874602361989673,2020.0,0.3270077804238807,12.679030269518027,5.149339865813073,-0.49702595373678976,-1.0947074752301609,-0.6138779335433471,2.592978451373146,1.8895969079331323,"{""type"":""MultiPoint"",""coordinates"":[]}"
512,2020-10-26,2.1952721519734104,10,0.0012830606124225596,2020.0,0.3230930419241193,15.018384222162155,8.56786925329094,1.7873303247346242,1.7219640717987839,0.5826992822755649,5.330415955361383,3.045456420740626,"{""type"":""MultiPoint"",""coordinates"":[]}"
513,2020-10-27,-8.613477301821272,10,4.3669416210209146E-4,2020.0,0.3184346651199113,9.162614318755093,3.5349679863850314,-1.727357125165728,3.1781579941415727,-0.21124493029621383,4.760298277604003,3.252270804317472,"{""type"":""MultiPoint"",""coordinates"":[]}"
514,2020-10-28,-8.67730641508912,10,0.0,2020.0,0.3146757627043862,7.226426476884151,1.4612563300785326,-3.35470697996728,2.447622581669251,-0.34477063223005483,4.5441073537495935,2.8013730915163193,"{""type"":""MultiPoint"",""coordinates"":[]}"
515,2020-10-29,-5.8004111901596,10,8.583068797918258E-4,2020.0,0.31241837450142457,7.898384399774148,1.5711422655808946,-2.871850341354495,-1.0963830082555444,-0.608455546431759,2.4188758996277726,1.9656415650255419,"{""type"":""MultiPoint"",""coordinates"":[]}"
516,2020-10-30,-3.4933549996607316,10,0.0034405547921778634,2020.0,0.3100351187558488,10.534519250980045,6.495658225998209,1.019413083242224,0.25524227916809267,4.349107463993821,8.279091112997795,4.486612011871232,"{""type"":""MultiPoint"",""coordinates"":[]}"
517,2020-10-31,-1.0717163442567208,10,0.5790905175454916,2020.0,0.3111049582552486,13.51562681778397,8.225163134406618,3.1350147519287885,3.738045276714931,3.762647801312485,9.226912016890592,5.736325641397144,"{""type"":""MultiPoint"",""coordinates"":[]}"
518,2020-11-01,-8.735287900177006,11,0.5790905175454916,2020.0,0.3083090523105169,9.083379566546927,3.5279421331561354,-1.9654259120234325,4.111611037128689,0.27581876159698837,6.78917639436095,4.421230408119614,"{""type"":""MultiPoint"",""coordinates"":[]}"
519,2020-11-02,-13.417542078693387,11,0.06963016052818283,2020.0,0.3056970689328739,4.6975041957683805,0.08431968496078178,-4.742071893262175,4.713161280760773,-1.3386047118312496,7.594542857727219,4.958813522763553,"{""type"":""MultiPoint"",""coordinates"":[]}"
520,2020-11-03,-15.945795536260919,11,0.06861909277573619,2020.0,0.3038588498199823,0.43176890581712907,-3.2522621489982777,-6.425676254717371,3.444962717822526,-0.019916184973640397,5.662321242286753,3.7374429492758883,"{""type"":""MultiPoint"",""coordinates"":[]}"
521,2020-11-04,-6.087576745305057,11,0.0017106532368416083,2020.0,0.3030676812534622,5.933933267186735,2.127208390078669,-3.881578377473399,1.9067930984620307,3.714094207557283,5.217431629450574,4.227732865558072,"{""type"":""MultiPoint"",""coordinates"":[]}"
522,2020-11-05,1.7945736496775133,11,0.0017285345847994904,2020.0,0.30181470494088436,11.109810439495122,7.948319278847587,3.1180448207087124,3.0622786123957955,4.413187671976215,8.325122648503529,5.485104519910358,"{""type"":""MultiPoint"",""coordinates"":[]}"
523,2020-11-06,-5.255591856125269,11,0.003458577251350599,2020.0,0.2990068783083086,13.087334252207539,6.741462276220224,-1.6977495654806907,3.397242067422658,1.8415281737384532,6.51786868324678,4.152986561020981,"{""type"":""MultiPoint"",""coordinates"":[]}"
524,2020-11-07,-10.580845925979256,11,0.17779448311808552,2020.0,0.2974069951538211,9.567760092167743,2.9616413356709024,-2.5596950001847403,3.6208330307979866,-0.25336976156883606,9.20993773256489,4.308450676619384,"{""type"":""MultiPoint"",""coordinates"":[]}"
525,2020-11-08,-14.322806651774808,11,0.17779448311808552,2020.0,0.29582541098359727,2.72629428376805,-1.8132296525063538,-5.413971671755892,3.483117271872129,-1.2570427109320594,6.668029198087539,3.8939618431756107,"{""type"":""MultiPoint"",""coordinates"":[]}"
526,2020-11-09,-13.309617073864482,11,0.002139806667855737,2020.0,0.29533072566509233,1.2240205415963517,-3.3641713066793133,-6.521087455395861,0.7714079696078323,-0.4060816336323743,3.4094119411097514,2.367566300517522,"{""type"":""MultiPoint"",""coordinates"":[]}"
527,2020-11-10,-5.452864819900694,11,0.002139806667855737,2020.0,0.2956195222949024,6.4919072732261816,2.0800151488681946,-2.692069301865602,1.7340458850055829,3.6701204163605308,4.868735509858151,4.108265729947953,"{""type"":""MultiPoint"",""coordinates"":[]}"
528,2020-11-11,3.170424583281204,11,0.001840177793085532,2020.0,0.2945953663081708,12.295088545829659,9.179767362945151,3.882388812833007,2.74646229799949,6.430209469792551,8.165911257660145,7.005682013519057,"{""type"":""MultiPoint"",""coordinates"":[]}"
529,2020-11-12,-2.0734877112233217,11,0.00290705446204063,2020.0,0.2922920435156353,13.349810001971917,6.461320021742035,-2.076164838931359,3.8653112364669937,-0.1705070555936796,9.366592580258647,4.777517799334899,"{""type"":""MultiPoint"",""coordinates"":[]}"
530,2020-11-13,-5.001732490852862,11,0.0028391027188888855,2020.0,0.29118136603066463,7.741704667986885,1.6719948824392956,-2.2192453093458604,0.538685939185934,1.8231269888907613,2.990470304555842,2.2787706223461925,"{""type"":""MultiPoint"",""coordinates"":[]}"
531,2020-11-14,-3.315419677943531,11,8.523463748133508E-4,2020.0,0.2899203819936297,10.28363118071232,6.60878688746462,0.026425848323883984,1.7403652356832147,4.503798062040926,6.0149238088137915,4.9004380963124765,"{""type"":""MultiPoint"",""coordinates"":[]}"
532,2020-11-15,-1.2966517338853518,11,0.004147617252099447,2020.0,0.2889355648715241,10.577626464267677,3.6649688086742223,-3.396911302698635,0.7693417891671639,-1.0383214435990495,5.9435562491067255,3.4341180339081796,"{""type"":""MultiPoint"",""coordinates"":[]}"
533,2020-11-16,-3.2551491765709444,11,0.00544893410162971,2020.0,0.2885158942170249,7.3750085380293395,3.1458265059489756,-1.5593490335685114,-1.5906853891502677,1.3796969795101146,5.0108317537336085,2.926027264318757,"{""type"":""MultiPoint"",""coordinates"":[]}"
534,2020-11-17,6.190722264021389,11,2.3776872354086986,2020.0,0.2978650753776293,12.030794995409378,8.111745107502797,2.4152681444259305,1.138272602629532,1.3162823114323348,7.293208028735625,4.421473112626474,"{""type"":""MultiPoint"",""coordinates"":[]}"
535,2020-11-18,-1.2960614757622293,11,32.870757913797185,2020.0,0.3902372334189507,2.313482254776752,-0.2422312063275514,-3.5853366313646724,-4.352861046288762,-5.725620028068326,9.401231515446062,7.261066402251856,"{""type"":""MultiPoint"",""coordinates"":[]}"
536,2020-11-19,-9.136889700238838,11,33.231581653302456,2020.0,0.40645758016262584,-3.85087324715012,-5.637056221022425,-7.068562826892466,0.5004516430963085,-6.300879856784522,8.381728451489726,6.450823823560886,"{""type"":""MultiPoint"",""coordinates"":[]}"
537,2020-11-20,-13.736802382356371,11,8.972863521198992,2020.0,0.3955844195145317,-2.05349021151637,-6.9075350471598,-11.81328304026512,1.1418748099359615,-0.3451470984080595,4.399893785469406,2.376706057919174,"{""type"":""MultiPoint"",""coordinates"":[]}"
538,2020-11-21,-13.509190436720642,11,0.49382426360612025,2020.0,0.38991494759849465,-1.9835969720142943,-7.203882755652656,-13.530019177157607,1.4853793124454984,-1.6339207826166242,2.8353205497072045,2.3038884622660305,"{""type"":""MultiPoint"",""coordinates"":[]}"
539,2020-11-22,-17.968055802767523,11,0.49382426360612025,2020.0,0.3856772858879931,-5.673334818868458,-11.019879508006424,-14.806941094809178,2.277549337728606,0.9674123213648687,4.067754732014216,3.1529865471985468,"{""type"":""MultiPoint"",""coordinates"":[]}"
540,2020-11-23,-14.41213046726037,11,0.0,2020.0,0.3822837663812646,-1.1821440832541943,-7.859548163209036,-12.57542974876146,2.467056916305085,2.0113020386278744,5.558576080230031,3.4072902659006545,"{""type"":""MultiPoint"",""coordinates"":[]}"
541,2020-11-24,-10.536637821044254,11,0.001725862854435905,2020.0,0.3794471752081664,-0.5345144220734833,-5.0549551334934915,-10.401124503056737,1.7962476787248884,2.5429560196949565,3.7201190892977003,3.1440477614399382,"{""type"":""MultiPoint"",""coordinates"":[]}"
542,2020-11-25,-8.864499317814058,11,0.05078317360175477,2020.0,0.3769751880482226,-0.447792201618408,-5.350039834492346,-10.553921416973978,1.4461612259915015,-1.0599482528841477,3.9034734919762695,2.5936394304313026,"{""type"":""MultiPoint"",""coordinates"":[]}"
543,2020-11-26,-12.916249511421256,11,0.05078298011274028,2020.0,0.3748210858438746,-2.5918597418281597,-7.677413187284676,-12.90577707706966,0.731089964777749,-1.64024512409742,2.5070440931278695,1.9012801773687076,"{""type"":""MultiPoint"",""coordinates"":[]}"
544,2020-11-27,-18.214816921719976,11,0.002113372946436523,2020.0,0.37287612020035094,-5.1496683367303495,-11.518782235702835,-15.928599672045836,2.3898898882908512,-0.8734654886775212,3.9522400738645147,2.6758050883631967,"{""type"":""MultiPoint"",""coordinates"":[]}"
545,2020-11-28,-17.42480688405321,11,4.351138045421976E-4,2020.0,0.37122509161925965,-5.835494540413998,-11.164732167415234,-14.478738922576909,1.8941633408508574,0.5789977861084336,3.1812427627552435,2.2491566271343575,"{""type"":""MultiPoint"",""coordinates"":[]}"
546,2020-11-29,-17.182045010321783,11,4.351138045421976E-4,2020.0,0.3697991321057281,-5.304313091803355,-12.050157883137912,-15.783795409827034,2.5451304793619056,0.506866184591785,3.265382693050047,2.7223397674812735,"{""type"":""MultiPoint"",""coordinates"":[]}"
547,2020-11-30,-16.87861473200942,11,4.351138045421976E-4,2020.0,0.36854338564225225,-5.812109107527528,-11.75730906142042,-16.17573852436186,2.893286219955369,0.8276505122942113,4.571445508371292,3.103339206289769,"{""type"":""MultiPoint"",""coordinates"":[]}"
548,2020-12-01,-17.51475504946925,12,4.351138045421976E-4,2020.0,0.36744262799901095,-5.879375865273364,-12.634531381370103,-17.14057252447659,2.2379964995674895,1.5625171790237384,3.7047462308957506,2.7665361512537494,"{""type"":""MultiPoint"",""coordinates"":[]}"
549,2020-12-02,-17.17207888803545,12,0.0021576879589702003,2020.0,0.3664874270750076,-6.5726356839402085,-12.231427408326917,-17.04522360244407,2.8422850168945484,1.0841820534310105,3.767834781222047,3.0873376505643395,"{""type"":""MultiPoint"",""coordinates"":[]}"
550,2020-12-03,-15.252184332517476,12,0.002133845555363223,2020.0,0.36568379966092457,-5.389342562689762,-10.421633403878149,-15.444795363101655,3.017057580528343,1.7838951480329042,4.685945040334238,3.58481189959278,"{""type"":""MultiPoint"",""coordinates"":[]}"
551,2020-12-04,-15.88960841326935,12,8.553265615773853E-4,2020.0,0.3650162280680819,-6.499630862810973,-10.308979319877782,-14.597468952929274,2.662266273044175,2.4938084190163345,4.476289871953417,3.6664106175000994,"{""type"":""MultiPoint"",""coordinates"":[]}"
552,2020-12-05,-15.79845427500208,12,0.0028529441996359654,2020.0,0.36446851831827637,-5.46595651050169,-10.899599995375448,-14.676870018994233,1.9877628136956365,2.2837845996575608,3.866111310475426,3.0729216803114943,"{""type"":""MultiPoint"",""coordinates"":[]}"
553,2020-12-06,-16.48249527312736,12,0.0032805534730401802,2020.0,0.36400139284265187,-6.134903404689751,-11.894591390988108,-17.331163004070344,2.915290078753012,1.1094036737287496,4.087062275555914,3.1717535169074322,"{""type"":""MultiPoint"",""coordinates"":[]}"
554,2020-12-07,-18.288385158675748,12,0.0013674774260673092,2020.0,0.3636415193734446,-8.819237180240778,-13.179012151538407,-17.31014534792568,2.7826163742380055,1.688063874560278,4.156752216287415,3.3882357861743273,"{""type"":""MultiPoint"",""coordinates"":[]}"
555,2020-12-08,-17.309896883805653,12,1.554889580903278E-4,2020.0,0.3633650825213728,-8.015990844963152,-10.948245772209514,-16.1119787162499,1.81312952835149,2.9660399931121066,4.1010080694131235,3.5462050737126196,"{""type"":""MultiPoint"",""coordinates"":[]}"
556,2020-12-09,-12.670262609700721,12,9.620019368517145E-4,2020.0,0.36309925471338583,-1.6572014308911864,-7.543947519983566,-13.405764267968202,2.6610388222943073,2.536110310870897,4.992540262128986,3.734374043843802,"{""type"":""MultiPoint"",""coordinates"":[]}"
557,2020-12-10,-14.848315712955378,12,9.375771428423014E-4,2020.0,0.3628500066075982,-3.3548373856472753,-9.189325641563695,-15.309329474645406,2.6774662970907217,0.8672643106997339,4.854193648266734,3.2366913879536994,"{""type"":""MultiPoint"",""coordinates"":[]}"
558,2020-12-11,-18.406986464802543,12,0.001714150413992994,2020.0,0.3626412363211502,-7.523794616102529,-14.035362658770435,-18.851710230179368,1.4222519209802982,-0.14840232074860144,2.341173660939926,1.6739600739251395,"{""type"":""MultiPoint"",""coordinates"":[]}"
559,2020-12-12,-21.727288243829385,12,0.009912239114759016,2020.0,0.36249920496599586,-9.34892450715524,-16.435205924113777,-21.881361084395856,1.6113429602910125,-0.7108337022835065,2.920384276675392,1.9491435025450436,"{""type"":""MultiPoint"",""coordinates"":[]}"
560,2020-12-13,-23.666139577564145,12,0.00998899478746535,2020.0,0.36244067339905467,-13.54979222225494,-17.96356667971314,-20.93622255207975,2.8550004204696977,-0.2082500663176837,3.7612892406236136,3.128539282843848,"{""type"":""MultiPoint"",""coordinates"":[]}"
561,2020-12-14,-24.72053861195292,12,0.004555606357540183,2020.0,0.3624353900144084,-13.61526222479758,-18.76228130959319,-22.879965769338405,3.1690835114295353,-0.15563442521674214,4.5040508132066,3.279735336052656,"{""type"":""MultiPoint"",""coordinates"":[]}"
562,2020-12-15,-26.2112058547904,12,0.0046410877348914414,2020.0,0.36243573394583367,-15.295920237019251,-21.095282173274605,-26.096390164515302,2.383145032468034,0.5000159678763773,3.4008031217310095,2.570069652345998,"{""type"":""MultiPoint"",""coordinates"":[]}"
563,2020-12-16,-24.537870207443163,12,0.003657294398852817,2020.0,0.36243844071133274,-14.939270697728208,-17.760005628246212,-25.801877416922217,2.1312246197789935,2.073309759603698,3.9890633325124574,3.091297433660009,"{""type"":""MultiPoint"",""coordinates"":[]}"
564,2020-12-17,-18.973219750461837,12,0.002601917424854479,2020.0,0.3624434367988451,-9.293580465157621,-13.310695798303675,-17.387689126427954,2.964193478388241,0.3463737546704422,4.274170426998753,3.3091266570563214,"{""type"":""MultiPoint"",""coordinates"":[]}"
565,2020-12-18,-22.32252834893804,12,8.52346317969932E-4,2020.0,0.36244870732423884,-10.897566625639117,-15.410686474145393,-20.258349898965353,3.604326432444715,-0.2136964386678478,5.337316909931125,3.811531767348496,"{""type"":""MultiPoint"",""coordinates"":[]}"
566,2020-12-19,-21.46770545961186,12,8.52346317969932E-4,2020.0,0.36245090229148674,-11.67446708377005,-16.213434320498358,-20.124165059534413,2.169019734138143,1.533373116589616,3.177054885368467,2.7587007700732227,"{""type"":""MultiPoint"",""coordinates"":[]}"
567,2020-12-20,-16.861280891336573,12,8.583068797918258E-4,2020.0,0.3624527749737179,-8.168091641247164,-11.616023929333817,-17.594450639460778,2.533676430210451,2.7865626451252394,4.403790240107575,3.7934596101071785,"{""type"":""MultiPoint"",""coordinates"":[]}"
568,2020-12-21,-12.12067019277571,12,0.002164310680402906,2020.0,0.3624571606753764,-4.083456303879218,-7.366125781579348,-12.153288380918447,2.5721911557960193,3.463870260707314,5.135042279873044,4.3675710405294135,"{""type"":""MultiPoint"",""coordinates"":[]}"
569,2020-12-22,-7.943516428137459,12,0.0021641364220352953,2020.0,0.36238399645781094,-1.1134953840735486,-4.824503925978643,-8.217541778579864,2.2459024769770015,3.3731042825209254,5.380129030841257,4.121293805216559,"{""type"":""MultiPoint"",""coordinates"":[]}"
570,2020-12-23,-12.358612090530348,12,0.02909844799119839,2020.0,0.36221513405791367,-1.6730673129815925,-7.310256898405157,-15.199683422176689,3.845910889157099,0.9664280633657423,6.340036783805946,4.190481792230989,"{""type"":""MultiPoint"",""coordinates"":[]}"
571,2020-12-24,-17.777736880261003,12,0.03078391675154367,2020.0,0.3621600515568242,-7.666188172250844,-12.688424639495807,-16.967668010146486,2.6373894782580454,0.9196805876020278,3.6596562007866136,2.9124729063660952,"{""type"":""MultiPoint"",""coordinates"":[]}"
572,2020-12-25,-19.587266154063926,12,0.003275595483301657,2020.0,0.36216159927502767,-8.36000828269598,-13.451007838816869,-17.562565953048775,2.4276996154357593,1.2957376592299523,3.8555736089638133,3.059390130700257,"{""type"":""MultiPoint"",""coordinates"":[]}"
573,2020-12-26,-18.323551036076644,12,0.04065198910593057,2020.0,0.36217234237682056,-4.018611170995199,-8.785064177623209,-16.35628717507033,0.7135413672604032,1.9106139000818112,3.1822512027946894,2.525689428919937,"{""type"":""MultiPoint"",""coordinates"":[]}"
574,2020-12-27,-19.699162502857824,12,0.04252333811050894,2020.0,0.3621851765002366,-7.2233722845579145,-13.175589836361054,-18.230014260808172,-0.6456341306522555,-2.574485290799962,3.51882211687902,2.865007289305403,"{""type"":""MultiPoint"",""coordinates"":[]}"
575,2020-12-28,-22.857413063068577,12,0.012183652185762244,2020.0,0.36219083526789664,-10.20057630437672,-15.787233425080139,-21.300319785949604,-0.14635967699300914,-2.2790720220750442,3.685511884218855,2.752342438126161,"{""type"":""MultiPoint"",""coordinates"":[]}"
576,2020-12-29,-28.87734430033314,12,0.00968587171297351,2020.0,0.36219963206823746,-17.101328536701807,-21.021917874848288,-23.975791475163234,3.02330686756852,-0.8963598306744721,4.432892696186843,3.3215863582060945,"{""type"":""MultiPoint"",""coordinates"":[]}"
577,2020-12-30,-25.52371205144989,12,0.002074929593546387,2020.0,0.3622027188782292,-15.277849170576136,-18.790408475155616,-23.62032211049096,3.5461101205745873,0.3619658936274925,4.678837262041266,3.6708325003549196,"{""type"":""MultiPoint"",""coordinates"":[]}"
578,2020-12-31,-24.489930540203012,12,0.007011722318305958,2020.0,0.36220747776611245,-12.904528164602366,-17.783035195035207,-22.886188000296922,3.328115027964441,-0.41230095380530946,5.537456181271953,3.5797054232497643,"{""type"":""MultiPoint"",""coordinates"":[]}"
579,2021-01-01,-27.072935374392966,1,0.007010533457802983,2020.0,0.3622087933212273,-14.893180499196575,-20.106241040787282,-24.05490279140629,0.8799559672807497,-0.02085206497786484,2.2597674605084155,1.5583212033069915,"{""type"":""MultiPoint"",""coordinates"":[]}"
580,2021-01-02,-25.189333855839898,1,1.3929433692431913E-4,2020.0,0.3622083724486078,-14.75792985148117,-19.073006860263757,-23.224191460094254,2.3834885886307684,1.398572832173501,3.618045477874926,2.877249888103314,"{""type"":""MultiPoint"",""coordinates"":[]}"
581,2021-01-03,-23.613527566174763,1,0.0015668667643449548,2020.0,0.36221012543262987,-13.15800815609921,-17.67037710291299,-21.509267576376125,2.863283248562259,1.3796245515584293,4.499887847227676,3.242452285254197,"{""type"":""MultiPoint"",""coordinates"":[]}"
582,2021-01-04,-25.318803454369668,1,0.001546488364886467,2020.0,0.36221352193628686,-13.774368088614677,-18.78447508701305,-23.377318991823888,2.8292532878562615,0.5887529290762571,4.1849514355662745,2.9639461098274786,"{""type"":""MultiPoint"",""coordinates"":[]}"
583,2021-01-05,-26.073431278179235,1,0.024028843395301015,2020.0,0.36222085621097244,-14.962597858911803,-18.837822931837138,-23.249808737135798,2.088110757936313,1.315980286087587,3.166412906835395,2.650442832426528,"{""type"":""MultiPoint"",""coordinates"":[]}"
584,2021-01-06,-27.040598309013934,1,0.2822292633635564,2020.0,0.362240506434777,-15.795653957905088,-19.92351902391047,-25.491161157275926,3.3929358967449375,-1.4594968221945621,5.287111248185154,3.8848079063976995,"{""type"":""MultiPoint"",""coordinates"":[]}"
585,2021-01-07,-32.404141659192504,1,0.2822649440219923,2020.0,0.36225218402916787,-20.311943454636328,-24.146958052725566,-27.421105345959564,2.890898073454294,0.43664512174023273,4.381681055156206,3.129251974619383,"{""type"":""MultiPoint"",""coordinates"":[]}"
586,2021-01-08,-28.862534424883428,1,0.0019286964981673914,2020.0,0.36225352942846467,-17.921223638223662,-21.76580464073602,-27.19475399231441,2.4606312466803626,1.0969473067626063,3.7054413964345803,2.8296399010027264,"{""type"":""MultiPoint"",""coordinates"":[]}"
587,2021-01-09,-23.998241763594724,1,0.002265778960018483,2020.0,0.3622574891673829,-13.839332641519244,-18.09657851538032,-24.064577772821064,2.0766547010469876,1.2494791253402446,3.6038770730285616,2.623579651354248,"{""type"":""MultiPoint"",""coordinates"":[]}"
588,2021-01-10,-20.553952875849397,1,0.0023928204644827495,2020.0,0.36226352931904093,-11.166913418662926,-15.44356781146023,-20.50724767070584,1.9694846590634607,1.5203622593840314,3.609363545750011,2.8708017986488445,"{""type"":""MultiPoint"",""coordinates"":[]}"
589,2021-01-11,-17.46902458349085,1,0.0102762639999662,2020.0,0.36226820987264424,-6.510389430426854,-11.995405202587282,-15.738922246961575,1.772303470058839,2.636306319694063,4.898729893974867,3.370185870281704,"{""type"":""MultiPoint"",""coordinates"":[]}"
590,2021-01-12,-15.277511285571483,1,0.30410425029968624,2020.0,0.36227489271902824,-3.66594957782146,-9.912650082329549,-15.162615093910793,1.952379804306121,1.7510773072892938,5.966739059975598,3.3997337740956874,"{""type"":""MultiPoint"",""coordinates"":[]}"
591,2021-01-13,-19.89610668630088,1,0.3059438856750629,2020.0,0.3622813447418292,-8.909981801894409,-14.292636365519181,-20.0230723813274,2.410708101607889,-0.2529966963416467,3.6097106499883487,2.742778079926141,"{""type"":""MultiPoint"",""coordinates"":[]}"
592,2021-01-14,-19.37902702364975,1,2.829925171563175,2020.0,0.3622895207617538,-9.11386946358768,-11.386269332497374,-19.51384246378668,-1.9241724734936174,-1.134055821163828,5.067434664823117,2.790386901700775,"{""type"":""MultiPoint"",""coordinates"":[]}"
593,2021-01-15,-22.639185528605417,1,3.048529943103148,2020.0,0.3623029898107638,-11.839148958670057,-17.487843074913236,-24.718271013932085,0.9786193361576513,-2.7066946472034776,6.274958848035901,3.4479849736803234,"{""type"":""MultiPoint"",""coordinates"":[]}"
594,2021-01-16,-24.029497878490794,1,0.27204046367132184,2020.0,0.362301936155759,-13.730989452511853,-18.407357005021737,-24.836066536683965,2.379080363314931,1.5857356349111473,3.4956963165571215,2.9663483839449105,"{""type"":""MultiPoint"",""coordinates"":[]}"
595,2021-01-17,-22.265105107149505,1,0.0020604842472253236,2020.0,0.362300819329676,-9.376750654011278,-14.917798444073979,-20.452971968979515,3.2903968813821334,0.7990142578582793,6.013945568303757,4.022379622635243,"{""type"":""MultiPoint"",""coordinates"":[]}"
596,2021-01-18,-27.77131314385076,1,0.032425774562458626,2020.0,0.3623033699088369,-15.327739582997262,-20.63986725834247,-25.750496600414824,1.6638514120476033,-0.6589792146127651,5.877344926319052,3.1703560007252833,"{""type"":""MultiPoint"",""coordinates"":[]}"
597,2021-01-19,-22.313580018165723,1,0.22735205957263885,2020.0,0.3623051060686702,-5.770343705805301,-12.361979061949473,-22.794459852858036,0.8693417088490766,3.994152617746542,6.346324716590694,4.11238250508414,"{""type"":""MultiPoint"",""coordinates"":[]}"
598,2021-01-20,-3.8125612150571704,1,0.6178127419339774,2020.0,0.3623117470689031,-0.3507395379281472,-2.257665793588548,-5.732800660228982,2.9078482863568036,4.478533374706653,8.595110320471251,5.425087129834727,"{""type"":""MultiPoint"",""coordinates"":[]}"
599,2021-01-21,-6.400228789034975,1,0.6961224730332669,2020.0,0.3631782050052116,-0.023130646600641087,-4.456447517711765,-11.262378746507204,0.6243297910816223,-0.9727185854878859,3.2433685280277484,2.3586058842853044,"{""type"":""MultiPoint"",""coordinates"":[]}"
600,2021-01-22,-18.280920861516,1,0.5564480171062164,2020.0,0.36330630952196535,-3.0281888940252517,-11.080266640656324,-16.708458326639654,-1.9202177024060438,-0.7233390354481942,2.783232718637708,2.3767222948080033,"{""type"":""MultiPoint"",""coordinates"":[]}"
601,2021-01-23,-14.770165305215578,1,4.351138045421976E-4,2020.0,0.3650155334005439,1.097273941335825,-6.709815996342447,-15.183827716898747,0.13339136766512696,1.6657858658147686,3.084594023101391,1.9087986681724514,"{""type"":""MultiPoint"",""coordinates"":[]}"
602,2021-01-24,-9.066336059570293,1,0.001012430012165306,2020.0,0.37115123257341537,3.9407145965849044,-4.667486325903758,-12.401654387846476,0.08838218900285233,0.7893455328114336,3.2559779158019904,1.9105855426846363,"{""type"":""MultiPoint"",""coordinates"":[]}"
603,2021-01-25,-8.320401483327103,1,2.912715130143236,2020.0,0.3747212118336014,0.6275408977725455,-5.7978109291694135,-14.355769510428281,1.3775063012180604,0.7426086908592604,2.7914859388308964,1.8431785011892987,"{""type"":""MultiPoint"",""coordinates"":[]}"
604,2021-01-26,-15.54101554225069,1,2.912730852588723,2020.0,0.3743009070572113,-1.9398577418954808,-10.231001416546098,-18.121421118793634,3.1505989426407597,0.6865522695515985,5.2132286263432315,3.3698252268506277,"{""type"":""MultiPoint"",""coordinates"":[]}"
605,2021-01-27,-19.497123434157956,1,0.5176093449024306,2020.0,0.37404082808523237,-6.738732000749889,-11.285667053137765,-17.81658675841409,1.1081988518275177,-0.689748218377137,3.7845314580204783,2.3327518459721,"{""type"":""MultiPoint"",""coordinates"":[]}"
606,2021-01-28,-27.13303552260324,1,0.5177643378249006,2020.0,0.37404218173588294,-13.121264755426461,-19.45279088530675,-26.943799257109664,2.8947774013968517,-2.047154243236593,6.245056085937203,3.7644671456171674,"{""type"":""MultiPoint"",""coordinates"":[]}"
607,2021-01-29,-23.380202825908345,1,0.4030352373256268,2020.0,0.37404530181919066,-10.914584154096538,-15.155923074271875,-24.392381157771375,1.3795139226587159,1.2149629399671842,4.978093299030624,3.378913576036443,"{""type"":""MultiPoint"",""coordinates"":[]}"
608,2021-01-30,-23.316238948852664,1,0.40304840550161525,2020.0,0.3740502971029998,-13.394310673183703,-17.92536122917732,-22.69956305314331,0.18123154978021042,-0.9101887423306737,4.021325207769466,2.4107040844145,"{""type"":""MultiPoint"",""coordinates"":[]}"
609,2021-01-31,-12.31314317928389,1,2.605118771817533,2020.0,0.37405810004386014,-3.3817855593206776,-7.190805619260848,-16.149822899802167,0.7022291270593118,0.6820081472597781,4.6875811206076525,2.9151512029697186,"{""type"":""MultiPoint"",""coordinates"":[]}"
610,2021-02-01,-25.006556012232753,2,2.6245784802701992,2020.0,0.37406144511050704,-14.093080228917723,-19.26399632131418,-25.257600081093507,3.2389118924985634,-1.7110452927848694,5.304266060227553,3.86941858615787,"{""type"":""MultiPoint"",""coordinates"":[]}"
611,2021-02-02,-27.039610844546793,2,0.043842503293774364,2020.0,0.37406536412845864,-14.10461651898345,-20.28903302785766,-26.851101660909283,3.69355396185238,0.21967184757260738,6.047292696883313,3.840817859430325,"{""type"":""MultiPoint"",""coordinates"":[]}"
612,2021-02-03,-25.73024220649052,2,0.02404232148799953,2020.0,0.3740669153829567,-11.267128379586431,-18.865052184981426,-25.206452837477386,3.3138144161066427,0.40777705986115775,5.81828312211387,3.51013014150676,"{""type"":""MultiPoint"",""coordinates"":[]}"
613,2021-02-04,-17.676998895923415,2,0.026261702715678476,2020.0,0.3740668857530956,-5.098706312644086,-10.875323725660227,-22.578379734591596,0.5334469221757967,2.8046795357291012,5.294079609362695,3.1955188198234503,"{""type"":""MultiPoint"",""coordinates"":[]}"
614,2021-02-05,-11.650106554767012,2,0.026280321448959306,2020.0,0.3740013068335413,2.3906277205034914,-6.796937931124426,-14.097897632829675,0.6835321766840314,0.16556812070100407,5.589563735353495,3.153503757415495,"{""type"":""MultiPoint"",""coordinates"":[]}"
615,2021-02-06,-16.123946137189566,2,0.062350422012806064,2020.0,0.3739500715529106,-2.920108468412387,-10.50590053830321,-18.94319035735676,-0.006619099747150756,-1.7706911416058861,4.509869454309018,2.5932986854992546,"{""type"":""MultiPoint"",""coordinates"":[]}"
616,2021-02-07,-20.67989518022903,2,0.06252745633852928,2020.0,0.3739427819641276,-7.0661386160349595,-13.591926479205636,-20.120026628014276,2.041843456527854,-1.1113915515217907,5.442223753805829,2.752479013357332,"{""type"":""MultiPoint"",""coordinates"":[]}"
617,2021-02-08,-20.382233285810152,2,0.004443099886618467,2020.0,0.37394216943506503,-7.4550155652507515,-13.13204052004225,-18.61612560401451,2.0473128132916845,1.18857645510261,4.245391646488077,3.1374190915068745,"{""type"":""MultiPoint"",""coordinates"":[]}"
618,2021-02-09,-12.39174935954748,2,0.0017225742112714215,2020.0,0.37393083593284,0.9047352091128669,-6.378310098031342,-11.89509070644123,2.2372421423460205,2.626617965366582,5.079215363159845,3.583692042408765,"{""type"":""MultiPoint"",""coordinates"":[]}"
619,2021-02-10,-9.700836719993214,2,0.0017225742112714215,2020.0,0.3744874838811841,2.390177975861499,-4.079445163742431,-9.979431623506743,1.5853230684109905,1.959068694404823,4.486257805058705,3.0995266540661732,"{""type"":""MultiPoint"",""coordinates"":[]}"
620,2021-02-11,-4.652529397507201,2,0.014536347211789093,2020.0,0.3877842755416544,9.56655473527472,3.347588473830705,-2.6248714105608113,2.995882849364049,6.210470793789591,8.613534033528401,6.983410363322097,"{""type"":""MultiPoint"",""coordinates"":[]}"
621,2021-02-12,-6.371479722265229,2,0.015042379637709772,2020.0,0.3920522977866593,7.46889969661631,0.6241006216485286,-4.397967580991049,1.3754096783187346,1.1470274749220923,4.327538473750709,2.6640962451886936,"{""type"":""MultiPoint"",""coordinates"":[]}"
622,2021-02-13,-6.474539265047783,2,0.4818711890312682,2020.0,0.3927185060844119,4.278202976449938,-2.405897236711549,-7.758356120271727,0.18665491253400476,-1.2447325539016965,4.509857963689564,3.1070750045452287,"{""type"":""MultiPoint"",""coordinates"":[]}"
623,2021-02-14,-22.189020744828227,2,0.5443541943739614,2020.0,0.39011316000996676,-3.546099639023271,-8.759426328456613,-15.03304920026146,-0.7707972330111814,-3.7137971599622173,4.951266117729337,3.8939437781332225,"{""type"":""MultiPoint"",""coordinates"":[]}"
624,2021-02-15,-26.3765114030099,2,0.2788906734874382,2020.0,0.389086786016493,-7.28758829265665,-11.573603828666338,-14.588408971696788,1.370837826455294,-1.6089182170872434,4.8772665793557275,2.725428418320106,"{""type"":""MultiPoint"",""coordinates"":[]}"
625,2021-02-16,-28.417793768235434,2,0.02539888252163238,2020.0,0.3889998872599328,-10.110622908674022,-13.90404208367763,-17.056318950026167,3.306458653181522,-3.340636650547097,6.743581416883322,4.784874376640216,"{""type"":""MultiPoint"",""coordinates"":[]}"
626,2021-02-17,-25.365710496626516,2,0.09262547272110197,2020.0,0.38900357272171043,-9.084501644091425,-12.161319044245914,-16.151348256622764,2.911553922312483,-2.9596504274395943,6.255435364194864,4.1950825471814035,"{""type"":""MultiPoint"",""coordinates"":[]}"
627,2021-02-18,-21.753286293626015,2,0.09262223028066692,2020.0,0.38899478599445053,-2.7227728813630243,-6.4150956398677454,-13.223989623838241,2.520920895198684,3.9146593121961515,6.129373417252214,4.874092086367811,"{""type"":""MultiPoint"",""coordinates"":[]}"
628,2021-02-19,-13.572947994999213,2,4.351138045421976E-4,2020.0,0.3892644164441537,8.030318063735665,-0.22632697869620239,-5.956151875673187,4.4195813230466525,0.754443175243899,8.56035907810354,5.626810282443156,"{""type"":""MultiPoint"",""coordinates"":[]}"
629,2021-02-20,-13.90276238401656,2,0.22016670231511343,2020.0,0.3869620751340683,0.5678684403718542,-2.895706624345509,-5.253937877845967,-2.3436305937964477,-0.724637701709764,4.48579827533987,3.3360892495431718,"{""type"":""MultiPoint"",""coordinates"":[]}"
630,2021-02-21,-13.127101571118255,2,0.22016259714943479,2020.0,0.3859347043342019,6.129624160980089,-2.2243510885327895,-8.667207058408724,0.36362547890256863,-2.7543636717229183,5.663451613772482,3.9719567106520133,"{""type"":""MultiPoint"",""coordinates"":[]}"
631,2021-02-22,-25.06282493335837,2,0.00300407407394232,2020.0,0.38386201925495794,-4.296169629362989,-9.257862927751702,-14.594247730743119,3.893688640940612,-2.6771114378861154,7.000403945588752,4.77560809605499,"{""type"":""MultiPoint"",""coordinates"":[]}"
632,2021-02-23,-25.767986997772287,2,0.0038491443774546497,2020.0,0.3834025603585369,-5.6560898951046905,-10.031859492435814,-13.074329589555685,1.4633430476884939,0.40297175627811904,4.037015875551443,2.866790355066827,"{""type"":""MultiPoint"",""coordinates"":[]}"
633,2021-02-24,-19.120620840679038,2,8.52346317969932E-4,2020.0,0.3826025050304882,2.3006917722346385,-4.158934687641153,-10.524161671892921,2.1268284510103426,1.0794484976456609,4.81029534580561,3.6779187856212125,"{""type"":""MultiPoint"",""coordinates"":[]}"
634,2021-02-25,-21.488360528663534,2,8.52346317969932E-4,2020.0,0.3811762207672499,-0.6298458066573914,-6.270750102121302,-10.390083388086298,-0.9454555303516389,-0.2533735813696176,2.7831718281811195,1.9940217937443827,"{""type"":""MultiPoint"",""coordinates"":[]}"
635,2021-02-26,-18.42670695488488,2,8.52346317969932E-4,2020.0,0.38006313940575764,5.407469339529885,-1.0936777639846935,-7.0355930690356905,-1.0374659070795031,1.482842668890117,4.84203753088798,2.5301573384866156,"{""type"":""MultiPoint"",""coordinates"":[]}"
636,2021-02-27,-9.256966723470939,2,0.0017189864876514238,2020.0,0.37641574267664896,10.909622485059428,4.898300316979572,0.3313298557011035,3.985294467525889,6.7547388226605936,10.48115512379133,7.911257479481342,"{""type"":""MultiPoint"",""coordinates"":[]}"
637,2021-02-28,-12.134779409025667,2,2.5383903877174863,2020.0,0.37212561109011233,1.2768201695874344,-3.9601547775298354,-8.21145504942313,-0.12135511837994709,-3.0931770720772005,4.943404503647872,3.683343177339055,"{""type"":""MultiPoint"",""coordinates"":[]}"
638,2021-03-01,-25.402656638417994,3,2.5384436770125527,2020.0,0.37073266872549837,-2.970100620667748,-8.525684995665692,-13.578382020966693,-2.190470900868586,-2.333259391948089,5.579987824591026,3.5108718825972094,"{""type"":""MultiPoint"",""coordinates"":[]}"
639,2021-03-02,-21.618723647105107,3,0.0079140592001814,2020.0,0.37026380869744724,0.35259593717370646,-3.7332401458664566,-10.553456083060135,1.0792766194697467,3.358778572550006,7.501426124054786,3.7373438491636413,"{""type"":""MultiPoint"",""coordinates"":[]}"
640,2021-03-03,-2.654849163265221,3,0.010243895311852283,2020.0,0.37645191066391975,8.469334948880691,3.1762367680391947,-0.714217769816312,4.191576660493164,7.535310181669124,10.69269858662306,8.670082447801965,"{""type"":""MultiPoint"",""coordinates"":[]}"
641,2021-03-04,-2.283806409953133,3,1.7059563677730014,2020.0,0.3790166188749118,10.494732975666452,3.908462641990518,-5.789162913273725,3.588440188303901,3.360466119687045,10.455740965658753,7.252498390778422,"{""type"":""MultiPoint"",""coordinates"":[]}"
642,2021-03-05,-24.740755339733447,3,1.914553415978389,2020.0,0.3751796968023833,-5.063554863003058,-8.82401639249418,-12.736671601293365,-0.6676234462782404,-3.6127474418523144,6.721518207034258,3.793288118518433,"{""type"":""MultiPoint"",""coordinates"":[]}"
643,2021-03-06,-29.985374043452484,3,0.08157948687465905,2020.0,0.37366977499618903,-3.758156305490226,-7.98941686246506,-11.146426125672203,0.10965985762643653,0.7211955378340756,3.0150695282403714,1.693925362390725,"{""type"":""MultiPoint"",""coordinates"":[]}"
644,2021-03-07,-24.24409344995333,3,0.0012874602361989673,2020.0,0.37261788620963,4.687405507126148,-2.1057943449668994,-6.911251802249941,1.797516702098709,2.648655039218379,4.643326424765271,3.4020468393908394,"{""type"":""MultiPoint"",""coordinates"":[]}"
645,2021-03-08,-11.504129171979576,3,0.0012874602361989673,2020.0,0.37383438618077747,8.907861528729367,2.2827746145416983,-2.1663727269573494,2.554826564993496,4.596815409101231,6.475328001465889,5.311194768175039,"{""type"":""MultiPoint"",""coordinates"":[]}"
646,2021-03-09,-15.913914060482794,3,4.4107436991680515E-4,2020.0,0.37229456296897545,9.744930507930626,0.48092876856326333,-6.062233918146741,0.8285557201279841,-0.6803258368390166,6.800153382686381,3.7439161972285735,"{""type"":""MultiPoint"",""coordinates"":[]}"
647,2021-03-10,-5.277981029458829,3,1.3722040889547955,2020.0,0.3786655865168865,12.354481020010756,5.529395812181601,-0.633130062327643,1.8530786282708522,3.7513700644483294,6.569859244160898,4.44297507223448,"{""type"":""MultiPoint"",""coordinates"":[]}"
648,2021-03-11,-3.6246918000225796,3,1.372508830480714,2020.0,0.37621947608440676,9.914717471368538,3.474195337094628,-2.7546857861188006,-0.8322946364253123,-1.5751655754718072,3.032111372096642,2.0808970018596447,"{""type"":""MultiPoint"",""coordinates"":[]}"
649,2021-03-12,-6.654066607129509,3,0.028863708064525817,2020.0,0.3685362821375697,11.088718150820581,3.6209367555864684,-2.0685725201970286,-0.9872677228284548,-1.5372876284182615,2.8763897507222165,1.9992044203115886,"{""type"":""MultiPoint"",""coordinates"":[]}"
650,2021-03-13,-5.506917206454348,3,0.004686983605816444,2020.0,0.36255125016521583,10.539114888080498,3.825444645498307,-0.8988384262900015,1.5400940176944897,1.78320626255046,3.2362370880949185,2.6780144609310237,"{""type"":""MultiPoint"",""coordinates"":[]}"
651,2021-03-14,0.620612787615034,3,0.002363568359754753,2020.0,0.35791151890212736,13.153374773492006,7.685586370929704,3.0511214384397167,1.869991871940802,6.079738348419396,10.040456337534339,6.390810361414786,"{""type"":""MultiPoint"",""coordinates"":[]}"
652,2021-03-15,-14.062384840014044,3,1.7550141617628139,2020.0,0.36704792245813106,6.303307110162628,1.39775265266579,-3.7316707588580087,6.0044302662555245,-0.1174757144271514,9.88875235649808,6.446483039833785,"{""type"":""MultiPoint"",""coordinates"":[]}"
653,2021-03-16,-17.726666359660573,3,1.7550121619230026,2020.0,0.36029500123844904,4.24981422957978,-1.2310351335062504,-6.39351622470408,1.4585037923567794,-0.9752220075126043,6.446488558786851,3.1476833274598053,"{""type"":""MultiPoint"",""coordinates"":[]}"
654,2021-03-17,-14.062577564953811,3,4.351138613856165E-4,2020.0,0.3560582560175918,8.159534526486135,1.4100218040714694,-3.634632604262386,-0.2585330449822874,-0.7889691419270315,2.7782570466287693,1.5165149621614589,"{""type"":""MultiPoint"",""coordinates"":[]}"
655,2021-03-18,-11.342056680209188,3,8.52346317969932E-4,2020.0,0.35183118979538003,8.60821722697073,1.5679338894665347,-4.791323159682515,-0.7083763650002267,-1.475451732085015,2.9586825112186594,2.1742870966577144,"{""type"":""MultiPoint"",""coordinates"":[]}"
656,2021-03-19,-8.247503982411903,3,0.8707384017865684,2020.0,0.34762794699948324,10.001521004735196,4.214970212625976,-0.025297457657853503,-1.9105779898689739,-1.5645860995568015,3.708195323965684,2.5546055613652845,"{""type"":""MultiPoint"",""coordinates"":[]}"
657,2021-03-20,-2.545397676109636,3,3.450258869551311,2020.0,0.3524337909256343,5.186543019055421,1.1481283049736641,-1.295396694412865,1.9908725999568222,-1.3769433751147255,4.899328047206497,2.802472318576375,"{""type"":""MultiPoint"",""coordinates"":[]}"
658,2021-03-21,-11.515584233147509,3,3.549456082963566,2020.0,0.35518484170788206,5.68390781615411,0.07110261525444621,-4.941965901901864,3.424933217550854,-1.7087515607577541,7.9072793038055735,4.590378480699684,"{""type"":""MultiPoint"",""coordinates"":[]}"
659,2021-03-22,-8.813284935075979,3,0.36514811566589067,2020.0,0.35897201744048296,10.070658241064965,4.706620064491159,-0.29439928835042456,2.9350125214056835,3.2520315546528398,6.340497274521591,4.66664811113427,"{""type"":""MultiPoint"",""coordinates"":[]}"
660,2021-03-23,-3.9740899050045977,3,4.351138045421976E-4,2020.0,0.3612992309560883,14.211260768235228,6.47963448715277,-0.7469056091359805,2.578131268564132,1.9386780089063256,4.8168131510782315,3.53546320279963,"{""type"":""MultiPoint"",""coordinates"":[]}"
661,2021-03-24,-4.956158755266131,3,0.24647502528879045,2020.0,0.3560423994876073,12.662305649114929,6.6185786276776355,0.7603590699888402,1.2155874008957983,1.463898509210051,6.074733906281846,3.45636440972255,"{""type"":""MultiPoint"",""coordinates"":[]}"
662,2021-03-25,-3.6585401455199427,3,0.24647746904908738,2020.0,0.34877115191017033,15.626338750548964,6.731757961028677,-0.5073325263414877,0.7872043904096023,-0.14073493510285448,6.813490482236515,4.182890571733739,"{""type"":""MultiPoint"",""coordinates"":[]}"
663,2021-03-26,1.4304384694393526,3,0.08851404602870513,2020.0,0.3416189826186491,16.188219132609085,10.647687532553658,6.005942083912059,1.6480917173782443,5.675045218037198,7.687734558713056,6.290553094906317,"{""type"":""MultiPoint"",""coordinates"":[]}"
664,2021-03-27,3.421427415841053,3,0.08851404602870513,2020.0,0.3348919264995234,16.517292352030562,9.15402318072647,3.0984714952344063,1.6351060326685167,3.9398069905192616,6.553201596459028,4.418855654567597,"{""type"":""MultiPoint"",""coordinates"":[]}"
665,2021-03-28,-3.28200660207054,3,0.18198462935582974,2020.0,0.33116191491309693,13.22854232029393,7.4192859802683575,2.1729949812292184,4.264082175170755,1.5052234460627194,5.76020276113507,4.894320755474468,"{""type"":""MultiPoint"",""coordinates"":[]}"
666,2021-03-29,-7.413375405789976,3,0.18197943640197026,2020.0,0.32397111230127223,11.53354329415084,5.484508395049024,-1.706483626385732,4.411901338548234,-0.4661186214403945,7.8632542146658775,4.539956046727685,"{""type"":""MultiPoint"",""coordinates"":[]}"
667,2021-03-30,-4.80276512220149,3,0.002376248817302758,2020.0,0.31781419434368746,13.416142023222559,7.323081477405448,2.3823971610597545,0.20344174514359872,1.5408281121296035,3.5850050269188465,2.7304190814538694,"{""type"":""MultiPoint"",""coordinates"":[]}"
668,2021-03-31,-2.405498958227349,3,0.3444124789427801,2020.0,0.3136327371576394,17.809694709822864,10.090205417785036,3.3503311746180575,-3.15449546579498,0.04526235810946439,4.961008188785432,3.647322560659703,"{""type"":""MultiPoint"",""coordinates"":[]}"
669,2021-04-01,-0.0032516474776896503,4,0.3375939635713602,2020.0,0.3066307579347864,18.989698300537672,13.282658137361096,9.098469585635405,-1.7936522763889493,1.545777440051014,5.519860997444432,3.906220685844917,"{""type"":""MultiPoint"",""coordinates"":[]}"
670,2021-04-02,-0.28023692877466455,4,0.2572995052140187,2020.0,0.3029333242466426,15.169068870113678,10.687156056058491,5.008737954172363,2.441157465577428,1.4145571491987403,7.680974443057679,5.29546866350154,"{""type"":""MultiPoint"",""coordinates"":[]}"
671,2021-04-03,-12.75996665956732,4,0.25809344812181373,2020.0,0.2985754184518225,9.813337610046421,3.4347485179720283,-3.851992261877895,-1.0607269255389888,-2.792085645292454,6.296151496041368,3.6519296293683463,"{""type"":""MultiPoint"",""coordinates"":[]}"
672,2021-04-04,-8.91116743397996,4,0.001277441526781331,2020.0,0.2933927886211054,12.13972709960529,6.527640983606855,2.4076130622518095,1.4295632947300978,2.0729514987383393,4.583245831965237,3.0653816736057777,"{""type"":""MultiPoint"",""coordinates"":[]}"
673,2021-04-05,-5.65102802351407,4,0.0012948473795404425,2020.0,0.28579180167895957,19.869360659155852,10.209834541892208,0.9272979391700388,3.005095830519043,1.3975488312412263,7.432023296220955,4.44032305442258,"{""type"":""MultiPoint"",""coordinates"":[]}"
674,2021-04-06,-10.849468617064458,4,8.523463748133508E-4,2020.0,0.27931693580902206,14.401130461005671,6.594679165566963,-2.243765114765412,1.2734590380759354,-2.8664641363968086,5.870068920613321,3.9169926582172794,"{""type"":""MultiPoint"",""coordinates"":[]}"
675,2021-04-07,-14.736603421643562,4,4.261732087229575E-4,2020.0,0.27490093405444044,8.191391867697618,3.2545640056110323,-2.510322414432248,1.5828041319258,-0.4382765494716914,4.148878710499809,3.171152180103775,"{""type"":""MultiPoint"",""coordinates"":[]}"
676,2021-04-08,-11.964060157494245,4,0.0,2020.0,0.27106202319134665,9.666211007968728,3.032981243119642,-3.645507915888369,-0.9886399115918163,-1.6187824573106424,5.359196495790077,3.1263776716583433,"{""type"":""MultiPoint"",""coordinates"":[]}"
677,2021-04-09,-7.799743253042508,4,0.0,2020.0,0.2673259317503197,13.6269705667758,7.253707062664319,2.263473870286912,-1.0668600877420753,2.1730104772567325,3.7034350654590273,2.532756326635209,"{""type"":""MultiPoint"",""coordinates"":[]}"
678,2021-04-10,-0.8184414545158945,4,0.0,2020.0,0.2618183488222689,17.802754064573143,12.450428759177724,8.667746232979724,2.5826856978683446,6.145395422954294,7.473300675251131,6.691580731800201,"{""type"":""MultiPoint"",""coordinates"":[]}"
679,2021-04-11,1.1585197935453433,4,0.09643813540710765,2020.0,0.2567768562535931,18.91691920301195,13.366969174131608,8.93354580762034,3.893488856378357,6.5768127602146915,9.366746633311129,7.7053384402336125,"{""type"":""MultiPoint"",""coordinates"":[]}"
680,2021-04-12,-1.2931036762216093,4,5.547159128530402,2020.0,0.2887033428447396,15.997564472485921,4.976578206526828,-4.032768974001985,2.6217647502245387,0.5455690544973272,10.307544497546054,5.691943715890852,"{""type"":""MultiPoint"",""coordinates"":[]}"
681,2021-04-13,-15.243972813876129,4,5.548018280423809,2020.0,0.3016223564021502,6.628877282733387,2.639425470298721,-1.0367328514563117,3.020624322471704,0.05571884576226426,6.107100039927995,4.542527178237567,"{""type"":""MultiPoint"",""coordinates"":[]}"
682,2021-04-14,-11.824190397684227,4,9.071532026434265E-4,2020.0,0.29340457814457355,10.16345521485489,6.084536569542749,2.861244323308709,2.1581234504643563,2.0180698865598177,5.170235044780122,4.090318990424536,"{""type"":""MultiPoint"",""coordinates"":[]}"
683,2021-04-15,-2.3261711094243824,4,2.4125230233924073,2020.0,0.29160229517734554,18.093711041094167,10.816181626526996,2.2017437948860152,2.110165045685873,7.479762267735549,10.720822974848275,7.845665008404923,"{""type"":""MultiPoint"",""coordinates"":[]}"
684,2021-04-16,-5.061731304509668,4,2.518188305206732,2020.0,0.3053733571820517,10.479490264527403,5.75829843006429,0.9350047541171236,4.978326104693123,3.574671512494243,11.163713453311773,6.280567401641402,"{""type"":""MultiPoint"",""coordinates"":[]}"
685,2021-04-17,-1.0798713436969858,4,1.4288530072605006,2020.0,0.31093860512416327,8.63968745452971,3.4900709459236565,-2.514848958768811,1.1890299441446197,-1.869576803920872,5.6500603172452895,3.07854737030305,"{""type"":""MultiPoint"",""coordinates"":[]}"
686,2021-04-18,-2.3629771342283443,4,1.4288530072605006,2020.0,0.3029284999908923,16.262332426450865,10.51372253726165,6.2436806348771645,1.6982450027118623,4.139228464385167,5.659465838029236,4.575610832192936,"{""type"":""MultiPoint"",""coordinates"":[]}"
687,2021-04-19,-2.0349282481441233,4,4.351138045421976E-4,2020.0,0.2896130768273198,20.410643345112575,10.842502552651672,1.116664217922093,0.12875206145391532,-2.61779795901763,6.414027117418299,3.98433606680155,"{""type"":""MultiPoint"",""coordinates"":[]}"
688,2021-04-20,-1.8494135211683067,4,0.18711633177826711,2020.0,0.2805344953825785,16.021734094740335,10.94404983426209,7.500972733786175,-1.6772399952494839,1.9391539311287107,4.574264851743942,3.2014504239707158,"{""type"":""MultiPoint"",""coordinates"":[]}"
689,2021-04-21,3.1850110151800255,4,0.18711463458297353,2020.0,0.26996335962380097,24.507341143583844,17.09298996365176,10.634452535120394,2.3558068890820487,4.712260173963653,7.504719068882081,5.402614743786377,"{""type"":""MultiPoint"",""coordinates"":[]}"
690,2021-04-22,4.367361711709666,4,1.3889965693710924,2020.0,0.26648543493032023,19.619666004679235,13.267316840976783,8.396539684702674,0.5572731430875203,2.2365026580623666,8.264751338503684,3.0344248339885294,"{""type"":""MultiPoint"",""coordinates"":[]}"
691,2021-04-23,9.1513543727405,4,3.6104835983537678,2020.0,0.3061001942836742,13.360761476378835,10.503281657051089,7.440644270618695,-1.7540277839745093,-1.2933053003615824,3.946182720966948,2.455985060605124,"{""type"":""MultiPoint"",""coordinates"":[]}"
692,2021-04-24,-4.503395726400908,4,3.6111793866185287,2020.0,0.3077373096893207,11.404365577614195,6.283201028320329,-0.7658490871350133,-1.0835736649405716,-3.381455507162711,5.99540340443536,3.6555872491835513,"{""type"":""MultiPoint"",""coordinates"":[]}"
693,2021-04-25,-4.0104566094124845,4,0.005190319739297994,2020.0,0.29420934162003803,17.023108946869222,10.018454994130103,3.364091388825222,-0.45276977397182105,-0.049465620991245914,2.9043856837546977,2.1359553150386756,"{""type"":""MultiPoint"",""coordinates"":[]}"
694,2021-04-26,0.0890476169797516,4,0.014047816674544165,2020.0,0.2808530765595386,20.814226963667558,14.847236605674842,9.865520238241444,2.3848436321192326,5.418617557338053,7.581644122570067,5.995628412616981,"{""type"":""MultiPoint"",""coordinates"":[]}"
695,2021-04-27,0.14069599327571036,4,0.3045812676194983,2020.0,0.27462172340801566,16.611528677388257,10.746842544189628,4.299396603750037,3.035187712947508,3.4488380462562476,7.25429616444635,4.792498830459841,"{""type"":""MultiPoint"",""coordinates"":[]}"
696,2021-04-28,-9.515820295590059,4,0.3042872481310262,2020.0,0.2663261119525979,14.232114799392804,10.298659727965763,6.645738815598263,3.8024174514074836,2.5925960907795984,8.96084902559341,5.768117281147876,"{""type"":""MultiPoint"",""coordinates"":[]}"
697,2021-04-29,1.6789755300374951,4,5.044648319995216,2020.0,0.29079445716175945,16.30070714675698,8.942897822799463,3.4075478915599438,1.1219032070088764,1.9442524295876873,7.197015723573081,3.5761549318426615,"{""type"":""MultiPoint"",""coordinates"":[]}"
698,2021-04-30,-2.3818569709292823,4,5.065251425714904,2020.0,0.30637125495016077,13.698832568128962,7.457369037188625,0.5677738464242537,-0.7872334191006045,-0.05723501040068993,3.7845581611968346,2.2377308493627366,"{""type"":""MultiPoint"",""coordinates"":[]}"
699,2021-05-01,-1.9054193089815668,5,0.1308915598033804,2020.0,0.29347425391482634,14.796379111987783,9.278601325231387,1.5677499102115784,-0.3909775442310624,-2.542262193560434,4.657468159264133,2.7485795292277495,"{""type"":""MultiPoint"",""coordinates"":[]}"
700,2021-05-02,-0.13201085471107848,5,0.1520523743365841,2020.0,0.28186560044148545,17.807787381764854,12.727332466413136,7.803483450378619,1.2077864592206222,2.362523145679411,5.964706785571078,3.5407286413664467,"{""type"":""MultiPoint"",""coordinates"":[]}"
701,2021-05-03,2.4429754258166816,5,0.808257063961904,2020.0,0.27478126970809047,20.696824868461196,14.749009930484071,9.983157632050762,3.1590708610388516,7.1528240369206,9.824307605443522,7.901062389949348,"{""type"":""MultiPoint"",""coordinates"":[]}"
702,2021-05-04,1.3860215469601531,5,0.9107096255348496,2020.0,0.27258023139271653,16.756122834851674,11.253043592958726,6.154502182739837,2.280586473177884,3.7101485068908318,5.701435492219627,4.490943401934573,"{""type"":""MultiPoint"",""coordinates"":[]}"
703,2021-05-05,-3.1904086674228638,5,0.32369121115177946,2020.0,0.263657882686572,18.5133709756918,13.780569988709196,9.916272822395685,4.275219434378852,2.462826664691979,9.29337884279148,5.84374734468558,"{""type"":""MultiPoint"",""coordinates"":[]}"
704,2021-05-06,5.186209335811541,5,1.2459562772346204,2020.0,0.257903870132989,23.897644929742835,16.286606977098348,8.443916596760365,2.658244231248333,6.9655701928784675,10.436399616669009,7.564207783291441,"{""type"":""MultiPoint"",""coordinates"":[]}"
705,2021-05-07,3.2266763764182413,5,1.5071060511346195,2020.0,0.2660399262332751,13.308776494895337,10.588509817320075,7.895484919944288,2.6822208309382547,1.904536630030503,7.312744377073215,4.903266836115118,"{""type"":""MultiPoint"",""coordinates"":[]}"
706,2021-05-08,2.122101526535263,5,3.8002226076618806,2020.0,0.2988254951756955,10.692881203180006,6.774917892429503,3.1498633424086298,4.032314201279754,-1.8133788170844793,7.9883103527364865,4.899639442902185,"{""type"":""MultiPoint"",""coordinates"":[]}"
707,2021-05-09,-0.4257641464225432,5,3.7954023290521905,2020.0,0.29401136008572926,17.255510155764465,10.727622090535844,3.86386944712788,0.6751853285548972,-0.9889910409836181,5.857646368650874,3.405532446301307,"{""type"":""MultiPoint"",""coordinates"":[]}"
708,2021-05-10,4.107143002198312,5,0.23716198042265796,2020.0,0.28269822209448936,19.673157537612422,13.316311838032284,6.669994471395864,0.13438088591564,2.371278585915593,3.9002827705368124,2.6748420096775156,"{""type"":""MultiPoint"",""coordinates"":[]}"
709,2021-05-11,4.691937084359841,5,1.1043251494690112,2020.0,0.2711125129568116,23.197891319708294,17.948495053685107,12.502072379907775,1.6644530462156468,5.27577374103237,7.575706445000199,5.786508213660396,"{""type"":""MultiPoint"",""coordinates"":[]}"
710,2021-05-12,2.9929597884726586,5,1.0926207045382876,2020.0,0.2667453948470528,22.615288784555005,16.439590891337605,11.705693727766898,3.568391323491452,2.9551958729493593,7.1551617245506565,4.860451114177763,"{""type"":""MultiPoint"",""coordinates"":[]}"
711,2021-05-13,8.7156698705186,5,0.029514307785660908,2020.0,0.2559478491221569,23.010989701878522,17.46941241012465,12.186512687936462,1.3212484935942894,2.853528456511382,4.463639977454869,3.446387497680578,"{""type"":""MultiPoint"",""coordinates"":[]}"
712,2021-05-14,13.07661561139203,5,2.9996782473046726,2020.0,0.26357246327985584,24.05540560258295,19.89220759091041,13.129679370894943,3.005958816135685,4.317243568354348,8.088643896304346,6.248097104697059,"{""type"":""MultiPoint"",""coordinates"":[]}"
713,2021-05-15,1.1889896653436685,5,3.1952096775180685,2020.0,0.2797152071134705,15.258186962205514,11.407770123983555,6.55797919680535,0.6921157220741548,-0.6643341348522054,4.000995632065713,2.0775764550566063,"{""type"":""MultiPoint"",""coordinates"":[]}"
714,2021-05-16,2.177593539201726,5,0.3377229200314388,2020.0,0.26948821833310665,22.52901358772408,15.42230966193899,8.837803953123544,1.2373700058589503,0.09057661251872039,3.594788086732263,2.4702809160040333,"{""type"":""MultiPoint"",""coordinates"":[]}"
715,2021-05-17,2.7190089353236604,5,0.0012876660093752434,2020.0,0.2551029865323402,26.305422634662946,19.530494812232927,13.819617976399742,1.812460595285286,2.5483678815284345,5.104728606148087,3.6972230408710542,"{""type"":""MultiPoint"",""coordinates"":[]}"
716,2021-05-18,5.714708499725227,5,0.0036740643810236535,2020.0,0.2390576241572151,29.51281796610822,22.489078573615636,15.814851668727743,2.6474630827448054,5.935343154515236,7.7649463522179145,6.521192338523017,"{""type"":""MultiPoint"",""coordinates"":[]}"
717,2021-05-19,9.420465449771445,5,0.004568659599254852,2020.0,0.22587945492215775,29.622856632131754,23.151246850636202,17.778778314839634,2.962730294660583,6.112546549713262,7.937600542500082,6.818499524604792,"{""type"":""MultiPoint"",""coordinates"":[]}"
718,2021-05-20,10.48517278515563,5,0.001610709095063525,2020.0,0.21551005249177752,28.52549903570011,21.277049472135257,13.96715329438827,2.709555591999249,4.443279808455287,7.968315708468607,5.233346614143385,"{""type"":""MultiPoint"",""coordinates"":[]}"
719,2021-05-21,11.151312739303002,5,8.523463748133508E-4,2020.0,0.20760386131728564,28.652788929092992,22.03339109953902,16.27041502476304,1.8582625823902597,3.6685242194581256,6.636610702797704,4.2446948466130054,"{""type"":""MultiPoint"",""coordinates"":[]}"
720,2021-05-22,11.962507881157293,5,0.012806851084670758,2020.0,0.19996178225859068,30.49270140408225,24.380284290923495,19.234155835386865,3.1372725289955237,6.123424342820014,8.260030998949771,7.014984748990047,"{""type"":""MultiPoint"",""coordinates"":[]}"
721,2021-05-23,4.757637118141263,5,2.213974132789803,2020.0,0.21422530380592802,21.43314392768815,13.6090531102124,9.616515248625134,3.0761662997639023,2.987671190021052,6.570223287918525,4.783996530781002,"{""type"":""MultiPoint"",""coordinates"":[]}"
722,2021-05-24,-4.38131092355935,5,2.2139693620573424,2020.0,0.212741178785511,19.609520715391728,14.099085023353767,7.053437446402661,3.7545140867213465,1.1609027645173884,7.282734482104072,4.213520500440398,"{""type"":""MultiPoint"",""coordinates"":[]}"
723,2021-05-25,-4.4174615302643705,5,0.06035818029921806,2020.0,0.20560447612072133,20.588720182582485,16.17604741951051,12.266079196000877,2.9587244831837283,2.376605018175507,5.929914982307079,4.47453457624349,"{""type"":""MultiPoint"",""coordinates"":[]}"
724,2021-05-26,5.3353970537132875,5,0.05040084071973515,2020.0,0.20057994169133123,19.442800202748266,13.281439680533188,6.534713996644193,1.383803929403342,2.9847876328391654,6.0582555804251905,3.5739467988896405,"{""type"":""MultiPoint"",""coordinates"":[]}"
725,2021-05-27,4.899837076313717,5,4.824428052619319,2020.0,0.20630742030248497,23.462971668638865,17.31894145305257,11.59732180347378,0.5475663855354588,1.7947989496543668,3.642120689974575,2.3580989965435935,"{""type"":""MultiPoint"",""coordinates"":[]}"
726,2021-05-28,7.805201526030846,5,5.918924503195415,2020.0,0.29327587127899873,19.14568201885165,13.658649039642244,8.111658810452093,0.2119135542380435,-1.9640620288584199,3.6651943624197463,2.179090307200304,"{""type"":""MultiPoint"",""coordinates"":[]}"
727,2021-05-29,5.100929739925487,5,4.319701885646621,2020.0,0.2759291768723697,22.649404121783448,17.22903331463189,11.77020617635663,1.316090055553891,0.24547603501517565,4.736233604930455,2.8906066848840455,"{""type"":""MultiPoint"",""coordinates"":[]}"
728,2021-05-30,8.1699553238662,5,0.7356449620731451,2020.0,0.2639742708787523,23.779324035798876,17.625810971140346,11.383030330079965,1.9119431771979705,3.2303730831620983,6.292123938866635,4.01316417361824,"{""type"":""MultiPoint"",""coordinates"":[]}"
729,2021-05-31,9.521563413024102,5,2.249247408598316,2020.0,0.2560269370079845,25.651458842594057,20.154713696762133,14.775080914531964,0.9636873947890252,3.9728711426837457,5.533201121331874,4.1846789039580345,"{""type"":""MultiPoint"",""coordinates"":[]}"
730,2021-10-01,1.487826542779587,10,0.13198091600206485,2021.0,0.3885353201861811,14.295916010440173,8.931372326254513,3.8124088196696033,0.7416362310234128,0.04195400894180471,3.3821197398428557,2.175797957070024,"{""type"":""MultiPoint"",""coordinates"":[]}"
731,2021-10-02,6.0663784589263505,10,4.026252489615272,2021.0,0.3832047890730069,18.00123619029442,14.989753407899983,10.32412850325134,0.4537150517321218,4.23487223161125,6.9268672907332025,4.538087007655704,"{""type"":""MultiPoint"",""coordinates"":[]}"
732,2021-10-03,9.168342599140647,10,4.428697051202825,2021.0,0.3961415615260747,22.728666431369813,14.867060972156231,7.012256644303802,1.974111248632584,-0.7860795154726382,6.834151523196435,4.124670661212883,"{""type"":""MultiPoint"",""coordinates"":[]}"
733,2021-10-04,3.278973737436258,10,1.072879381491647,2021.0,0.38527013532324683,13.498791795554125,10.470434161538321,8.560194674989724,-1.328697125826923,-2.6959151130451557,4.8491976608355385,3.0556915907120517,"{""type"":""MultiPoint"",""coordinates"":[]}"
734,2021-10-05,2.7793702074809103,10,8.52346317969932E-4,2021.0,0.37648324046458315,15.702967417061345,11.360852747174098,7.135972192720263,-1.0670964397321339,-2.186120630268356,3.6177257513512497,2.5493932452160353,"{""type"":""MultiPoint"",""coordinates"":[]}"
735,2021-10-06,2.676234224371883,10,0.314542608181517,2021.0,0.3718937676611547,14.746223859402846,10.565979792307049,4.712599596454047,-1.8557744568683805,-1.8571984495458407,3.8807158784813134,2.699940424409013,"{""type"":""MultiPoint"",""coordinates"":[]}"
736,2021-10-07,2.4446908781813916,10,0.3141282278521849,2021.0,0.3668412737876112,15.291509743836311,9.482806203252705,4.122782775014787,0.659336857892428,0.564495944274906,2.768577026293714,2.0939391813989694,"{""type"":""MultiPoint"",""coordinates"":[]}"
737,2021-10-08,6.690021911621978,10,0.001945361286557467,2021.0,0.36123175068888574,18.435407739945042,13.54958278075842,10.399980267734193,-1.2043623358180366,1.9358446263310565,3.8485555696222953,2.705443715673315,"{""type"":""MultiPoint"",""coordinates"":[]}"
738,2021-10-09,10.591180243750145,10,11.242393355897606,2021.0,0.3959903133552434,17.440041688616585,14.79571213395661,8.563780408120193,3.5406848409817657,3.6133812824469826,7.110978205436328,5.934930481048705,"{""type"":""MultiPoint"",""coordinates"":[]}"
739,2021-10-10,-2.397386064051996,10,11.242393029393147,2021.0,0.3931370823093597,13.650811165765132,9.11832045214293,3.215083160477571,4.5059436854033486,-0.6486498789476793,7.480975083174246,4.6102544308705165,"{""type"":""MultiPoint"",""coordinates"":[]}"
740,2021-10-11,1.838472939341324,10,8.645750426694576E-4,2021.0,0.38208845544580716,14.538214984728581,8.147591390995009,2.6842386165678924,0.2872214512085874,0.7462329945274138,2.4503656428194316,1.92070910835313,"{""type"":""MultiPoint"",""coordinates"":[]}"
741,2021-10-12,4.663151707133012,10,8.645750426694576E-4,2021.0,0.3754899657585024,17.198552974544718,10.536930202876574,6.296755562748074,-0.43092015333554495,1.4819587303939932,3.101519369244624,1.8439922758951393,"{""type"":""MultiPoint"",""coordinates"":[]}"
742,2021-10-13,9.133454402938828,10,1.5288637170859147,2021.0,0.37630674802719183,18.486434889715785,13.937242612973256,10.65722536607517,2.5218145458261207,3.4447272089640957,7.9263054951977505,4.377757176247172,"{""type"":""MultiPoint"",""coordinates"":[]}"
743,2021-10-14,3.742497427082196,10,1.5592840309372058,2021.0,0.37498592576241724,15.278464771542758,9.592767902470527,3.9704533476502664,0.40757621179183445,-1.0720499489131796,3.92257518085599,2.704182958322816,"{""type"":""MultiPoint"",""coordinates"":[]}"
744,2021-10-15,-8.402770730850216,10,0.14104909321272924,2021.0,0.3677491929010166,14.371806512135377,5.1072931727637805,-1.6970388886017342,4.603166072795522,-1.6663233434774218,7.230692607069311,5.295843156050978,"{""type"":""MultiPoint"",""coordinates"":[]}"
745,2021-10-16,-14.201291368618316,10,0.13776128134926852,2021.0,0.36225147114435513,2.8962985557146173,-0.7795995914277473,-4.569364645009718,3.422633096015658,-1.782411751522631,7.131827980389572,4.397062227473813,"{""type"":""MultiPoint"",""coordinates"":[]}"
746,2021-10-17,-6.322004808367695,10,0.020173404503286585,2021.0,0.35792753531548555,7.729742456330415,4.373441909009078,-0.885733456581874,2.545106026033143,4.132636518175398,6.632331131850991,4.920191680165056,"{""type"":""MultiPoint"",""coordinates"":[]}"
747,2021-10-18,-5.199779226822918,10,0.033579517046102084,2021.0,0.3551950520079784,7.421996568287305,1.7380893588970499,-4.259359347717788,-0.011629988366388545,-2.9347942379312757,5.658913205987378,3.3373236488943094,"{""type"":""MultiPoint"",""coordinates"":[]}"
748,2021-10-19,-6.712724577415447,10,0.03357302691068877,2021.0,0.352835788037765,6.489978287615046,1.5511454620953087,-2.126847512473247,1.3807491040161488,0.3326736519434352,3.4721734274431064,2.334577827397249,"{""type"":""MultiPoint"",""coordinates"":[]}"
749,2021-10-20,-2.73958039336527,10,0.0015834094548653386,2021.0,0.3501592090983253,10.025173431710275,3.042589554989505,-4.118789858539147,0.4514439702469338,0.43039151853212826,2.851170485327112,1.809001693992107,"{""type"":""MultiPoint"",""coordinates"":[]}"
750,2021-10-21,-2.3016139979201276,10,7.448772264535568E-4,2021.0,0.34809571297304426,9.602681943712465,2.9375825406701734,-2.2006487071122103,-0.8719180579854974,0.323271633272821,2.241664356664059,1.3047745369720738,"{""type"":""MultiPoint"",""coordinates"":[]}"
751,2021-10-22,-1.2683130146512656,10,0.0017195939108205494,2021.0,0.34582204677809625,11.097546881542812,4.482120121623107,-0.7032414243290579,1.217101500941044,0.10626401573869981,2.758626557313751,2.049057666926408,"{""type"":""MultiPoint"",""coordinates"":[]}"
752,2021-10-23,0.39320320450020974,10,0.0017195939108205494,2021.0,0.34292110158282796,13.069319291969174,6.949213319666269,3.1111720401642633,1.6119476125256271,2.9970588500167943,4.10416442926991,3.4696211988514976,"{""type"":""MultiPoint"",""coordinates"":[]}"
753,2021-10-24,3.94394697256523,10,8.583068797918258E-4,2021.0,0.34018984654825923,14.424448087053504,8.81328547542182,5.7088675211719115,1.4262479239551196,3.8360147905507813,4.869761625222455,4.131276663292843,"{""type"":""MultiPoint"",""coordinates"":[]}"
754,2021-10-25,7.03513314323057,10,0.005063507296211645,2021.0,0.33792606997579683,15.307290981182806,11.07078068783209,8.115892256417391,1.8797555982721643,4.415319614312887,6.030005173543408,4.81518604885129,"{""type"":""MultiPoint"",""coordinates"":[]}"
755,2021-10-26,0.8195307693425946,10,0.05446686144701305,2021.0,0.33655999182208124,12.598607956336425,7.527247260405712,1.7994649146713726,3.0167307111880604,-0.5666586530765154,4.962723203516879,3.373600131249175,"{""type"":""MultiPoint"",""coordinates"":[]}"
756,2021-10-27,-0.9394388415637863,10,0.053767018958881814,2021.0,0.33323785022200025,14.088378368218905,6.937091041820862,-0.061484780529365325,1.806572188272311,0.2674456850934134,6.591035195631687,3.167372863776529,"{""type"":""MultiPoint"",""coordinates"":[]}"
757,2021-10-28,0.017906599946580018,10,8.52346317969932E-4,2021.0,0.33091340766099614,13.943225751420679,7.559935679570508,2.5790452513187865,-1.1709163106822644,2.2406475065638434,3.1376890278913043,2.604284747240873,"{""type"":""MultiPoint"",""coordinates"":[]}"
758,2021-10-29,3.216928716972802,10,0.0,2021.0,0.3286650978760062,15.118267067170345,10.112500236245928,5.505585176643771,0.2683575714469673,3.4379167209629875,4.1717505435719024,3.4874903464585074,"{""type"":""MultiPoint"",""coordinates"":[]}"
759,2021-10-30,5.334503304692476,10,0.12045555973116612,2021.0,0.3276022738489893,15.73684369178362,9.590369793538141,3.499587821864029,1.608861216601847,-0.4395837398571705,5.5650213948233365,3.5663644818808455,"{""type"":""MultiPoint"",""coordinates"":[]}"
760,2021-10-31,-4.788147869139022,10,0.120882888767095,2021.0,0.32728238638629215,5.308587544896304,2.891398205980326,0.12748180950712945,0.2350555236597156,-3.2014748923825027,4.464196033663794,3.2381295141136923,"{""type"":""MultiPoint"",""coordinates"":[]}"
761,2021-11-01,-3.0814456326525037,11,0.0014209499171064296,2021.0,0.3259471303606658,7.402680762204341,2.2889173836780383,-2.7650900003139496,-0.04953645741620075,-1.072150559765321,2.504337701969166,1.6706564510681,"{""type"":""MultiPoint"",""coordinates"":[]}"
762,2021-11-02,0.44141851217603495,11,0.006124994135764353,2021.0,0.32500210094467985,9.246519521909065,5.843833014533625,0.9926489769096611,0.7344553083896344,3.4437906754017567,4.8775463564516155,3.6013630821636378,"{""type"":""MultiPoint"",""coordinates"":[]}"
763,2021-11-03,4.059377744786044,11,0.01332651110402168,2021.0,0.3241938625776981,11.797360549430415,7.305916140520086,4.183286301474481,1.6244637830999902,3.379335116928862,6.569250625647536,3.8263453571099943,"{""type"":""MultiPoint"",""coordinates"":[]}"
764,2021-11-04,6.490920720908684,11,0.02656351771127418,2021.0,0.3235734009636917,13.780597320407498,9.476742243545793,6.482783438089285,0.8028131633188241,3.0860098066527697,5.037909721618982,3.2987809911777157,"{""type"":""MultiPoint"",""coordinates"":[]}"
765,2021-11-05,7.5617911854837505,11,1.088024662740447,2021.0,0.3244874316511868,15.872653592249712,10.458188741133077,3.6514761820101724,1.4102474581064073,1.5817623280013469,5.599037859238491,3.746473947279205,"{""type"":""MultiPoint"",""coordinates"":[]}"
766,2021-11-06,-7.850185039457449,11,3.1553424127474523,2021.0,0.3339400612656284,2.3244231704514116,-1.9945850723586203,-4.773112539487142,-1.4120163706703344,-4.487026206736713,6.199883721701311,4.7508084334831056,"{""type"":""MultiPoint"",""coordinates"":[]}"
767,2021-11-07,-7.553290583515522,11,25.27932686145037,2021.0,0.34266865088019566,-2.4237896827788834,-4.3154851131073535,-5.143865848491732,-2.4635882464156573,-4.558177935165585,7.104503748483373,5.2082859302207405,"{""type"":""MultiPoint"",""coordinates"":[]}"
768,2021-11-08,-4.64169557347337,11,26.85563416539645,2021.0,0.4088134550768323,3.8286577055953988,-3.061141210020523,-7.846799312497017,-0.2804019563793768,-0.4908877030417684,7.617647053588505,4.791852401684473,"{""type"":""MultiPoint"",""coordinates"":[]}"
769,2021-11-09,-6.631803921261696,11,8.584947432792765,2021.0,0.3887398989456841,-3.632014321565568,-5.016360249817503,-6.682371713884861,3.927814022531215,-2.605693602603475,6.507279221637514,4.8504694978327825,"{""type"":""MultiPoint"",""coordinates"":[]}"
770,2021-11-10,-5.238329130333768,11,5.473419849682134,2021.0,0.3826319370733782,-1.9220528401191834,-3.41648718619975,-4.962669204616735,3.3621039423515806,-2.662236247493201,5.6227648357870015,4.457783796906146,"{""type"":""MultiPoint"",""coordinates"":[]}"
771,2021-11-11,-10.318300587298161,11,2.785194152918388,2021.0,0.37901759087366316,-1.8028793172934137,-7.108588191823823,-13.616752484860216,3.158036921518468,-0.517793882903815,4.732578720608558,3.642964142853844,"{""type"":""MultiPoint"",""coordinates"":[]}"
772,2021-11-12,-7.6584689067611285,11,0.029213818770863396,2021.0,0.3763977146475521,-1.4334053984705617,-3.7798149686909897,-13.157379354081167,2.6288220660459722,3.518964843479689,5.266160264247174,4.443677475708831,"{""type"":""MultiPoint"",""coordinates"":[]}"
773,2021-11-13,-6.256874990278382,11,0.0017225742112714215,2021.0,0.3809033381054193,3.3708858076565504,-3.219065744672297,-9.181226165375403,2.933204204448523,1.6572818375014213,5.254574678191289,3.530639131566936,"{""type"":""MultiPoint"",""coordinates"":[]}"
774,2021-11-14,-7.831089477221848,11,0.0039643364240501905,2021.0,0.3793198041510293,1.0559494512350212,-5.510166203340065,-10.370915881333232,1.2899603201530043,-0.0156169284615023,2.585007998782544,1.640489109903279,"{""type"":""MultiPoint"",""coordinates"":[]}"
775,2021-11-15,-9.35296501418137,11,0.004213384474621107,2021.0,0.3771801060240916,-1.6733181365601368,-6.908599274184848,-10.841446032669559,1.3287570662321393,1.3655952569560883,3.37373043742206,2.1124463430622913,"{""type"":""MultiPoint"",""coordinates"":[]}"
776,2021-11-16,-5.340594387413412,11,0.0016032049146774245,2021.0,0.37612438416225186,2.748961054179737,-1.991686869452534,-8.07142283524666,1.4802607689501772,3.4428290815003537,5.393959007634473,3.864984079781792,"{""type"":""MultiPoint"",""coordinates"":[]}"
777,2021-11-17,0.7633171981905196,11,0.030499224955884634,2021.0,0.4199348568976599,6.122114102884251,2.9981121370140182,-1.8469813120700465,3.030943606554697,4.6874680499011445,9.182981110327532,5.667659706281936,"{""type"":""MultiPoint"",""coordinates"":[]}"
778,2021-11-18,-6.74884138325369,11,0.07479278722096339,2021.0,0.41459183312780484,4.876442019348322,-0.6983554961393316,-6.619824408552546,2.634924935386372,-0.14047687148383461,4.842468184403052,3.1586844656058433,"{""type"":""MultiPoint"",""coordinates"":[]}"
779,2021-11-19,-9.056630951070023,11,0.0517381904002999,2021.0,0.4033064380094734,0.7959658914807702,-3.562396635913553,-6.54504650096033,-0.42238828992433747,-0.91891523292677,2.798486886138669,1.839465898037697,"{""type"":""MultiPoint"",""coordinates"":[]}"
780,2021-11-20,-8.642197711103776,11,0.001341447056369838,2021.0,0.39852694649596965,1.5641670472662732,-4.1378354804744255,-7.954538609144459,-0.9634636088605478,-1.6757029219352573,3.0015251833586922,2.257639169488642,"{""type"":""MultiPoint"",""coordinates"":[]}"
781,2021-11-21,-8.798002192333653,11,3.0912451814001782,2021.0,0.39350927821089243,-1.4810439397367061,-4.750337358932608,-8.14587671410748,0.6506576179634275,-2.388373810814047,5.4526984146924065,3.378700856801721,"{""type"":""MultiPoint"",""coordinates"":[]}"
782,2021-11-22,-15.846794762036186,11,3.171537698731746,2021.0,0.3900484849887053,-4.904300650990894,-8.639799519122061,-11.8658383797498,4.980695441262268,-1.6486139659955539,7.824333374499303,5.461580987912353,"{""type"":""MultiPoint"",""coordinates"":[]}"
783,2021-11-23,-17.925723763654513,11,0.3731271055878933,2021.0,0.38742194268681907,-5.701459974208229,-9.081532198461588,-13.992928412067874,4.769295736004568,-0.040792400485056515,6.945306582670935,4.841609003978613,"{""type"":""MultiPoint"",""coordinates"":[]}"
784,2021-11-24,-19.38041871839897,11,0.0012814997489840607,2021.0,0.3852719486921756,-4.572780049624761,-10.894095288419233,-15.369918480414496,3.059377621101447,0.23921609685704834,4.80830850153542,3.1468051847604657,"{""type"":""MultiPoint"",""coordinates"":[]}"
785,2021-11-25,-17.45175146999515,11,0.0014423311275325048,2021.0,0.3834601144615444,-4.8303063129506505,-9.351160703845819,-14.489261223288125,2.3068133863118727,0.15360341182457776,3.8923653523616046,2.395036989018371,"{""type"":""MultiPoint"",""coordinates"":[]}"
786,2021-11-26,-14.181935296357874,11,8.893292268826925E-4,2021.0,0.38189938698091414,-2.771036374587,-7.934895343052877,-12.322521770251596,1.1047394979843315,0.8362386631787486,3.044499362197007,2.119325012986151,"{""type"":""MultiPoint"",""coordinates"":[]}"
787,2021-11-27,-6.028019522345379,11,8.553266184208042E-4,2021.0,0.3807168931423651,2.635467446483312,-0.6256857241209134,-9.815331031828876,1.266216908922972,4.683865571452015,5.99927262562532,4.897614401479487,"{""type"":""MultiPoint"",""coordinates"":[]}"
788,2021-11-28,1.0768269864272284,11,0.07390675065731613,2021.0,0.4175909560371954,7.043279557619515,3.0427383392203917,-4.174800393024001,3.108828230964795,3.3430978963867903,7.624616949933554,5.751534683831521,"{""type"":""MultiPoint"",""coordinates"":[]}"
789,2021-11-29,-8.923875969327865,11,0.8504919492012464,2021.0,0.40816852680598315,-0.8739773247347438,-3.7860561333986227,-6.176920436265656,-0.6539904727541445,-1.944713837136392,3.4086992603014497,2.105907002227134,"{""type"":""MultiPoint"",""coordinates"":[]}"
790,2021-11-30,-12.986544195784145,11,0.866391680330398,2021.0,0.4000061260086011,-2.3613256964015434,-7.664474749826309,-12.174320681179895,1.4355785627500146,-3.0546452466996454,5.718027607761145,3.6176342016882894,"{""type"":""MultiPoint"",""coordinates"":[]}"
791,2021-12-01,-15.253773229155234,12,0.061874788312760325,2021.0,0.3957186363554986,-4.949304385420706,-7.044671121054291,-11.330469265398824,3.1742131373434788,1.434728340122351,6.400404722893308,4.678414686812601,"{""type"":""MultiPoint"",""coordinates"":[]}"
792,2021-12-02,-12.460531345630816,12,0.3101319344857415,2021.0,0.39264921271618175,1.2564883526754553,-3.967037213444055,-10.593972751058677,3.86537142902072,-0.05870175851892307,7.026024295441294,4.648260224343964,"{""type"":""MultiPoint"",""coordinates"":[]}"
793,2021-12-03,-15.730047167099622,12,0.3101319344857415,2021.0,0.390182140041077,-2.6273892920715842,-7.54607928207638,-12.188827094665234,2.1005129266290212,-0.39969304445265574,5.40010882594843,2.75197016114517,"{""type"":""MultiPoint"",""coordinates"":[]}"
794,2021-12-04,-15.701581364159113,12,0.004291533514333423,2021.0,0.38817672069383896,-1.1645166867421664,-4.753327251309784,-10.994000904591818,1.0130053556154965,2.7783223702684,6.284135095115784,3.1796061463558094,"{""type"":""MultiPoint"",""coordinates"":[]}"
795,2021-12-05,-1.5727430562342157,12,0.020283136270927968,2021.0,0.3979712497572517,6.665725496601726,1.8947433299580267,-3.328037765916976,3.014560141907133,4.206636362045267,7.954549104787408,5.536657095637021,"{""type"":""MultiPoint"",""coordinates"":[]}"
796,2021-12-06,-10.159931683814927,12,0.020041771317516905,2021.0,0.3938148603445227,2.1001081913212585,-3.3718447826211055,-6.847437248442138,1.7121598862939975,-0.23210814177464215,4.980524847644442,2.7935440680882686,"{""type"":""MultiPoint"",""coordinates"":[]}"
797,2021-12-07,-9.75498809107192,12,0.0017238896816706983,2021.0,0.38959786479235625,3.31719401243988,-2.2738253139245077,-5.264163810077996,1.2890237121007655,3.0337530372450754,4.175678036083848,3.3313954612816015,"{""type"":""MultiPoint"",""coordinates"":[]}"
798,2021-12-08,-4.765560269608918,12,0.0017238896816706983,2021.0,0.389204831275788,5.628354960470066,1.5422575042277338,-4.029769987990054,1.4559129483177797,4.203674735262915,5.822742552313983,4.4806307112967865,"{""type"":""MultiPoint"",""coordinates"":[]}"
799,2021-12-09,0.6055214363079939,12,0.46784548860353087,2021.0,0.395341789101582,5.5326644889745635,2.8969725118191865,-0.37038359829289413,2.0266119483696152,4.2410117507523415,7.297946412026398,4.789164984593634,"{""type"":""MultiPoint"",""coordinates"":[]}"
800,2021-12-10,-4.285609957092048,12,0.4769723970917346,2021.0,0.39254828285411475,1.7758502347461935,-1.809144733372566,-4.681900431280791,1.139761524265004,-0.046679460826204916,3.748452325331318,2.2874324057471487,"{""type"":""MultiPoint"",""coordinates"":[]}"
801,2021-12-11,-12.444726497517896,12,0.017182682829717865,2021.0,0.38768989066406834,2.4873772247432995,-4.202587245540577,-9.482401887092202,3.5083544321010365,-0.20647881816522395,6.038093247932083,4.414856852184311,"{""type"":""MultiPoint"",""coordinates"":[]}"
802,2021-12-12,-20.995700539754424,12,0.0017062248658546227,2021.0,0.3850149122729276,-5.645465030281153,-9.323268216320255,-11.882159980890926,3.300874398138975,-0.4912242567387183,6.754226640562407,3.9455855384416756,"{""type"":""MultiPoint"",""coordinates"":[]}"
803,2021-12-13,-12.870978455742014,12,8.658915492419606E-4,2021.0,0.3833391938198016,-1.0102886061713978,-3.903700010628749,-10.244162388513345,2.792171348714517,4.90169787506045,6.9864378169170145,5.655059337710506,"{""type"":""MultiPoint"",""coordinates"":[]}"
804,2021-12-14,-11.024092828384209,12,0.002435618737120136,2021.0,0.38196654249841017,1.3059414862139993,-5.5966192195224975,-10.751812409285671,1.6533879135905976,0.3350871199871411,5.260006827906608,2.4667246363981254,"{""type"":""MultiPoint"",""coordinates"":[]}"
805,2021-12-15,-11.128813239755061,12,0.31528139513724895,2021.0,0.3807780325657211,-1.8967410384794696,-5.688043034854254,-10.490344625601919,-0.7275932823595651,0.02794655250480964,3.1537672333383715,1.4190175943011964,"{""type"":""MultiPoint"",""coordinates"":[]}"
806,2021-12-16,-19.326788817872426,12,0.7818358645314447,2021.0,0.37973058970498685,-7.98155378466729,-12.454944122565621,-16.779769653649495,1.2461305901511177,-2.815968548516838,5.708899152110336,3.7094398146592487,"{""type"":""MultiPoint"",""coordinates"":[]}"
807,2021-12-17,-26.137956821238667,12,0.7692202938239936,2021.0,0.37892498823489845,-12.703785060803469,-14.203305751453966,-16.70054711130161,2.482342561702192,0.9752135751247275,4.786581363539956,3.6783754461458416,"{""type"":""MultiPoint"",""coordinates"":[]}"
808,2021-12-18,-21.010368509065938,12,0.031963840928183,2021.0,0.3784072094134009,-5.398409210158763,-10.5741419274108,-13.479238935323,2.164925220287398,1.4485661845119078,3.995883007489893,3.099016494161816,"{""type"":""MultiPoint"",""coordinates"":[]}"
809,2021-12-19,-15.249220397613145,12,0.03195852518443333,2021.0,0.37803102076753514,-1.862890393533432,-5.846378571470482,-11.696110203670795,2.467840650455491,3.234132014564521,5.534627315864008,4.248686760855246,"{""type"":""MultiPoint"",""coordinates"":[]}"
810,2021-12-20,-12.513775260475636,12,0.0022935180295215697,2021.0,0.37767668872530863,2.09497225343651,-4.011385620004005,-10.684513454543325,3.2636930467948635,-0.5422428529700162,4.934693046208477,3.771520168721219,"{""type"":""MultiPoint"",""coordinates"":[]}"
811,2021-12-21,-26.02152510923282,12,0.002382835560372898,2021.0,0.37729190206171415,-9.379474248842689,-13.528579687138556,-16.98016463947921,-0.14577530649205434,-1.782478086264845,4.265484721559,2.5490396493983725,"{""type"":""MultiPoint"",""coordinates"":[]}"
812,2021-12-22,-25.5167588983267,12,0.007898778698389891,2021.0,0.3771347203638603,-10.153125197003726,-14.225226283902568,-17.158178626066412,-1.6717337464688844,-1.1709185870914447,2.9888918994970175,2.0734768247158555,"{""type"":""MultiPoint"",""coordinates"":[]}"
813,2021-12-23,-26.23747885201616,12,0.02314253420755914,2021.0,0.3770938459437405,-10.929572646814377,-17.042983634456203,-22.91366902281778,0.2817627830621641,-2.27276756815833,4.231309466152409,2.555441775315052,"{""type"":""MultiPoint"",""coordinates"":[]}"
814,2021-12-24,-32.85354087594264,12,0.02313737430842556,2021.0,0.3770881442047451,-18.836220175175512,-22.13071905299313,-24.784800910788956,1.375789997999478,-2.0146998447195545,3.873585610146383,2.571529150672178,"{""type"":""MultiPoint"",""coordinates"":[]}"
815,2021-12-25,-30.94582509936103,12,8.52346317969932E-4,2021.0,0.37709329626427485,-17.89857634700772,-21.252128176590272,-24.430173932603847,2.067156816648697,0.26375479081740744,3.915354416954895,2.644320436842603,"{""type"":""MultiPoint"",""coordinates"":[]}"
816,2021-12-26,-25.119872105877757,12,0.002504491567122097,2021.0,0.37709291145114265,-13.64447819323838,-16.802742967316785,-22.358336443557867,2.14131170389016,1.5000210244224703,3.4552219978954795,2.7967131193573755,"{""type"":""MultiPoint"",""coordinates"":[]}"
817,2021-12-27,-21.401516014573605,12,0.0025003718208526297,2021.0,0.3771014923232013,-9.996934202969928,-14.512411855760515,-17.582067436451,0.20215047108362866,-0.03933317661687254,4.04941261464953,2.57771239181646,"{""type"":""MultiPoint"",""coordinates"":[]}"
818,2021-12-28,-17.135976322426316,12,0.00954775339176047,2021.0,0.3771009363748499,-3.121170625697876,-10.108686972101093,-16.191009475705417,1.7282998481488816,0.4289329178956555,5.567244171256378,3.5120834231432894,"{""type"":""MultiPoint"",""coordinates"":[]}"
819,2021-12-29,-22.185927435770285,12,0.04426636107951318,2021.0,0.37712909331568994,-11.275680158014886,-14.561378384145472,-16.533333688077228,1.3492698422026934,-0.6886682966611543,3.9632325099479093,2.9130140367758477,"{""type"":""MultiPoint"",""coordinates"":[]}"
820,2021-12-30,-27.28752069360211,12,0.04426882058312812,2021.0,0.3771515402661812,-13.725926694061455,-17.521951682680506,-20.782593398911523,2.0816025799784454,-1.1203680081383305,5.4394935991759015,2.958131737538692,"{""type"":""MultiPoint"",""coordinates"":[]}"
821,2021-12-31,-27.11597181957044,12,0.0017151471070064872,2021.0,0.37716053917110753,-12.291310678492007,-16.256638400285,-20.490977691748103,-0.5797302160271637,-0.06764796980512741,3.6353148385127487,2.4994496568428186,"{""type"":""MultiPoint"",""coordinates"":[]}"
822,2022-01-01,-18.08766242028942,1,0.35221135876580384,2021.0,0.3771750464976,-3.1110835631058653,-10.871763020278648,-16.242083718630816,2.3689139184137895,0.340588537225081,6.062908530573192,3.769886793094097,"{""type"":""MultiPoint"",""coordinates"":[]}"
823,2022-01-02,-21.862224035425395,1,0.35221135876580384,2021.0,0.37718851742191767,-6.286002579648339,-11.64657144390588,-15.8012364564809,2.589384644679444,1.3094915251456203,5.69238774610036,3.291876091494291,"{""type"":""MultiPoint"",""coordinates"":[]}"
824,2022-01-03,-20.440407416539088,1,0.0017195939108205494,2021.0,0.377192075309194,-6.05175167014941,-12.350810517251555,-17.781576350340835,2.62242780012243,-0.9448245443034107,5.626867489569909,3.001145308613663,"{""type"":""MultiPoint"",""coordinates"":[]}"
825,2022-01-04,-23.64247629587967,1,0.0016901151980164286,2021.0,0.377195758627763,-9.11320775731424,-14.114748122704277,-17.78635015495706,-0.08087901789403058,1.0027673117893061,2.3910164272972096,1.6581556739616703,"{""type"":""MultiPoint"",""coordinates"":[]}"
826,2022-01-05,-19.38025844474743,1,0.0,2021.0,0.377192190560245,-4.214738188910259,-11.052769794396584,-16.436400241231333,1.1800403072027772,0.02568979261698259,3.360970990409031,2.6019215444949646,"{""type"":""MultiPoint"",""coordinates"":[]}"
827,2022-01-06,-20.154696962759587,1,4.351138045421976E-4,2021.0,0.377191368157465,-8.751048469382697,-12.605662611033285,-16.332266150480475,0.06012436700500837,0.9491538126566845,3.1347792760606015,1.9399093328941752,"{""type"":""MultiPoint"",""coordinates"":[]}"
828,2022-01-07,-11.00649322800383,1,0.008138735357184916,2021.0,0.3772065718124823,-1.3009276248141466,-5.660849081108311,-12.190084712846494,2.218698412643751,3.0583027159674105,4.887334917247135,3.902658097652487,"{""type"":""MultiPoint"",""coordinates"":[]}"
829,2022-01-08,-17.07256019466263,1,0.025894908751775046,2021.0,0.3773205657106844,-7.52044237742188,-12.084328350661004,-15.869103017344377,0.42810927396999665,-1.6710807884320151,5.003198751041201,2.77805724291036,"{""type"":""MultiPoint"",""coordinates"":[]}"
830,2022-01-09,-17.211049674774742,1,0.025373151007967668,2021.0,0.3773230668888835,-5.181167651918571,-11.077243185308541,-15.408941542372888,1.7470606954936685,0.5412253893870399,3.1301815604208736,2.1742708027120536,"{""type"":""MultiPoint"",""coordinates"":[]}"
831,2022-01-10,-21.477850056214297,1,0.07449423378936078,2021.0,0.3773419734192496,-10.436123718436585,-15.276010239489292,-20.026301775568534,2.0594435735153103,-1.674130102363662,4.837284580165927,2.7295032524932186,"{""type"":""MultiPoint"",""coordinates"":[]}"
832,2022-01-11,-24.199703387987988,1,0.07449404893245486,2021.0,0.377355281727603,-12.555772422791797,-16.825823388484633,-19.782797762010652,1.3053050623280842,-0.10201277527368986,3.3890139885378257,2.0672957383778128,"{""type"":""MultiPoint"",""coordinates"":[]}"
833,2022-01-12,-22.285518608176837,1,0.08592060780456895,2021.0,0.37736562067380475,-9.445988457411453,-13.964094251551975,-18.52771329714197,2.295050014142971,-0.03705413286334594,3.971697485279163,2.8940710517143238,"{""type"":""MultiPoint"",""coordinates"":[]}"
834,2022-01-13,-23.005003551001124,1,0.08721911227062142,2021.0,0.37738113959482994,-10.654647817375386,-15.047986400207094,-17.499305967365956,0.7894279270588975,-0.16487208274825452,4.148496685705785,2.491941722470866,"{""type"":""MultiPoint"",""coordinates"":[]}"
835,2022-01-14,-14.465779531716654,1,0.0026761633967297416,2021.0,0.37738348453311066,-1.7257276675521294,-6.091309197791936,-15.828968402882468,0.3669795243081984,4.211486203837003,5.602121198076617,4.482861230916038,"{""type"":""MultiPoint"",""coordinates"":[]}"
836,2022-01-15,-18.10166014896307,1,0.036758870127215994,2021.0,0.37739588187058226,-5.847022814021692,-11.319865143514075,-17.29334825534713,3.085334036174643,-1.1643804728807354,5.077226280556466,3.459016302875837,"{""type"":""MultiPoint"",""coordinates"":[]}"
837,2022-01-16,-23.303403167664587,1,0.13767063904025598,2021.0,0.3773991158654352,-9.958288443054355,-13.690494767941326,-17.00405549757117,1.8519870803706993,0.4729730329712334,3.2450474030210246,2.2556492395534935,"{""type"":""MultiPoint"",""coordinates"":[]}"
838,2022-01-17,-22.31579493472223,1,0.15175644074124472,2021.0,0.3774220510924612,-9.246433718289271,-14.722855271879972,-18.607090864208825,0.7850569265264766,-1.3752731691552618,4.6597938051433605,2.37969336424855,"{""type"":""MultiPoint"",""coordinates"":[]}"
839,2022-01-18,-24.62369746646422,1,0.05559186483971907,2021.0,0.37744455714193353,-9.873666385436508,-14.533122176305294,-19.309605079289522,-1.2427538010811394,-1.7686229625225902,3.0169825264943544,2.356138942328853,"{""type"":""MultiPoint"",""coordinates"":[]}"
840,2022-01-19,-24.43025830848222,1,0.055584074834330345,2021.0,0.3774601478604523,-12.28248779358598,-16.99029247961831,-20.381911805032487,0.2148086702805556,-1.7419281972513512,3.8470278206167636,2.2747125994557518,"{""type"":""MultiPoint"",""coordinates"":[]}"
841,2022-01-20,-23.85222341872995,1,4.410743663640915E-4,2021.0,0.3774583993235884,-9.464976488862757,-14.835270976950596,-19.795117904531907,-0.6032913170930303,0.30063960597624817,2.228625395771087,1.2299451062786428,"{""type"":""MultiPoint"",""coordinates"":[]}"
842,2022-01-21,-23.354096025413007,1,0.0012511177393365821,2021.0,0.37746110651772896,-5.5141097793566045,-11.63205371888621,-17.656809846076584,-2.243781468005481,-0.8752503278543592,3.1199981342819965,2.459563737723964,"{""type"":""MultiPoint"",""coordinates"":[]}"
843,2022-01-22,-23.70759961704596,1,0.010013254432569214,2021.0,0.3774651496274681,-5.522304770107817,-10.875394051733599,-15.707545224550923,-0.9574049112669399,-1.9945325690163977,2.7081513244090303,2.309977443227523,"{""type"":""MultiPoint"",""coordinates"":[]}"
844,2022-01-23,-23.085326001370724,1,0.009991218009131891,2021.0,0.37746729755128366,-7.0134225268920725,-12.340427374763415,-15.552392535432263,-1.1931502811961905,-1.8035412743437318,2.7160298150031883,2.330704197771068,"{""type"":""MultiPoint"",""coordinates"":[]}"
845,2022-01-24,-20.024146779271074,1,8.52346317969932E-4,2021.0,0.3774691021866368,-4.072751085444342,-10.635349986812907,-15.255059509431636,-1.7203429782515853,-0.9384691390678305,2.7321070762598154,2.04985772586461,"{""type"":""MultiPoint"",""coordinates"":[]}"
846,2022-01-25,-17.23537365242404,1,0.0258332137775338,2021.0,0.3776766460218741,-3.6572061926724015,-9.404078988446495,-15.502814193923601,1.6565140326630305,-0.4689320264903943,2.70108914721965,1.8535247533103174,"{""type"":""MultiPoint"",""coordinates"":[]}"
847,2022-01-26,-18.588211478331857,1,0.0258332137775338,2021.0,0.3777089443385748,-6.942826066305661,-12.48224843516697,-16.752246301041136,1.8113014559523708,-0.18518922919536943,3.2600093327860433,2.0864045794350483,"{""type"":""MultiPoint"",""coordinates"":[]}"
848,2022-01-27,-18.77337302218607,1,0.00261080981565212,2021.0,0.3777124059421978,-6.236432447486495,-12.282904058735335,-16.632363608440805,2.122398803070548,-0.1406627238898527,3.0589771548233573,2.304779094556806,"{""type"":""MultiPoint"",""coordinates"":[]}"
849,2022-01-28,-19.680227875239357,1,0.0025581062459423265,2021.0,0.3777208408617399,-7.1296147953292355,-12.25708866572671,-16.58750656079063,3.065573977636445,-0.338693538457666,4.839156966856709,3.1757534649997696,"{""type"":""MultiPoint"",""coordinates"":[]}"
850,2022-01-29,-19.5590002596703,1,0.0012934207802572928,2021.0,0.37772227799037156,-5.876694032150498,-11.27952543168972,-15.848883354975268,2.9337388521982417,0.22507070804541088,4.554292555314221,3.0667157534157488,"{""type"":""MultiPoint"",""coordinates"":[]}"
851,2022-01-30,-19.34829248957394,1,0.0012814998058274796,2021.0,0.37772677540678673,-4.686918469108639,-11.128532735199927,-16.220840950983067,0.680564506595487,-0.38728529319675326,2.770333152000052,1.9697056749261714,"{""type"":""MultiPoint"",""coordinates"":[]}"
852,2022-01-31,-19.351513207784556,1,0.002477559746234287,2021.0,0.3778553410884847,-3.162029293233238,-9.964035191255439,-16.39816188558284,-0.5068687341931066,-1.5113255890629738,3.091191390175304,2.1953513121791297,"{""type"":""MultiPoint"",""coordinates"":[]}"
853,2022-02-01,-21.183543360783155,2,0.0024757584264824633,2021.0,0.37787472217884943,-7.925044111865519,-12.675667715745046,-16.285171725338856,2.5839806043389766,0.042798426467532895,3.7056238066712592,2.7975226162981666,"{""type"":""MultiPoint"",""coordinates"":[]}"
854,2022-02-02,-21.716376547591306,2,8.52346317969932E-4,2021.0,0.37787338610251076,-8.23284983143884,-13.468277656164672,-17.8624219232479,2.8746331195240855,-0.06197024292541066,4.971092811151652,3.0528560619281544,"{""type"":""MultiPoint"",""coordinates"":[]}"
855,2022-02-03,-22.392664990622542,2,4.484626606213248E-4,2021.0,0.37787219351399814,-8.733289749040045,-13.961370954626588,-18.66286390244447,2.6415961854236447,-0.2996404777384119,3.828888417614724,2.766631442148213,"{""type"":""MultiPoint"",""coordinates"":[]}"
856,2022-02-04,-23.150825343905435,2,0.001294023491027474,2021.0,0.37787260634958497,-10.029619431861333,-14.589768481665791,-18.222185972217904,2.923655751434778,-0.6152106234716418,4.652872876269778,3.1824493735199586,"{""type"":""MultiPoint"",""coordinates"":[]}"
857,2022-02-05,-21.499450473216356,2,0.011265195129486826,2021.0,0.37787638482662245,-8.700886788457419,-13.406156361902053,-17.20740023133485,2.5777186331531166,-0.23446588227170073,5.314485945503524,2.974218699121699,"{""type"":""MultiPoint"",""coordinates"":[]}"
858,2022-02-06,-18.811233459512074,2,0.011262167428522865,2021.0,0.37787627059359585,-5.405180249583052,-10.98165605837483,-15.584192124454672,2.6121027995926718,0.3201005411681196,4.6161860948506845,2.919770442053252,"{""type"":""MultiPoint"",""coordinates"":[]}"
859,2022-02-07,-17.41462270667146,2,0.002282489190160237,2021.0,0.37787214116612433,-3.129263946054818,-8.638675429811753,-13.977023142086946,1.8357089290364925,1.7454884127958676,3.299749740716343,2.732018023390497,"{""type"":""MultiPoint"",""coordinates"":[]}"
860,2022-02-08,-14.287859704648644,2,8.52346317969932E-4,2021.0,0.3777538479375763,-1.1098872102614716,-6.955163540848968,-11.212068214590087,1.0129240844964895,1.3700290658285237,3.6432210769222095,2.4565351728317033,"{""type"":""MultiPoint"",""coordinates"":[]}"
861,2022-02-09,-12.664715840022286,2,0.0038630359995295294,2021.0,0.37736619071375366,3.5836502988202477,-3.610045236437155,-9.633901968537565,1.452119731897718,2.855874528750403,5.44084265757387,3.3307752154905783,"{""type"":""MultiPoint"",""coordinates"":[]}"
862,2022-02-10,-8.573102458626142,2,0.40241582345328536,2021.0,0.37724720571099923,3.989875189843741,-2.78257660622795,-8.708312896208982,0.7146023271780245,1.5157902072109444,3.682418662981075,1.9492485523234362,"{""type"":""MultiPoint"",""coordinates"":[]}"
863,2022-02-11,-13.807986623945224,2,0.4083536787528255,2021.0,0.3766651385031001,-3.7794802600288797,-8.783435341647307,-14.244203162631303,1.900674301611252,-0.7283296550255869,6.007620970040412,3.0224984022231425,"{""type"":""MultiPoint"",""coordinates"":[]}"
864,2022-02-12,-16.709165278514625,2,0.04068566789197899,2021.0,0.3764225256108818,-3.778581746762163,-9.676187610288645,-15.788985422154639,-0.5739403468610546,-1.3553723021098505,3.1002986768675105,1.9318983182000273,"{""type"":""MultiPoint"",""coordinates"":[]}"
865,2022-02-13,-20.608212990554232,2,0.31826792128722114,2021.0,0.3763254809040684,-5.695768847096593,-9.99552547689085,-14.232870951475212,-2.296233744438837,-2.8441373602956435,4.324221337634052,3.71805474083407,"{""type"":""MultiPoint"",""coordinates"":[]}"
866,2022-02-14,-20.14759866521694,2,0.3585823323665774,2021.0,0.3763253147518095,-8.610833831277867,-13.108457783571982,-17.860470179331628,0.6971970751108876,-3.3137219656758843,5.561561288931794,3.621192584050191,"{""type"":""MultiPoint"",""coordinates"":[]}"
867,2022-02-15,-22.585877750533236,2,0.2548903604851782,2021.0,0.3763353782421058,-8.737260796813585,-14.120946505000193,-18.324770577046703,2.2119891957906113,-1.1218118264143495,4.774406403796411,2.706716955386149,"{""type"":""MultiPoint"",""coordinates"":[]}"
868,2022-02-16,-20.75502660367599,2,0.2564344283261791,2021.0,0.3763354422168871,-8.670742342119631,-13.697625704731601,-17.905857730301577,2.139555384626657,-1.987740702291267,5.368934574834795,3.005848631035474,"{""type"":""MultiPoint"",""coordinates"":[]}"
869,2022-02-17,-19.83800817483514,2,0.2564344283261791,2021.0,0.37633131150349036,-5.570152881184438,-9.927268226538216,-15.834958124409896,-0.279067463362858,0.9832323255334803,3.615951556373383,1.860157573446726,"{""type"":""MultiPoint"",""coordinates"":[]}"
870,2022-02-18,-18.51189201715467,2,0.11677733113426958,2021.0,0.37631647005075297,-1.292371605404205,-8.338428573591237,-15.422655191940683,3.407596289478626,0.8667993759384279,6.841618079758139,4.101753695542081,"{""type"":""MultiPoint"",""coordinates"":[]}"
871,2022-02-19,-20.25607335122622,2,0.3153477219649945,2021.0,0.376305398448638,-6.3100260243495185,-11.778759690848428,-17.162703310955067,2.513237970599607,-1.162251551966097,4.5363505311968435,2.979870752478917,"{""type"":""MultiPoint"",""coordinates"":[]}"
872,2022-02-20,-22.4197926607083,2,0.3153452466882949,2021.0,0.3763041680860712,-6.525122193761304,-12.18696904904961,-16.742244623885984,2.2829282999480736,-0.14568752569793034,4.564256420197152,2.910163693430796,"{""type"":""MultiPoint"",""coordinates"":[]}"
873,2022-02-21,-23.788054718964005,2,0.030382452370966553,2021.0,0.3763033429506999,-7.603463293500219,-13.447668157196338,-18.690838613531014,2.687322506309059,-1.1661809800923477,5.407746225251719,3.1680396533085355,"{""type"":""MultiPoint"",""coordinates"":[]}"
874,2022-02-22,-23.90439938529634,2,0.03192611509894752,2021.0,0.37630204421977365,-8.605062477861493,-14.28954332371936,-18.326841063300918,1.4773840562126153,-0.2499162478355607,3.466596709349885,2.440480273957379,"{""type"":""MultiPoint"",""coordinates"":[]}"
875,2022-02-23,-22.067229493753743,2,0.017338876642733772,2021.0,0.3763005656736327,-3.922296084454281,-9.245376236370822,-15.221103138283075,2.455594626951302,2.5172737221870816,4.394096934685947,3.610143111770555,"{""type"":""MultiPoint"",""coordinates"":[]}"
876,2022-02-24,-15.947563375398742,2,8.70227722771233E-4,2021.0,0.3761255840912545,2.2228298236764217,-4.031132887443704,-10.053276017518685,2.8242237686447855,2.968457461053105,5.086961881412848,4.206142899839904,"{""type"":""MultiPoint"",""coordinates"":[]}"
877,2022-02-25,-11.694454001812401,2,8.538407037630118E-4,2021.0,0.3763216104297949,7.09485382486433,-0.3071562574300543,-5.670214757850172,3.4973223178438544,2.4370537762213544,6.750106315796123,4.514159009034343,"{""type"":""MultiPoint"",""coordinates"":[]}"
878,2022-02-26,-14.144186326997826,2,8.578001982214815E-4,2021.0,0.37513566291749506,3.3084150483108976,-2.113312794903783,-6.004097297857466,3.466847266874407,-0.15784135564832696,5.8200659925312745,3.9720376578525207,"{""type"":""MultiPoint"",""coordinates"":[]}"
879,2022-02-27,-14.340245033991552,2,9.029595322592325E-4,2021.0,0.3743288038125086,5.580573233998753,-1.5948442093153288,-7.120164174437201,3.3236757286265104,0.2256064186726296,7.444602394253157,3.7129509330503074,"{""type"":""MultiPoint"",""coordinates"":[]}"
880,2022-02-28,-10.809151183895121,2,3.0086424382846997,2021.0,0.37385247154070816,3.736420397338171,-1.7743622482636492,-7.136595417423251,1.4637179290774815,-0.6464127216575403,3.723773535421859,2.2936769485512403,"{""type"":""MultiPoint"",""coordinates"":[]}"
881,2022-03-01,-15.323193668661437,3,3.0086382853991385,2021.0,0.3734098877342333,3.32414569350013,-1.9802621433684982,-5.633842900846955,2.689957813691796,2.25674937158376,4.9894395024156095,3.9851705163747746,"{""type"":""MultiPoint"",""coordinates"":[]}"
882,2022-03-02,-14.287777508306409,3,0.0020070758863555507,2021.0,0.37366302828218406,4.798102389421975,-2.510261334482935,-8.760888858076955,3.049215934552387,-0.5973226506627408,7.442222120957025,3.7512451154134148,"{""type"":""MultiPoint"",""coordinates"":[]}"
883,2022-03-03,-15.086914930478098,3,0.002687234630847955,2021.0,0.37377080516042566,4.508963816655805,0.2716477836516159,-5.23966769140162,1.6707126253729114,4.714216102836603,7.7862569503724215,5.080855894582156,"{""type"":""MultiPoint"",""coordinates"":[]}"
884,2022-03-04,-15.618380484663223,3,0.11286547414457532,2021.0,0.37520451339163585,6.9995343286593945,-0.41050342600747164,-5.030728100034512,5.622535270816512,-0.5907362303416902,8.388302348377792,6.353377486509585,"{""type"":""MultiPoint"",""coordinates"":[]}"
885,2022-03-05,-19.7160236101886,3,0.11603852987053459,2021.0,0.3729739099401083,1.6848278056584896,-2.893478913690001,-7.673544226652352,4.717078540424155,-3.2686927706292868,9.095894837206398,5.777713803743851,"{""type"":""MultiPoint"",""coordinates"":[]}"
886,2022-03-06,-20.280127379730683,3,0.006309068805343754,2021.0,0.37181484839227597,2.172706604775485,-2.482736601326659,-5.716002407745852,0.30328410440257747,1.041357890200941,2.89582292399681,2.3252916584279153,"{""type"":""MultiPoint"",""coordinates"":[]}"
887,2022-03-07,-14.341312906614691,3,0.004344881398303758,2021.0,0.37236567699304424,6.128348978345785,0.32805377808682645,-4.844286982325564,1.0649013176373712,1.1903864001081175,3.6392866369544463,2.3728945032608064,"{""type"":""MultiPoint"",""coordinates"":[]}"
888,2022-03-08,-9.164427357586879,3,0.002157688072657038,2021.0,0.37170264321610175,10.0942547251478,1.5004751749069454,-5.994699084849154,1.4111323633906057,0.6791723146821163,5.497590627738504,3.0629041919232707,"{""type"":""MultiPoint"",""coordinates"":[]}"
889,2022-03-09,-6.38367521330052,3,0.006684660191132723,2021.0,0.36941554306718694,10.964326811391375,5.269209287450463,-0.3582116213653148,1.7937367256722228,4.896469812439002,7.06971567951151,5.284180759981446,"{""type"":""MultiPoint"",""coordinates"":[]}"
890,2022-03-10,-7.04413190119733,3,0.049510231176184395,2021.0,0.36535916407996816,12.243850820654892,4.485356806846123,-2.061451943142083,3.4044699675046033,-0.1644765543223727,7.138730629273169,4.105371091996349,"{""type"":""MultiPoint"",""coordinates"":[]}"
891,2022-03-11,-17.38449611615594,3,0.047892304598565145,2021.0,0.36030839039935286,8.002537447635092,1.7502366206627322,-3.9636245197737643,1.2377825080695415,-0.32444556539423974,6.383820658496444,3.4518755518619377,"{""type"":""MultiPoint"",""coordinates"":[]}"
892,2022-03-12,-3.668703557459214,3,5.041484354834847,2021.0,0.36208262733679386,2.8585506378127783,0.8725686878560506,-2.421154368002076,-0.185760426189104,1.4575178630700703,4.241094182660189,2.849062037312469,"{""type"":""MultiPoint"",""coordinates"":[]}"
893,2022-03-13,-3.315437603205768,3,5.042237752822722,2021.0,0.3758060595273799,5.08623090133528,1.534974214013871,-0.7455754030459868,-1.2217330671145725,-1.9429195597772015,3.1365512160184412,2.538524483327213,"{""type"":""MultiPoint"",""coordinates"":[]}"
894,2022-03-14,-6.431432783558775,3,2.8468750912152596,2021.0,0.37657943447826114,2.549012338421972,-1.3250417503923808,-6.578842644536333,0.5053736445970621,-2.1318752272315655,5.881276526910403,3.2319699139530536,"{""type"":""MultiPoint"",""coordinates"":[]}"
895,2022-03-15,-2.9560362601696526,3,5.605700032899499,2021.0,0.39034171763199965,3.737368413583461,-0.20602275420387944,-3.3290477033210157,0.8260057105248654,-0.03055871764664788,5.524976788697036,3.8528123748752723,"{""type"":""MultiPoint"",""coordinates"":[]}"
896,2022-03-16,-18.934508237437413,3,5.612707717732518,2021.0,0.3868617255993523,0.08114922049476617,-6.1177512615046545,-12.453056251092503,2.241504615930716,-2.659288818912967,5.737422286989609,3.6162095249956385,"{""type"":""MultiPoint"",""coordinates"":[]}"
897,2022-03-17,-21.20893003595658,3,0.03123400268005579,2021.0,0.38297200241787555,-0.9369214550270769,-6.086526565298845,-10.712457677628024,-1.3475901001832136,-1.828979398301562,3.6799803100703032,2.557756985541795,"{""type"":""MultiPoint"",""coordinates"":[]}"
898,2022-03-18,-18.437540009613947,3,0.26545671725100345,2021.0,0.37993703203808377,-0.07059924512893359,-4.372080943972745,-7.588506416540674,-1.6832644286145788,-3.49936955853442,4.9235900598520415,4.042121376651549,"{""type"":""MultiPoint"",""coordinates"":[]}"
899,2022-03-19,-21.091952522514,3,0.26545671725100345,2021.0,0.3777425388679311,2.7562140648188036,-3.6452082272573385,-9.113523134340525,0.18397382781293822,-2.409410107791461,5.442255371174472,2.9416107751072635,"{""type"":""MultiPoint"",""coordinates"":[]}"
900,2022-03-20,-15.88673130714581,3,0.0056391301031867,2021.0,0.3861393966301887,5.327555764097223,-0.40469598545638036,-4.318392660403621,1.3377933356057226,2.147029186850271,3.8672740630203957,2.8388697694159983,"{""type"":""MultiPoint"",""coordinates"":[]}"
901,2022-03-21,-16.484697830763416,3,0.007165177818646441,2021.0,0.3869479472626863,5.371854996661145,-0.904078151416309,-6.035900191707773,2.528260448071534,0.4004521131301183,5.434286045475819,3.3689364074128942,"{""type"":""MultiPoint"",""coordinates"":[]}"
902,2022-03-22,-13.594624082487172,3,0.0025774588021605076,2021.0,0.38758643690578953,7.983194417228577,2.371469164433157,-2.1458093444834287,2.5276441867917216,3.375308870077067,5.2897771833138725,4.425270231065714,"{""type"":""MultiPoint"",""coordinates"":[]}"
903,2022-03-23,-2.5426805732718725,3,1.5989941238608245,2021.0,0.3957568752182301,8.29685161107714,2.222771940965932,-2.471629693812328,1.249106864345443,3.3995575178834243,6.046051664975132,4.014583167145712,"{""type"":""MultiPoint"",""coordinates"":[]}"
904,2022-03-24,0.5131599135650651,3,1.6053588006602142,2021.0,0.3980592982917298,11.987056917479592,8.113057690201503,1.5417850681487124,2.067088027363165,5.107327075565564,9.142703601406833,5.848476715778238,"{""type"":""MultiPoint"",""coordinates"":[]}"
905,2022-03-25,-4.934527948206862,3,0.707827017796852,2021.0,0.3871568788255936,11.732128552363399,4.915623907435062,-2.1824547036429696,1.71718350107251,-0.28860525733547626,6.290708573403858,3.0676447352723146,"{""type"":""MultiPoint"",""coordinates"":[]}"
906,2022-03-26,-11.102375618592605,3,0.0017119247477809956,2021.0,0.37683110167735195,11.495211782219181,4.210755104490608,-2.9874625919199733,3.267066359968693,-1.1942394393114197,5.206061566668303,3.654476068456529,"{""type"":""MultiPoint"",""coordinates"":[]}"
907,2022-03-27,-14.748769102252464,3,0.009970152866486037,2021.0,0.369469041737005,7.575971131266124,1.913773694497327,-2.909779047487778,3.482467914446063,0.2657009663759466,6.769061075376746,4.593704167093057,"{""type"":""MultiPoint"",""coordinates"":[]}"
908,2022-03-28,-8.404979696358977,3,0.009970152866486037,2021.0,0.36253256695720226,13.720106601763336,7.9057449022982755,3.845736842731735,4.287459354988947,8.124976761401776,10.487473465716326,9.22158844515284,"{""type"":""MultiPoint"",""coordinates"":[]}"
909,2022-03-29,-1.9592517878501525,3,9.628374933357652,2021.0,0.4052128528462306,8.230834968138707,1.4030805800482224,-4.144788049787548,1.2671047955244088,0.8350018210421523,9.737428862515142,4.103804722113935,"{""type"":""MultiPoint"",""coordinates"":[]}"
910,2022-03-30,-13.234254199088594,3,9.628371441015728,2021.0,0.394749921375101,7.403270243199971,0.9224450935506708,-5.323958188623858,-0.9783930144917331,-1.8863770870005354,3.805895634561516,2.719886907641233,"{""type"":""MultiPoint"",""coordinates"":[]}"
911,2022-03-31,-11.871397787394468,3,0.04983169258836349,2021.0,0.38560608034891014,7.914985780958687,1.1289165740723537,-5.573020570370171,1.3205907301819995,-0.9806157625808539,5.063338673848581,2.282010170372964,"{""type"":""MultiPoint"",""coordinates"":[]}"
912,2022-04-01,-10.354339302110548,4,0.049829983085698464,2021.0,0.379066878352596,9.318424046238524,2.8211541534240596,-1.9827155268334726,2.3384995390052277,1.626734087805955,4.12683232071268,3.2004998558431303,"{""type"":""MultiPoint"",""coordinates"":[]}"
913,2022-04-02,-6.608230852913293,4,0.0025739792590684374,2021.0,0.3714833065354228,12.56203640028498,5.997626464156232,1.8131787185502009,2.3119942889976284,2.7058479415411982,5.442656065419358,3.9337885692626835,"{""type"":""MultiPoint"",""coordinates"":[]}"
914,2022-04-03,-1.7688689291399924,4,0.0012997613794141216,2021.0,0.36204096769856575,16.9143894279785,10.775439990834666,6.294823624652556,3.5026713113944465,7.063340491997782,8.719423283164446,7.8966624072265095,"{""type"":""MultiPoint"",""coordinates"":[]}"
915,2022-04-04,1.5464171289748245,4,0.0017317286876721292,2021.0,0.352157998214954,18.35799308505528,12.473008164363463,6.891552669821575,4.854239091517396,7.693341973725516,10.599982261193134,9.496536494793913,"{""type"":""MultiPoint"",""coordinates"":[]}"
916,2022-04-05,-15.464609644178433,4,0.001728713712735752,2021.0,0.34504950521394023,8.93319109285461,3.315318554646201,-4.276948804291125,4.03637925096627,-3.144987954886566,7.386821612495207,5.17906830251429,"{""type"":""MultiPoint"",""coordinates"":[]}"
917,2022-04-06,-13.625296363849838,4,0.09370039412285851,2021.0,0.33996914282187474,7.374091933080229,3.034207915188187,-1.1691202412844082,2.6479150242829332,1.317225476926455,5.3703670482017865,4.009642395555623,"{""type"":""MultiPoint"",""coordinates"":[]}"
918,2022-04-07,-13.147956570148903,4,0.09370210783226227,2021.0,0.33458484969210633,8.304480357502058,4.791903563803327,1.4403091070605227,1.5380666212952807,1.27891691347623,8.94382892980802,4.922851368590406,"{""type"":""MultiPoint"",""coordinates"":[]}"
919,2022-04-08,5.683484094352839,4,0.1834439709920738,2021.0,0.32805230884218745,20.086442448898794,13.347306143261715,6.082970853207933,4.495453001736352,5.467616138883412,11.442042155277196,7.338616658855019,"{""type"":""MultiPoint"",""coordinates"":[]}"
920,2022-04-09,1.7522748492676399,4,0.1834439709920738,2021.0,0.32216982908734876,18.692057012535187,13.58913534119317,10.335185962331758,0.040418629485828514,2.150452969837634,8.301370924817961,3.4571058021253553,"{""type"":""MultiPoint"",""coordinates"":[]}"
921,2022-04-10,8.844621752326356,4,0.7068965199141166,2021.0,0.3179740097772018,21.975769814009563,15.81448775906064,10.440732986601963,2.8233646885974606,3.971024141330936,9.976547245972107,5.1529189963808975,"{""type"":""MultiPoint"",""coordinates"":[]}"
922,2022-04-11,3.9491911504220556,4,6.443173326878328,2021.0,0.3815005010041947,14.73847866215878,8.069989188514873,2.6528816700223032,0.32562777619528244,-2.2230313362462577,5.311294695112299,3.658332974961282,"{""type"":""MultiPoint"",""coordinates"":[]}"
923,2022-04-12,-5.247444803488758,4,6.4367044203629975,2021.0,0.36001660490419124,13.333274674909894,6.013471588626873,-2.1690161417773317,-0.9433651512757781,-1.6558000242531297,4.005574144570551,2.892700340994121,"{""type"":""MultiPoint"",""coordinates"":[]}"
924,2022-04-13,-5.849860422308088,4,0.008736777991556888,2021.0,0.34653187767897675,13.656535820805908,8.173744440970873,1.9811158515059837,-1.7766616905637727,-0.5231175911922832,2.9482640306802868,2.128894148734411,"{""type"":""MultiPoint"",""coordinates"":[]}"
925,2022-04-14,-5.622816678926998,4,0.19049764021078294,2021.0,0.3376071868743032,13.83679854346232,7.393972644305496,-0.8468523646292887,-1.278089418438849,-2.768937647500074,5.47418622242102,3.4110805831585287,"{""type"":""MultiPoint"",""coordinates"":[]}"
926,2022-04-15,-8.597855695592337,4,0.19117659508001877,2021.0,0.3286187212496261,13.807285797618109,8.108912846093604,3.256607632530155,3.198049203265458,1.0304549926117212,4.693720189094485,3.669172537902204,"{""type"":""MultiPoint"",""coordinates"":[]}"
927,2022-04-16,-3.6117856183917985,4,0.0012740187571580464,2021.0,0.3195192123894023,16.023263673253542,8.585359967843289,0.5893916361693433,1.5488149155069662,-0.2542864638263239,4.9931739369123775,3.0928125866029603,"{""type"":""MultiPoint"",""coordinates"":[]}"
928,2022-04-17,-5.485908340680404,4,0.021850801217615585,2021.0,0.3133241400115108,14.991169773232356,8.856454614904743,2.392942454114507,-1.6344480595432505,-1.3673466242821786,4.3507887676336265,2.895029097427642,"{""type"":""MultiPoint"",""coordinates"":[]}"
929,2022-04-18,-5.148908007705489,4,0.021850801217615585,2021.0,0.306121177797646,15.466827623530332,10.924424098760856,7.876131634283871,2.051929741992369,2.0485289424140443,6.4545717010891,3.935173466826004,"{""type"":""MultiPoint"",""coordinates"":[]}"
930,2022-04-19,2.0349416901780306,4,8.52346317969932E-4,2021.0,0.296112716958137,22.452919850686204,16.18431422940147,12.045817413407262,3.8132369728180553,6.993173531424003,8.626240648032883,7.998636211384809,"{""type"":""MultiPoint"",""coordinates"":[]}"
931,2022-04-20,3.9242699110720523,4,8.523463748133508E-4,2021.0,0.2858340849373554,23.62725832598541,17.375085391030662,12.64075814675829,3.8001779643824505,8.67937479302337,11.557575912021788,9.52217404872498,"{""type"":""MultiPoint"",""coordinates"":[]}"
932,2022-04-21,6.228348365795288,4,14.431784499068229,2021.0,0.3482841484948113,19.622235081446213,11.622879219408835,3.7051264829907495,2.897020130145684,1.6502891593826268,8.600630324680212,5.688594559729149,"{""type"":""MultiPoint"",""coordinates"":[]}"
933,2022-04-22,-3.232883298608012,4,14.433799719751153,2021.0,0.36706928328400473,14.828274737765925,9.451773086763053,5.435793040442929,2.116186650336891,1.9789824519333423,6.9044389582787336,4.230580680433747,"{""type"":""MultiPoint"",""coordinates"":[]}"
934,2022-04-23,1.1772879669268586,4,0.36069492862188973,2021.0,0.3443916248896128,20.37469562354992,14.113128820299638,7.066101737241837,3.794754549059763,5.216017655532237,12.90958776194875,7.30564399453944,"{""type"":""MultiPoint"",""coordinates"":[]}"
935,2022-04-24,1.3110215986543434,4,0.4811511867516304,2021.0,0.3338010240802673,17.604240212504013,12.274551622446609,8.08900586759466,-0.8492110495795311,0.8518130434611604,3.994101400531981,2.5377867403898016,"{""type"":""MultiPoint"",""coordinates"":[]}"
936,2022-04-25,11.261563006041618,4,1.1374353248856337,2021.0,0.3291575200732248,23.592286790146655,16.600944273559865,9.1509396605602,3.365819737177043,5.768491866836538,9.947437172331833,7.421825246421415,"{""type"":""MultiPoint"",""coordinates"":[]}"
937,2022-04-26,-3.9718934156498147,4,1.1402858542308523,2021.0,0.3263275170166833,14.517983950922455,7.985671914256755,1.4311013717304397,4.665637635201496,-1.6553187160332814,9.84630840131735,5.3819935250655515,"{""type"":""MultiPoint"",""coordinates"":[]}"
938,2022-04-27,-8.49978206093788,4,0.0026793769832901856,2021.0,0.31568086058231254,13.806228228256737,8.306590708725071,2.780625097678906,2.5997603469112236,0.1244602443073645,5.747555683329205,3.6028723713535986,"{""type"":""MultiPoint"",""coordinates"":[]}"
939,2022-04-28,-4.446212270237197,4,0.0021517276422855502,2021.0,0.3062507766131251,17.744915300578576,9.725269647273915,0.23381670089150441,0.9415730769409615,1.1589358925410853,3.821260735618388,2.5407327385412644,"{""type"":""MultiPoint"",""coordinates"":[]}"
940,2022-04-29,-0.5137123989840359,4,1.4948310109410399,2021.0,0.30567796056582325,17.972595312059724,10.890496318660068,3.5696457626726215,2.9328421216525697,1.782586137420228,5.841210656741649,3.6341751603697534,"{""type"":""MultiPoint"",""coordinates"":[]}"
941,2022-04-30,-2.8828445997805345,4,1.4948310109410399,2021.0,0.3131444194730906,9.900156517935411,5.006009713185849,-0.8764642964601893,2.901710059423248,-1.0499536002095522,8.502310738210294,4.395923433421286,"{""type"":""MultiPoint"",""coordinates"":[]}"
942,2022-05-01,-3.299728276835517,5,0.664428557520057,2021.0,0.3064060148492785,13.015792601839548,6.212453958560779,-0.7545899101037205,0.6620185922133709,-3.0017924418817237,6.818530255822113,3.1521127228614305,"{""type"":""MultiPoint"",""coordinates"":[]}"
943,2022-05-02,-1.6591266411329333,5,0.16355213263214452,2021.0,0.2988626190340715,15.450030622252468,11.122824878457973,7.281201224340775,2.5524530407015997,3.278690120491917,7.44749325321496,4.572553356066853,"{""type"":""MultiPoint"",""coordinates"":[]}"
944,2022-05-03,6.208967785299756,5,0.16116438794252586,2021.0,0.2878691456653984,24.67284559529249,18.048122806700203,13.18820598530929,3.725576703913715,6.623126467578004,9.019280502340731,7.676346127565092,"{""type"":""MultiPoint"",""coordinates"":[]}"
945,2022-05-04,8.282440561487148,5,8.600252847656975E-4,2021.0,0.2769055806677612,26.147369597714874,20.976191198963168,16.997219965394855,3.5202963713468005,8.807003933771641,10.11032293957612,9.502773335724974,"{""type"":""MultiPoint"",""coordinates"":[]}"
946,2022-05-05,7.806424055491181,5,6.263880086239379,2021.0,0.2912808546920033,25.64106655535563,17.487549067971525,7.015954243929881,4.084428796125763,5.706005368120748,12.17634178928068,8.590579192783533,"{""type"":""MultiPoint"",""coordinates"":[]}"
947,2022-05-06,-5.062555668325749,5,6.263995297610634,2021.0,0.3219373062612154,16.163537681241426,10.765625434342711,5.245299934967182,2.59935566902,-2.525319504767324,5.1475916808268485,3.8316699305174677,"{""type"":""MultiPoint"",""coordinates"":[]}"
948,2022-05-07,-6.818309080191499,5,0.01707386251205581,2021.0,0.30374254854323257,15.8545417851227,10.918513197807536,7.052647661973934,2.3741112545143532,-0.544715248779592,5.487408899167048,3.9250738392665077,"{""type"":""MultiPoint"",""coordinates"":[]}"
949,2022-05-08,-2.7937188512897384,5,0.0017160308221830713,2021.0,0.2894200155109334,20.45785214044628,13.334259188928707,6.136997638382866,2.7187646953394813,1.3411537775518367,3.9496992571471115,3.36917547872121,"{""type"":""MultiPoint"",""coordinates"":[]}"
950,2022-05-09,-0.07428942796679368,5,0.0017106532936850272,2021.0,0.27639936826170036,21.682958448401383,15.672583240822181,9.791223810640558,2.193164052491215,4.412017279605171,5.654784481616932,4.992183793130747,"{""type"":""MultiPoint"",""coordinates"":[]}"
951,2022-05-10,5.182138874656865,5,1.275453986631172,2021.0,0.26810464811322393,21.781940651936562,14.932667163077566,6.442299127827908,3.4634063525028163,3.892209201309413,8.997066789078774,6.03680168396831,"{""type"":""MultiPoint"",""coordinates"":[]}"
952,2022-05-11,-3.5455959020233245,5,1.2830128737802886,2021.0,0.2692222477338364,16.32903242421438,10.407044782948807,4.02871708936644,2.7286769660766685,-0.10955572098157029,5.541095511656628,3.1301095285159746,"{""type"":""MultiPoint"",""coordinates"":[]}"
953,2022-05-12,-4.4488486208268,5,0.04989320113020772,2021.0,0.2609849348785677,15.672901808229026,10.34420565070382,3.818708806670441,1.4073679483742578,0.5688919267920178,5.609836703682835,3.0589375691240295,"{""type"":""MultiPoint"",""coordinates"":[]}"
954,2022-05-13,-2.522618882212299,5,0.25987201209056904,2021.0,0.2538416207362458,17.750022040244506,11.097032486472878,4.038824315266429,3.218914267521065,-0.33305509972220043,5.029433759527943,3.5586049881947894,"{""type"":""MultiPoint"",""coordinates"":[]}"
955,2022-05-14,-1.6144564619974446,5,0.6094502272514384,2021.0,0.2535026683064752,15.466141017886192,10.482595791268341,5.7891970561323705,2.698462020708569,-0.7324797379929698,5.603928527817034,4.017504347900952,"{""type"":""MultiPoint"",""coordinates"":[]}"
956,2022-05-15,2.303391093083674,5,0.5998412673655776,2021.0,0.24901979233054705,21.06359669826658,14.307048586737146,7.709712308481518,3.187572189807706,1.1444734680069268,6.395880466933628,3.6836930049518752,"{""type"":""MultiPoint"",""coordinates"":[]}"
957,2022-05-16,-0.9286985908815428,5,0.5195881659432119,2021.0,0.24305121007478145,20.495256411541042,15.257814186298111,10.703957555074249,1.735644551353298,1.051177660001316,5.3703891340501535,3.734689539154895,"{""type"":""MultiPoint"",""coordinates"":[]}"
958,2022-05-17,4.194640978173398,5,0.7535675469928463,2021.0,0.2386504264418761,25.304100187845933,18.693603914176123,12.628383055365015,2.614072637656036,3.828929733631284,8.416618220050273,4.852220600474196,"{""type"":""MultiPoint"",""coordinates"":[]}"
959,2022-05-18,5.855353385487675,5,0.7595695679532968,2021.0,0.2331899265953917,24.23707465424662,19.046853880413742,14.996659294268612,0.9943929381086307,2.494771592268363,5.713622148143048,2.9990111860635653,"{""type"":""MultiPoint"",""coordinates"":[]}"
960,2022-05-19,6.717426797937682,5,0.3808511121104676,2021.0,0.22753186844474751,27.24783008291895,19.542242134313305,12.35317412645969,2.9120069079750346,1.8861753157775285,6.804367743785605,4.005718199014683,"{""type"":""MultiPoint"",""coordinates"":[]}"
961,2022-05-20,8.846749901719333,5,0.3761037337765935,2021.0,0.21991208604402956,27.770985782686957,21.91575705738672,16.27648987968599,3.1456296451306494,3.919807881356306,6.880139022055521,5.119985983656182,"{""type"":""MultiPoint"",""coordinates"":[]}"
962,2022-05-21,5.8559779525252145,5,0.29817888171630436,2021.0,0.21352274331211196,27.332288339377964,20.33752729927158,12.526693318204845,0.030926877095783845,-1.5268602559483322,4.805298862065468,3.312824335804212,"{""type"":""MultiPoint"",""coordinates"":[]}"
963,2022-05-22,6.027737197070151,5,0.2981760175981012,2021.0,0.20755492339570095,25.658168697694755,20.216898571027087,14.455944814960114,-1.000481828369916,0.893539917730898,5.353103325812155,2.621263491194424,"{""type"":""MultiPoint"",""coordinates"":[]}"
964,2022-05-23,11.501159635306276,5,0.02408002778671101,2021.0,0.20078695063524302,30.539501357484447,24.435193162848783,19.487696961056198,3.0001784667077183,3.7836537539433213,7.200237713508123,5.061803421163438,"{""type"":""MultiPoint"",""coordinates"":[]}"
965,2022-05-24,11.263281583526176,5,22.36869590526164,2021.0,0.2929127856220877,30.369637475141545,19.364781512225054,10.679160294564145,1.830452084065797,-0.005486850832558761,8.698542005758403,5.573690282498942,"{""type"":""MultiPoint"",""coordinates"":[]}"
966,2022-05-25,7.474375240073696,5,22.658685411577913,2021.0,0.37150649734009283,16.83233592375606,12.314834991563126,9.521655028340172,0.9373578126728285,-2.5279614161598505,5.126401999196267,2.9238015518153304,"{""type"":""MultiPoint"",""coordinates"":[]}"
967,2022-05-26,10.543595058201797,5,6.480305879101539,2021.0,0.37104582726282315,15.830223134418764,12.871409490535953,11.380304911806542,1.9678866167109739,-1.4526088731370224,4.202183086206113,2.722124401136091,"{""type"":""MultiPoint"",""coordinates"":[]}"
968,2022-05-27,9.900032500303439,5,6.475881927028115,2021.0,0.35840661877078606,24.100375980111686,19.411579143782028,15.237489574746808,1.2806758563420335,2.5385299560106027,5.605002943324663,3.58224877020087,"{""type"":""MultiPoint"",""coordinates"":[]}"
969,2022-05-28,10.96318531836868,5,0.2842924281932802,2021.0,0.3258315719736514,27.525043031173976,22.280980584857083,18.125812562794334,0.7429762032870676,1.9433202282204605,8.196526244239159,3.988093117242054,"{""type"":""MultiPoint"",""coordinates"":[]}"
970,2022-05-29,12.638988011922413,5,13.481653377802424,2021.0,0.37989572045695774,26.538703145101614,16.223164498475843,10.57143661676484,3.0218403796559223,2.8586850281116427,9.940374568428311,4.818208712987004,"{""type"":""MultiPoint"",""coordinates"":[]}"
971,2022-05-30,2.619742051726895,5,13.482890885692708,2021.0,0.3631092237953363,20.02993104652756,14.872318002407317,10.138795608785435,2.8018322959697173,1.6535181238099534,5.428873982254651,3.575694068341301,"{""type"":""MultiPoint"",""coordinates"":[]}"
972,2022-05-31,5.1792914599044835,5,0.16388055475611654,2021.0,0.33755665408392255,20.807824309680374,16.331963544449437,11.185524946888224,2.776098612151969,0.8555201184810552,5.194224290063802,3.3038072370423497,"{""type"":""MultiPoint"",""coordinates"":[]}"
973,2022-10-01,13.20879794479297,10,1.234082271593357,2022.0,0.3264624396698737,19.069698889388572,16.637373416389938,11.717512005809695,-1.7992644961265127,0.2872543396511214,3.821420222648551,2.6259676452846406,"{""type"":""MultiPoint"",""coordinates"":[]}"
974,2022-10-02,13.765717538739027,10,0.8163775402907028,2022.0,0.3224721636167505,23.41027396308339,18.927723709771726,12.513837324200672,1.5587032013136632,0.9542115117748222,5.244295974765346,2.7201068572247773,"{""type"":""MultiPoint"",""coordinates"":[]}"
975,2022-10-03,0.49631780631571665,10,4.1417575652262055,2022.0,0.35395434181491586,11.005403748021555,6.08567836368627,2.231491890770199,0.9150004022288467,-4.563062509785034,6.33976899268415,4.72274420778806,"{""type"":""MultiPoint"",""coordinates"":[]}"
976,2022-10-04,-7.35925268994815,10,4.141751281271156,2022.0,0.3454752060541767,8.567372509152522,3.787786131013944,-0.8151867587309369,1.4963250129408663,-1.9328166286130524,5.677219311921409,3.423571977327827,"{""type"":""MultiPoint"",""coordinates"":[]}"
977,2022-10-05,-4.0562552613631535,10,0.0017225741544280027,2022.0,0.3344203519368415,10.94731279479582,5.186802100202985,-0.8273303244259569,1.469966215995987,-0.14310953396613352,4.304533323540984,2.394200714873346,"{""type"":""MultiPoint"",""coordinates"":[]}"
978,2022-10-06,-4.914665764271171,10,0.0017028167462740385,2022.0,0.32690601808595243,10.014643974825026,5.235883148483145,1.4627598008799496,1.5709046031043832,0.8463306866493703,3.7384380240810975,2.7901745135885787,"{""type"":""MultiPoint"",""coordinates"":[]}"
979,2022-10-07,-1.827048919508827,10,0.014649319141946133,2022.0,0.31947924904732494,13.99242284438192,8.950965005975497,5.8424008787211035,0.7960172091999034,3.4970195354039153,5.0609503122959705,3.6815936084065854,"{""type"":""MultiPoint"",""coordinates"":[]}"
980,2022-10-08,7.14237155838225,10,21.075708033432562,2022.0,0.37848996899089016,16.99547066083352,11.521502196873877,8.005549256893655,0.9047434048288575,4.113903301941882,7.603255827394665,4.729180729270197,"{""type"":""MultiPoint"",""coordinates"":[]}"
981,2022-10-09,5.779099889811319,10,32.971471541950365,2022.0,0.4395504822402305,10.154384100081554,6.677038627841861,3.1719644433026115,-1.1483557889137226,-2.037990333993916,6.791389643537293,4.2897033071175565,"{""type"":""MultiPoint"",""coordinates"":[]}"
982,2022-10-10,-1.2538034325389456,10,33.68494588599623,2022.0,0.42605889626477345,8.798856980648353,4.763778518303005,0.2595480845104544,1.5618599964344173,-4.151337108181277,8.364617522456747,4.858592876801249,"{""type"":""MultiPoint"",""coordinates"":[]}"
983,2022-10-11,-0.12014586200430362,10,1.7411613009467313,2022.0,0.4077150741449415,12.372406100503499,7.403875615767046,3.887548765371871,1.609937906814457,2.487415662929781,4.099365146926217,3.3721061718584684,"{""type"":""MultiPoint"",""coordinates"":[]}"
984,2022-10-12,5.007214840969855,10,8.583068797918258E-4,2022.0,0.39595711858790006,16.910418144880637,13.245266342741782,8.640150734820924,2.012182194353845,5.402649725586575,6.592903428484951,5.793981884325101,"{""type"":""MultiPoint"",""coordinates"":[]}"
985,2022-10-13,8.078747089723997,10,0.0012943438036927546,2022.0,0.3874501492429421,17.873631191205465,12.137976510511784,7.645208885801139,2.050169136934224,3.2119019117052114,6.640613520136125,3.8698292688237372,"{""type"":""MultiPoint"",""coordinates"":[]}"
986,2022-10-14,9.378061658386807,10,0.0013356593635006119,2022.0,0.38404649407336283,16.012564618258406,12.037578007012101,9.260825067440118,1.268621590440344,3.3070830630950714,4.321329925609116,3.5718816637728747,"{""type"":""MultiPoint"",""coordinates"":[]}"
987,2022-10-15,3.055627260840937,10,0.15318892882361743,2022.0,0.37997583499336013,16.391187213722198,10.895553244903645,4.6397153873980725,1.603946605742169,-1.3346413475414682,4.490923041168101,2.9288803363063747,"{""type"":""MultiPoint"",""coordinates"":[]}"
988,2022-10-16,-6.573658849121532,10,0.15318867892212765,2022.0,0.37292635315582673,10.70013521041114,5.729718380166208,0.5489581932532319,3.5389029904023768,-0.9799115911977563,5.397065555984863,3.761617519588608,"{""type"":""MultiPoint"",""coordinates"":[]}"
989,2022-10-17,-4.235373894392308,10,0.012114124875739788,2022.0,0.3686878839378459,8.299261584170232,3.342457993734216,-2.350110050511945,2.216870031930656,-0.9355998615500861,5.037127193927548,2.9458692840658625,"{""type"":""MultiPoint"",""coordinates"":[]}"
990,2022-10-18,-4.445420648221286,10,0.012115781762361928,2022.0,0.3649900579353393,8.900611754764164,3.9503720725920415,0.9796725122840042,1.5890333430808183,1.6812538320786894,3.533900486837699,2.802236673533995,"{""type"":""MultiPoint"",""coordinates"":[]}"
991,2022-10-19,2.6456552951816628,10,0.0017195939676639682,2022.0,0.36031644634600674,14.149931001365864,10.046230667991287,4.555779797830353,2.417354764278783,4.887690498049433,6.293532543680411,5.469731534295461,"{""type"":""MultiPoint"",""coordinates"":[]}"
992,2022-10-20,6.0627612282355505,10,0.004535165293659436,2022.0,0.3552073924968374,18.199181439650346,14.028819112747195,10.412612747354434,3.395037706839021,6.524357662588584,8.53481878159702,7.3644746409476145,"{""type"":""MultiPoint"",""coordinates"":[]}"
993,2022-10-21,4.08004742130565,10,0.9844189934519156,2022.0,0.3519274683586433,16.768058189959213,10.110845052518865,4.381886394120766,1.9751387160576774,-0.13322958855007708,8.945565698387142,3.663962806485622,"{""type"":""MultiPoint"",""coordinates"":[]}"
994,2022-10-22,1.2522045884549717,10,1.1035642718035115,2022.0,0.3612999873480386,9.236325075556879,5.6192228364733054,2.190772456791701,0.9504151037016765,0.0615625627268981,3.6358992941815647,2.4785053264924173,"{""type"":""MultiPoint"",""coordinates"":[]}"
995,2022-10-23,-5.31264479655522,10,0.6613230400858613,2022.0,0.3561554952205999,8.617171627310245,3.4150661308194072,-2.026099863442946,1.1800895422802562,-2.094477910835815,5.60136345014108,2.845585540209386,"{""type"":""MultiPoint"",""coordinates"":[]}"
996,2022-10-24,-4.378494101397399,10,5.269023423420718E-4,2022.0,0.351648475194327,9.211738188560533,4.822352557104912,1.9098447302351254,-1.259791930315635,2.2497166951617964,4.631185879417029,2.6768068510165306,"{""type"":""MultiPoint"",""coordinates"":[]}"
997,2022-10-25,2.9627141133487656,10,0.11796550996926819,2022.0,0.34612998783444426,14.58341731359683,11.25871458569569,6.142734459562468,2.2790230614354465,6.688640402203111,7.929111216341821,7.136598516800895,"{""type"":""MultiPoint"",""coordinates"":[]}"
998,2022-10-26,2.24896502190211,10,2.8257265143233337,2022.0,0.3666650209073787,12.291790760939815,5.3925204514881395,-1.282313298672722,1.6365491127765572,-1.5559767082478404,6.457848118128208,3.3439664010239936,"{""type"":""MultiPoint"",""coordinates"":[]}"
999,2022-10-27,-4.76555759467007,10,2.8257207069392165,2022.0,0.36112960187683846,8.17889128028696,2.2004305324686486,-3.529820155791983,-0.6301805890673392,-2.145363898717713,3.6366123926400458,2.447321998228042,"{""type"":""MultiPoint"",""coordinates"":[]}"
1000,2022-10-28,-5.009734990595548,10,8.561632398595975E-4,2022.0,0.3547808464822277,7.0129620463173685,1.1933728438025677,-3.2390861792847883,-1.6924078352123557,-1.057512947411824,2.640120195693461,2.0996042311213436,"{""type"":""MultiPoint"",""coordinates"":[]}"
1001,2022-10-29,-1.9109409593960938,10,0.0013065867960904143,2022.0,0.35075498555535606,9.178749558464734,3.0469714101241605,-0.6851270633544901,-2.311688727854048,0.04410090997142871,2.881498170315337,2.4179820839802697,"{""type"":""MultiPoint"",""coordinates"":[]}"
1002,2022-10-30,3.3003165801808425,10,0.8198157105268103,2022.0,0.3504955701208081,13.662233576862228,9.312613187376623,3.087664589688228,0.8929480051108915,4.067616224382707,6.5518768724128895,4.293336913333242,"{""type"":""MultiPoint"",""coordinates"":[]}"
1003,2022-10-31,-4.107898607333843,10,0.8512302290511076,2022.0,0.34886879441148627,12.302726162566987,6.349273018660452,-0.050090281725831354,3.970833322681586,1.0791471111780475,6.709733967272122,4.447932377822376,"{""type"":""MultiPoint"",""coordinates"":[]}"
1004,2022-11-01,-10.293124752322202,11,0.0957485133242221,2022.0,0.3434898420507784,6.149419979813674,1.7205543697238883,-1.6229483222028906,2.6725604674931205,0.8532742639024362,5.830441756513997,3.2421965172271654,"{""type"":""MultiPoint"",""coordinates"":[]}"
1005,2022-11-02,-13.246774037228946,11,0.0012814998058274796,2022.0,0.34049956952194765,5.389499267084355,-0.8230238981304038,-5.778494969954182,2.1748710833303626,-1.7055341028364814,4.287292551948129,2.926807184201987,"{""type"":""MultiPoint"",""coordinates"":[]}"
1006,2022-11-03,-14.717610596048598,11,8.70227722771233E-4,2022.0,0.33864352598479114,0.945961691134521,-3.2933376495714293,-6.297333988387068,2.6569508480901134,-0.2476520496135657,3.9884770871436803,2.8601094198529893,"{""type"":""MultiPoint"",""coordinates"":[]}"
1007,2022-11-04,-8.724705478709557,11,0.001733463875552843,2022.0,0.337978153377713,3.77184109272293,-0.6174496159097081,-3.794424947702941,2.3862343743795957,2.3207861544865027,4.444270844819226,3.51770996486363,"{""type"":""MultiPoint"",""coordinates"":[]}"
1008,2022-11-05,-6.675228335231962,11,0.0017285346416429093,2022.0,0.3367529431918585,5.63182254278821,0.376128461156141,-3.608103372177445,0.9051952256038693,1.034544296797504,3.420324598433104,2.279269392323645,"{""type"":""MultiPoint"",""coordinates"":[]}"
1009,2022-11-06,-1.2499407375774192,11,0.08018321022418184,2022.0,0.33595945042260256,9.291944308130676,3.377209894289734,-2.054422018673835,1.1299877868916817,2.1086818152206988,4.928015883309601,2.650140447067218,"{""type"":""MultiPoint"",""coordinates"":[]}"
1010,2022-11-07,-4.755318729566281,11,0.0801755065535511,2022.0,0.33507278572475596,7.8474258695468,2.0375893243330925,-0.9847195063194876,2.0062036041972604,1.252370895391851,4.23789255969244,2.9855946318154722,"{""type"":""MultiPoint"",""coordinates"":[]}"
1011,2022-11-08,-0.6316118892213141,11,4.353247766541619E-4,2022.0,0.3325035315536706,10.46520841216915,6.4402627160210635,1.6877555899891143,2.918861883980177,4.969872800880179,6.46560482341136,5.773881460334675,"{""type"":""MultiPoint"",""coordinates"":[]}"
1012,2022-11-09,3.350172519410602,11,0.0020832848158082585,2022.0,0.3306865923069416,12.611319128152578,6.8968649544591045,2.703994786468123,0.8059734203244968,1.226065844965488,6.0555625216735045,3.324827313805648,"{""type"":""MultiPoint"",""coordinates"":[]}"
1013,2022-11-10,4.729429405007109,11,0.31713865221440846,2022.0,0.330619313715683,11.584469104010104,8.09137628691287,4.61475199820442,-1.3446924099326638,1.047011872524425,4.883835211554245,2.8195200491079446,"{""type"":""MultiPoint"",""coordinates"":[]}"
1014,2022-11-11,7.4215982440456045,11,21.99439200366098,2022.0,0.36939253127402794,12.35959078931659,8.934502116368948,0.4732214316376852,1.0774380404049444,1.1125160662925235,6.800659961224084,5.023189791411464,"{""type"":""MultiPoint"",""coordinates"":[]}"
1015,2022-11-12,-5.978367839911582,11,24.445657393606783,2022.0,0.4008532751878398,-0.012146315517560326,-3.3761247897966356,-9.53762582367111,-0.1441273517009617,-4.609561156038423,6.182856669775779,4.6608563277165045,"{""type"":""MultiPoint"",""coordinates"":[]}"
1016,2022-11-13,-12.56218473300603,11,8.69810982095425,2022.0,0.390439416821187,-1.624996378062907,-9.400523292922548,-14.04321862379413,-0.6316755821921999,1.0064148058602769,3.4021158769090185,2.4095757246364444,"{""type"":""MultiPoint"",""coordinates"":[]}"
1017,2022-11-14,-8.991775581685184,11,0.0019771139940335724,2022.0,0.3859604246074268,-0.9297529052446102,-6.582279667162302,-10.998672437000751,1.2698342411014045,2.6083080658009044,3.9866408445017503,3.0722022820249917,"{""type"":""MultiPoint"",""coordinates"":[]}"
1018,2022-11-15,-7.909531397358445,11,0.0014724715037393826,2022.0,0.3830388311496165,-0.5444347014459914,-6.283162189691297,-11.028029020082144,0.4003938403489371,1.3054437145596647,3.8263201111216527,1.9793582687356996,"{""type"":""MultiPoint"",""coordinates"":[]}"
1019,2022-11-16,-5.655856906987936,11,0.002430967021681727,2022.0,0.3805962504212178,0.53654464497931,-2.6999546330285247,-6.238712688724427,0.7252689022597012,3.137840542178979,3.798007032957411,3.3572820084212833,"{""type"":""MultiPoint"",""coordinates"":[]}"
1020,2022-11-17,-2.31966594522657,11,0.0052136446064889415,2022.0,0.40636285092497276,5.287610988208687,0.24723104053325842,-5.9415908965215545,2.1934150165570947,1.4123668985304136,4.494693782004056,3.3813226811354355,"{""type"":""MultiPoint"",""coordinates"":[]}"
1021,2022-11-18,-3.1537423987972195,11,0.005021092814286522,2022.0,0.3995648920485811,3.739372089591115,0.4783201599892868,-2.9686764455898267,-1.1199215036127323,2.003171879090958,4.878698475782206,2.6384492492366727,"{""type"":""MultiPoint"",""coordinates"":[]}"
1022,2022-11-19,-0.7244293476933713,11,3.052422123644251,2022.0,0.4262056927766965,7.8440577856951705,3.236538916032282,-3.601315893484711,2.9127987124851726,3.2374857103056423,6.726087641893967,4.707680443744235,"{""type"":""MultiPoint"",""coordinates"":[]}"
1023,2022-11-20,-7.818565265971192,11,3.052417842668479,2022.0,0.4106118538532508,2.9883320769672377,-0.6773597741288867,-5.177325492433225,1.4875405928453544,0.1308967982512444,2.80722973317663,1.7245792375799858,"{""type"":""MultiPoint"",""coordinates"":[]}"
1024,2022-11-21,-9.345252287300088,11,0.1749865410602377,2022.0,0.40230686360915424,2.7320453144217107,-2.6155525219949913,-6.044814305295013,1.4161086456180532,0.5723389864731415,2.893391206974184,2.0676294448127615,"{""type"":""MultiPoint"",""coordinates"":[]}"
1025,2022-11-22,-8.667824409798184,11,4.351138045421976E-4,2022.0,0.39770606287584354,3.6333839878151313,-1.196982029380584,-3.9063413500725326,-1.3035437128866538,1.6183156435446393,2.8817689072040515,2.2800379898600123,"{""type"":""MultiPoint"",""coordinates"":[]}"
1026,2022-11-23,-4.9049443562396675,11,0.0025789282686342115,2022.0,0.3961000504657937,4.649313529635233,0.18782687000470166,-2.278036302276852,-0.5757419705772691,-0.5352530628384162,2.7265863236046894,2.032375176627811,"{""type"":""MultiPoint"",""coordinates"":[]}"
1027,2022-11-24,3.3121992901514523,11,2.6599380653743987,2022.0,0.40940349523562664,6.995218088396626,4.8666032088058335,-0.7068204565030312,1.7445762308670363,3.232819808976786,5.8555582309862295,3.9713726701046026,"{""type"":""MultiPoint"",""coordinates"":[]}"
1028,2022-11-25,-10.70741463980584,11,2.995387784610527,2022.0,0.41019168736740574,7.804060455327436,0.03654782946603897,-7.18344017503313,5.2988627267704995,0.2043090208948808,6.936138091300332,5.605191246898859,"{""type"":""MultiPoint"",""coordinates"":[]}"
1029,2022-11-26,-21.330579103883146,11,0.2559395707346154,2022.0,0.3986073473114814,-4.832955478428367,-6.580034116544266,-7.927292984242809,1.9634061486568744,0.8790280890602753,6.180205251847116,3.4725488373130133,"{""type"":""MultiPoint"",""coordinates"":[]}"
1030,2022-11-27,-5.474544365670303,11,1.2907945132250698,2022.0,0.3943772034414954,0.32843676691975404,-2.0424155409693916,-4.545015874078557,-1.0801615144665433,0.6894800758367177,4.479521436469709,2.8799868485972797,"{""type"":""MultiPoint"",""coordinates"":[]}"
1031,2022-11-28,-10.634870922646485,11,1.5905003110364835,2022.0,0.39141454749699695,-0.6073822805898554,-5.112339085550446,-12.066198835914603,1.5486243017014918,-2.3948056789869496,6.680407217354684,4.252860132177138,"{""type"":""MultiPoint"",""coordinates"":[]}"
1032,2022-11-29,-28.421918130125903,11,1.1269198221630794,2022.0,0.3891149484760957,-9.39998418054751,-13.31182947557984,-16.79248162659708,5.720603497056886,-1.5104932649878087,7.373732876813081,6.020376035439051,"{""type"":""MultiPoint"",""coordinates"":[]}"
1033,2022-11-30,-29.17614905149843,11,0.0224243540197177,2022.0,0.38735926208204635,-10.019698263914474,-12.296914545180595,-15.721574517331542,5.417505549221834,-0.5415866649702058,7.975242513269239,5.5228620341058825,"{""type"":""MultiPoint"",""coordinates"":[]}"
1034,2022-12-01,-27.907488212047483,12,0.02242367715085848,2022.0,0.38596081263537213,-10.142897797530985,-12.362231536870361,-13.484525795825174,3.73797928013757,1.138791783136347,6.507370779607322,4.379217404442994,"{""type"":""MultiPoint"",""coordinates"":[]}"
1035,2022-12-02,-20.50678769781438,12,0.0013960795248790674,2022.0,0.384838277258574,-3.814957390815253,-7.009692911263467,-12.13810049005889,3.6756513963034205,2.3266520932374553,7.019512385771809,5.353927516169775,"{""type"":""MultiPoint"",""coordinates"":[]}"
1036,2022-12-03,-27.829508222945034,12,0.0013928926340523234,2022.0,0.3838420708572352,-9.321766527061117,-12.485977766820426,-15.393410682388872,3.7390597771845457,-0.6880646695165906,5.568446779609513,3.9263925331193197,"{""type"":""MultiPoint"",""coordinates"":[]}"
1037,2022-12-04,-24.254993557111533,12,0.0,2022.0,0.38312355674607784,-8.381567853461126,-11.437576154722455,-14.5864115671466,2.9503487137852322,1.315027433028683,4.890420305859303,3.3252580061613792,"{""type"":""MultiPoint"",""coordinates"":[]}"
1038,2022-12-05,-21.719601703744303,12,0.001293420723413874,2022.0,0.3826586218441234,-5.820351530917657,-9.4620079685633,-12.668160942330946,3.2554304447125317,1.9956052294071633,5.2044455564571654,3.8762958397114136,"{""type"":""MultiPoint"",""coordinates"":[]}"
1039,2022-12-06,-20.29870481139065,12,0.001293420723413874,2022.0,0.3823340088740194,-3.840260151114507,-6.682310035123026,-10.873197475364531,4.268137123412087,2.0210769430989206,6.215865270867303,4.772488234645844,"{""type"":""MultiPoint"",""coordinates"":[]}"
1040,2022-12-07,-15.92552003387359,12,8.568167118028214E-4,2022.0,0.3820023766273367,-0.7779451031719212,-5.398327605985118,-9.657965988038283,3.564672095238866,0.4414060574393908,5.660428756013953,3.6646811016616163,"{""type"":""MultiPoint"",""coordinates"":[]}"
1041,2022-12-08,-15.632278888791744,12,0.0012934207802572928,2022.0,0.3816226879608312,-0.5994581661355948,-5.389632628099155,-9.438893843187383,2.499558169698841,1.694246047098615,4.268416171337302,3.0845205417698716,"{""type"":""MultiPoint"",""coordinates"":[]}"
1042,2022-12-09,-16.879413564422553,12,0.001284479992591514,2022.0,0.38123861616451754,-2.1386227531696504,-6.590330076515002,-11.04993799988542,2.98903338918124,0.7060738225366051,4.84048675914936,3.1464614038547065,"{""type"":""MultiPoint"",""coordinates"":[]}"
1043,2022-12-10,-17.092851908816794,12,0.0021517276422855502,2022.0,0.380925951154589,-4.338532960609762,-8.312387743526108,-12.036403387118867,2.267085114759879,-0.18507497561393857,3.377965219842519,2.4072595030238837,"{""type"":""MultiPoint"",""coordinates"":[]}"
1044,2022-12-11,-14.90018093504122,12,0.06592208954717468,2022.0,0.38068734702718915,-2.9647459378958376,-5.789336939895859,-11.595784156808302,1.3919731201003853,3.2119148336064196,6.750565600476449,3.7311976238487814,"{""type"":""MultiPoint"",""coordinates"":[]}"
1045,2022-12-12,-18.944067487293907,12,0.14057608719331602,2022.0,0.3803954848051542,0.49996725725683855,-6.040604637480747,-12.090049920338453,4.734924517613369,1.0127945090754733,8.481382659088522,5.433933490051041,"{""type"":""MultiPoint"",""coordinates"":[]}"
1046,2022-12-13,-30.92870927134807,12,0.07369202444432167,2022.0,0.38021357272862,-11.389409807579064,-14.724835972796917,-17.817631156043085,5.686954041399095,-1.0719992686097588,8.056168828702981,5.822840808265355,"{""type"":""MultiPoint"",""coordinates"":[]}"
1047,2022-12-14,-29.885760665259998,12,0.02020171620724034,2022.0,0.380202017243548,-12.155788780275394,-15.49016231129868,-19.23266654336871,3.263907648430855,0.09328604749135937,5.4979790180967605,3.4871475510008776,"{""type"":""MultiPoint"",""coordinates"":[]}"
1048,2022-12-15,-29.929423254019365,12,0.0022685439746959165,2022.0,0.38020483615244516,-14.416578847916295,-17.08358261367297,-19.16782463687115,2.9759460486510587,-0.5381115049289529,4.799078575160435,3.2480194939320115,"{""type"":""MultiPoint"",""coordinates"":[]}"
1049,2022-12-16,-25.175833111129723,12,0.007342063483983742,2022.0,0.3802085534408728,-10.376031904093578,-14.42856461375848,-18.111778834600294,3.0595598151438814,0.29784915682854135,4.130066463386062,3.136379867583004,"{""type"":""MultiPoint"",""coordinates"":[]}"
1050,2022-12-17,-28.362790258855398,12,0.07214681270216819,2022.0,0.38022014444963,-13.279820160935687,-17.030752942181536,-20.780760937421803,3.271406092632488,-0.6779291766018967,5.573959247938001,3.40050976867546,"{""type"":""MultiPoint"",""coordinates"":[]}"
1051,2022-12-18,-28.20311741569856,12,0.07214681270216819,2022.0,0.3802360537561302,-14.550940157441675,-17.94437101076837,-20.47489038361638,2.2957292082363447,0.7570276747353193,4.059134849240933,2.72540703885289,"{""type"":""MultiPoint"",""coordinates"":[]}"
1052,2022-12-19,-22.43240585948677,12,0.0021457663024193607,2022.0,0.38024233062519536,-11.49586587427196,-14.44512725430154,-19.832495616126483,1.831250195061466,1.9791352506956168,3.988326651971691,2.902439412412981,"{""type"":""MultiPoint"",""coordinates"":[]}"
1053,2022-12-20,-10.643787134006452,12,3.609954993781472,2022.0,0.380242535140891,-2.7537346656499473,-6.29701960516668,-12.844350800224069,0.7634702543441058,2.203447418458289,4.536696916786226,3.143812703851582,"{""type"":""MultiPoint"",""coordinates"":[]}"
1054,2022-12-21,-19.795836712209084,12,3.7583857643336915,2022.0,0.3802741731349737,-10.9362101506166,-15.239240088463616,-20.43007785855627,2.4533622298483655,-2.703257275488989,5.102149443335017,3.774086939541975,"{""type"":""MultiPoint"",""coordinates"":[]}"
1055,2022-12-22,-25.00925068371187,12,0.9965468395854151,2022.0,0.3802973761023536,-16.135143515225007,-19.03586234564163,-20.705389944385466,2.0748149294874385,-3.3504167016124904,5.240595606325895,4.005135104428628,"{""type"":""MultiPoint"",""coordinates"":[]}"
1056,2022-12-23,-18.572129871778394,12,0.543015940323136,2022.0,0.38031521927969514,-12.737077032951111,-14.873298566449476,-17.877943732889975,1.6514505996845563,-3.252580813969365,5.322308671462598,3.6704903704306746,"{""type"":""MultiPoint"",""coordinates"":[]}"
1057,2022-12-24,-19.39962188353784,12,0.5385461281897616,2022.0,0.38032700816020065,-9.137697054157146,-14.044725161312957,-17.887702073123414,1.5977025465239532,-1.943532689541028,3.0409898865477243,2.577482703880663,"{""type"":""MultiPoint"",""coordinates"":[]}"
1058,2022-12-25,-20.870369926549927,12,0.003956275494663647,2022.0,0.38033092085568654,-10.26086383397152,-15.59262037443854,-21.90593900720725,0.642251849114222,-0.5209694192934469,2.7018504270128423,1.5381845602223272,"{""type"":""MultiPoint"",""coordinates"":[]}"
1059,2022-12-26,-21.048190307552883,12,0.0028976945162688702,2022.0,0.38033720667264836,-10.790372310543892,-17.01889376217838,-22.19790258287036,-0.9094349198732777,1.0802585794869566,2.844576121212676,1.6017750637677446,"{""type"":""MultiPoint"",""coordinates"":[]}"
1060,2022-12-27,-19.92494759395942,12,0.016671183455833582,2022.0,0.38034642702461996,-8.954741925500425,-14.802284076209942,-19.905628511553232,2.0813250487838886,0.9992571668722929,3.17942394395836,2.7063934618653023,"{""type"":""MultiPoint"",""coordinates"":[]}"
1061,2022-12-28,-22.500485968384826,12,0.021658829462125422,2022.0,0.3803546984709143,-12.015521280355223,-16.170252187490863,-19.65864312412885,2.178311222101492,1.712662763887326,3.362315311975419,2.827933857936799,"{""type"":""MultiPoint"",""coordinates"":[]}"
1062,2022-12-29,-20.49240786791771,12,0.007640478101846402,2022.0,0.38035369753884474,-9.933260099204276,-14.439862239311907,-18.25525683337592,1.7838763024768274,1.8844037330299965,3.260334268346851,2.7258128521560154,"{""type"":""MultiPoint"",""coordinates"":[]}"
1063,2022-12-30,-16.222214588448388,12,4.351138045421976E-4,2022.0,0.38035301251574594,-7.062661207961953,-10.46532338027356,-16.973414313738918,1.9830707253294786,3.4610241200992378,4.799248216990235,4.017665990180634,"{""type"":""MultiPoint"",""coordinates"":[]}"
1064,2022-12-31,-18.043664647611404,12,0.0017204272921844677,2022.0,0.3803489691381059,-5.471658804588226,-10.764936422903848,-15.555376792456336,3.0632673436734468,-0.2857344481802917,3.793333668379152,3.274846776037007,"{""type"":""MultiPoint"",""coordinates"":[]}"
1065,2023-01-01,-22.426048074967987,1,0.0017106532368416083,2022.0,0.38035440372613005,-8.116482329967331,-13.139879942923487,-17.267807866348367,3.207796348307306,-0.5306377677718166,5.287561715460119,3.3283395965339557,"{""type"":""MultiPoint"",""coordinates"":[]}"
1066,2023-01-02,-23.172441508776792,1,8.610388712974069E-4,2022.0,0.38035694107097684,-8.29789211723908,-13.328699100772345,-17.394445874078972,2.7546068330086775,0.923392347327993,4.341283444211738,2.9935094816508494,"{""type"":""MultiPoint"",""coordinates"":[]}"
1067,2023-01-03,-23.075533563650417,1,0.0017163231973427173,2022.0,0.38035979132430237,-9.15003372981939,-14.537983252167772,-18.010220999937115,1.3666723942018593,0.8128920092771039,2.575463641240128,1.9287535933031044,"{""type"":""MultiPoint"",""coordinates"":[]}"
1068,2023-01-04,-21.350514279508108,1,0.001720861632747983,2022.0,0.380367905244753,-7.555603951152432,-12.271448210152512,-17.30564714280986,1.5436844962843017,2.4985546459943513,3.426427647272002,2.980392025779593,"{""type"":""MultiPoint"",""coordinates"":[]}"
1069,2023-01-05,-12.031252377654345,1,0.0018176764932082243,2022.0,0.380373844290538,-3.1517305287666817,-8.253018476866712,-13.345967033382353,1.2704201107032114,2.5763959843185873,3.945930742245167,2.971820750037459,"{""type"":""MultiPoint"",""coordinates"":[]}"
1070,2023-01-06,-11.467262473150033,1,0.4569155129090278,2022.0,0.38074933950121054,-2.54143938417881,-8.380230278590783,-15.37999487239875,0.15452704491109767,-1.5188549432642544,3.2324015305783016,2.12531879862586,"{""type"":""MultiPoint"",""coordinates"":[]}"
1071,2023-01-07,-17.200126756695614,1,0.45697148456380365,2022.0,0.3808145310893623,-6.688156115584784,-9.99282152478201,-15.609362656917844,0.5016416496316719,1.93803320584575,3.2196995514669093,2.2364771998481356,"{""type"":""MultiPoint"",""coordinates"":[]}"
1072,2023-01-08,-14.062046019177297,1,0.02409485903558712,2022.0,0.38073304345269016,0.14998484948586666,-6.205891664947452,-13.010430587750536,2.512771214988234,-0.4731531104141895,6.033432724535338,3.740495033620316,"{""type"":""MultiPoint"",""coordinates"":[]}"
1073,2023-01-09,-17.795376188941614,1,0.002596717573434609,2022.0,0.38068224511874454,-4.70102924840074,-9.443460336292206,-13.277552128272115,1.148203424466005,1.5714051665144764,5.125809702504774,2.683994131341634,"{""type"":""MultiPoint"",""coordinates"":[]}"
1074,2023-01-10,-10.841229478677555,1,0.0012904404798064206,2022.0,0.3805966286439831,0.9387754367331587,-3.183477518731143,-9.097256338047796,2.6349419881349294,4.994294895651072,6.358050048396831,5.671871315273403,"{""type"":""MultiPoint"",""coordinates"":[]}"
1075,2023-01-11,-5.7117018931701695,1,0.0014950654009903237,2022.0,0.3801647192494605,3.6798972107479075,0.1585315020019349,-3.7202323019855954,2.370286831447761,5.093935956793682,7.339150334358668,5.653569244066215,"{""type"":""MultiPoint"",""coordinates"":[]}"
1076,2023-01-12,0.693747315309573,1,4.763779987498037,2022.0,0.4060988403972707,4.34130650232119,2.5547362997060783,-3.3911500077895997,1.9624445950745857,3.3479173033684457,6.61293894413055,5.11045454534718,"{""type"":""MultiPoint"",""coordinates"":[]}"
1077,2023-01-13,-20.62531144132345,1,4.962959028397447,2022.0,0.4180260390416647,-4.442079495395091,-9.16766521932434,-15.7287840624111,-1.2338507988525382,-6.725961251401912,7.6239541559393,6.857716281236389,"{""type"":""MultiPoint"",""coordinates"":[]}"
1078,2023-01-14,-31.04024069427244,1,0.6467216858007598,2022.0,0.4126200988604934,-13.545964387976923,-16.51861584919128,-19.791781478874103,-0.8717592164528318,-2.98988681981735,5.913524646950298,3.4234968269062693,"{""type"":""MultiPoint"",""coordinates"":[]}"
1079,2023-01-15,-29.17431908202469,1,0.0082207530963151,2022.0,0.41249525561092415,-11.244602198096828,-15.53420674934687,-19.408801836881455,2.126784328771674,0.22441243028311234,3.336562652337131,2.302751398997635,"{""type"":""MultiPoint"",""coordinates"":[]}"
1080,2023-01-16,-24.06445394797071,1,0.001726376467559021,2022.0,0.412502000610362,-8.716740330809087,-12.679915592685024,-18.394457790748298,1.4807191090447445,2.77428926500124,4.90329975712634,3.216987874721674,"{""type"":""MultiPoint"",""coordinates"":[]}"
1081,2023-01-17,-23.499205466627863,1,0.0017216834748978727,2022.0,0.41250634800216396,-6.91955121013177,-12.566906784381652,-16.5618454375557,2.3686233739570537,0.9172052205616896,4.841589509989452,3.0671346446289784,"{""type"":""MultiPoint"",""coordinates"":[]}"
1082,2023-01-18,-16.703599327975095,1,0.023904576397867527,2022.0,0.4125086189461625,-3.394665673424837,-7.287010275470337,-15.023234226593921,2.545342806202823,4.227998609468907,7.703377527642627,5.146004428854983,"{""type"":""MultiPoint"",""coordinates"":[]}"
1083,2023-01-19,-20.00720561109128,1,0.4303784064627074,2022.0,0.4125136056571366,-4.352821467631204,-9.976087846535744,-16.728035340147585,2.011117801578389,-1.6040460911886945,5.779900330117981,3.0427007174773077,"{""type"":""MultiPoint"",""coordinates"":[]}"
1084,2023-01-20,-29.211314486112403,1,0.4304468502429719,2022.0,0.4125072640631667,-12.708717710622606,-15.37706215150823,-17.476961969336696,0.8590786708486949,0.8747862105731503,5.248122915146256,3.3762237463276747,"{""type"":""MultiPoint"",""coordinates"":[]}"
1085,2023-01-21,-21.157155159014135,1,0.18333872494012957,2022.0,0.41252918983886844,-3.5849402063274045,-12.091147371492807,-17.81503744094824,0.6730456735600354,-0.27765086442073067,6.928483035910248,4.099952665081679,"{""type"":""MultiPoint"",""coordinates"":[]}"
1086,2023-01-22,-27.424786212697597,1,0.359322704541987,2022.0,0.4125450935194458,-12.74194657470249,-18.35867203072124,-23.714308121496508,-1.1117199577838628,-4.0435249379822595,5.2394047808256685,4.291195780097098,"{""type"":""MultiPoint"",""coordinates"":[]}"
1087,2023-01-23,-36.17299765923283,1,0.3571612636415709,2022.0,0.4125614995145754,-20.338708661720908,-23.0507865244153,-25.575667916263672,2.074024421082795,-1.6586522134450516,4.2431448101403495,2.9912169100962602,"{""type"":""MultiPoint"",""coordinates"":[]}"
1088,2023-01-24,-33.77599609463301,1,0.005104164830355728,2022.0,0.4125634278130739,-17.534150273760094,-20.5105775371804,-25.06156643421114,2.9937479017129,0.7066147592779132,4.636111068682926,3.501320428095704,"{""type"":""MultiPoint"",""coordinates"":[]}"
1089,2023-01-25,-28.09771978261598,1,0.039766686078966156,2022.0,0.41256420135069427,-9.519490941901344,-15.149306262507233,-20.669441160648546,1.2808282480218978,1.409428676123486,5.2853969716228395,2.7603812091905864,"{""type"":""MultiPoint"",""coordinates"":[]}"
1090,2023-01-26,-28.663048589815606,1,0.03977089045176887,2022.0,0.4125655825415773,-10.012081283705628,-16.019271845313625,-19.993166555137496,1.3271495789729835,-1.0733038578497458,3.394577820067671,2.162021991793169,"{""type"":""MultiPoint"",""coordinates"":[]}"
1091,2023-01-27,-28.19121130017377,1,0.005108376537109182,2022.0,0.41256753302228627,-12.690560687791812,-15.943643515487336,-19.333105623061016,1.9796256337502594,0.07054128239105126,4.406186027315679,3.1470386431782074,"{""type"":""MultiPoint"",""coordinates"":[]}"
1092,2023-01-28,-21.01893501969708,1,0.08380608324517787,2022.0,0.41257427068123415,-8.462781050537544,-10.955310449772195,-16.375072699012655,1.3217745793321862,1.1390983068351634,4.445763860790256,3.14585660273581,"{""type"":""MultiPoint"",""coordinates"":[]}"
1093,2023-01-29,-18.080202420477548,1,0.08914093880777407,2022.0,0.4125806254023574,-5.88709727547208,-10.602246470440347,-15.298266158175457,1.9581993182754711,-0.8885735847674181,6.07713442234053,3.0635342902473925,"{""type"":""MultiPoint"",""coordinates"":[]}"
1094,2023-01-30,-16.361561040011882,1,0.04522051337413991,2022.0,0.412608416765364,-2.520354988513476,-7.224467443764822,-14.692544610701649,-0.1300312241072521,1.4505006874925042,3.073231516178443,2.4568846218413003,"{""type"":""MultiPoint"",""coordinates"":[]}"
1095,2023-01-31,-10.489893828322948,1,0.9840458105036572,2022.0,0.4124357226832719,-1.6004496080767072,-5.656529390815247,-8.517144021581222,0.5578663610757033,-1.0460244095575293,3.8638592034417254,1.9193414368752604,"{""type"":""MultiPoint"",""coordinates"":[]}"
1096,2023-02-01,-17.777120157581823,2,1.1246583581269713,2022.0,0.4123235530307827,-4.778700887736933,-9.809108794119254,-15.275237806157183,2.205902287675944,-2.264534842720849,6.577225837314886,3.649534025850817,"{""type"":""MultiPoint"",""coordinates"":[]}"
1097,2023-02-02,-23.4294270119216,2,0.38450487608211836,2022.0,0.4123139822641797,-5.496973019909642,-10.966197883815545,-14.444485572134669,1.7699713917808375,1.4017905774120005,4.094509496317046,2.8002277318774285,"{""type"":""MultiPoint"",""coordinates"":[]}"
1098,2023-02-03,-19.278872117793135,2,0.0017106532936850272,2022.0,0.4122985324616368,-2.2923734288462163,-9.370775004578215,-14.865243976232295,1.838300083961318,0.7833841429767241,4.5451013821424135,2.7583654640992763,"{""type"":""MultiPoint"",""coordinates"":[]}"
1099,2023-02-04,-16.595057520311027,2,0.0,2022.0,0.412272347647914,-2.866059663053407,-7.042565856094294,-13.863241011341305,2.452129645095501,2.898592201308781,5.089945618747401,4.073910539603583,"{""type"":""MultiPoint"",""coordinates"":[]}"
1100,2023-02-05,-15.41228040528769,2,0.0018890061467676355,2022.0,0.411624786391527,-0.7159146176287656,-7.999779973023906,-15.524009482639128,0.049017810153119984,-1.4169583720727963,3.6440824550404063,2.3957402900802562,"{""type"":""MultiPoint"",""coordinates"":[]}"
1101,2023-02-06,-17.687270446461,2,0.0018976346008337131,2022.0,0.4110719308510775,-2.532572412611379,-8.782817849984845,-14.062103111258073,1.692785099561486,0.632090842176659,3.291228988922976,2.222909265287241,"{""type"":""MultiPoint"",""coordinates"":[]}"
1102,2023-02-07,-18.790131640952637,2,0.0017225741544280027,2022.0,0.4106945492952178,-3.0815232174524483,-8.611746335304183,-12.976117637244627,2.004217847946474,-0.18638894279201795,3.1348880105103514,2.255992751454979,"{""type"":""MultiPoint"",""coordinates"":[]}"
1103,2023-02-08,-17.129918617352672,2,0.0017106532936850272,2022.0,0.41015930053618355,-0.5992089409621408,-7.561610764555375,-12.911589537658626,1.7382874575831457,0.8303536609542717,4.357082674589334,2.5343412680512722,"{""type"":""MultiPoint"",""coordinates"":[]}"
1104,2023-02-09,-13.726658504157516,2,1.059726769605935,2022.0,0.4094555218425105,0.7079776184606916,-3.181375927445276,-11.169027164728611,0.3090142054506631,2.89539663365292,4.163775406505737,3.118905728865722,"{""type"":""MultiPoint"",""coordinates"":[]}"
1105,2023-02-10,-8.159419601052921,2,1.0866216451334882,2022.0,0.4080262322112133,1.7465755548160748,-3.3835727157348248,-5.8960233751686095,1.4647541307614056,2.8717196479701785,5.101269390452338,3.6929492671878954,"{""type"":""MultiPoint"",""coordinates"":[]}"
1106,2023-02-11,-8.30215550929589,2,0.03915856634545956,2022.0,0.40684439681997414,2.351621940094588,-4.513569243569466,-11.199657400193251,1.706366158206849,-0.04929205446914649,6.670194914412451,3.7785623897582523,"{""type"":""MultiPoint"",""coordinates"":[]}"
1107,2023-02-12,-14.336025865547178,2,0.020595260264119692,2022.0,0.40542238107845585,-1.3621079285912523,-7.671882326430519,-13.108124685102604,0.8553478096943169,-2.0415769878870536,2.990798951772323,2.3681563591788835,"{""type"":""MultiPoint"",""coordinates"":[]}"
1108,2023-02-13,-19.078077298581256,2,8.256230349486866E-4,2022.0,0.4045100020547887,-3.2138990146643813,-8.550758891810478,-12.904848455149054,1.9586932241625328,-2.020549420815076,4.224871164044334,3.1436590998073517,"{""type"":""MultiPoint"",""coordinates"":[]}"
1109,2023-02-14,-21.976634825880005,2,8.612147827086192E-4,2022.0,0.40426490352263506,-5.511336192895021,-11.26170100549597,-17.03200533500553,-1.010453044916112,-3.02614504725446,6.213701208048749,3.520609100280121,"{""type"":""MultiPoint"",""coordinates"":[]}"
1110,2023-02-15,-24.505579877195725,2,0.003013157765963115,2022.0,0.4041613421216965,-4.359154346028185,-9.70465133849591,-14.989886023506779,-0.8019594104311846,1.6018913585862804,3.4771518231391925,2.0687383645780244,"{""type"":""MultiPoint"",""coordinates"":[]}"
1111,2023-02-16,-11.089628016942653,2,0.00860928637084683,2022.0,0.40349597149708627,2.486614296863501,-2.6764366168548053,-9.356573928686393,2.5089018010672537,4.076873314769775,6.3342408879957555,4.848477655002492,"{""type"":""MultiPoint"",""coordinates"":[]}"
1112,2023-02-17,-12.84423423549338,2,0.2029443593887581,2022.0,0.40198578237917976,2.5364523927015976,-2.7752892685643595,-6.755330876952035,1.1379505017947817,-0.30440757533018303,3.8603038954406053,2.3748492753887818,"{""type"":""MultiPoint"",""coordinates"":[]}"
1113,2023-02-18,-18.3988301215704,2,0.29540434496193047,2022.0,0.39927642772328864,-0.9218881658170968,-5.080325608366243,-9.954430475689863,1.2151193612880595,-0.7833181691240736,3.12678703909363,2.3388030217341313,"{""type"":""MultiPoint"",""coordinates"":[]}"
1114,2023-02-19,-20.390762829733678,2,0.23443846976118213,2022.0,0.39727014707403185,-0.7873827195018632,-6.306822400800584,-11.637066017201015,3.7542675989612766,-1.830582297841541,7.719422838540978,4.408120777150222,"{""type"":""MultiPoint"",""coordinates"":[]}"
1115,2023-02-20,-22.489567756792127,2,0.06266486307768182,2022.0,0.3964238654121173,-4.135490689325047,-9.457136245239724,-15.170675674610772,2.157949943998985,-2.3407964612856444,6.02554093663425,3.298251884404949,"{""type"":""MultiPoint"",""coordinates"":[]}"
1116,2023-02-21,-23.46769396161836,2,0.04294036493749618,2022.0,0.3959506884258286,-2.436201383178215,-6.625741362463196,-12.968313760659372,1.5004758604979729,2.7419403327155027,4.774735358038104,3.352485532288504,"{""type"":""MultiPoint"",""coordinates"":[]}"
1117,2023-02-22,-10.149009981792442,2,0.002139806667855737,2022.0,0.3953631754852197,4.180099934292332,-2.8461839837608203,-9.002047707888623,2.2503765812817105,2.4172017896662292,6.59257300610425,3.4300705560489937,"{""type"":""MultiPoint"",""coordinates"":[]}"
1118,2023-02-23,-13.433303856240178,2,0.045458025171962645,2022.0,0.39425268697768123,3.4053553452806256,-3.672828621893496,-9.663120256787524,1.6211260249021449,-1.7711836623974055,4.838897810229546,3.0417167709792294,"{""type"":""MultiPoint"",""coordinates"":[]}"
1119,2023-02-24,-21.594933483818807,2,0.04545784716715577,2022.0,0.3927521614273169,-1.7293280062216339,-6.986083328210188,-12.241359830155796,2.103429092839298,-1.9580062585330038,5.887756664438628,3.3051479961755015,"{""type"":""MultiPoint"",""coordinates"":[]}"
1120,2023-02-25,-20.095191284291968,2,0.002744845510613487,2022.0,0.3912738928855676,1.6553510194280698,-3.5602006325313478,-9.503426026871992,2.5921033285824038,1.276273276392105,4.294048131585555,3.2474806546975916,"{""type"":""MultiPoint"",""coordinates"":[]}"
1121,2023-02-26,-13.937854846551616,2,0.0021461837604874745,2022.0,0.390531913103217,8.480869443794765,1.4250189086307292,-4.228099952747884,2.4852009651412983,4.349662994171732,7.0141576226161435,5.101681674527268,"{""type"":""MultiPoint"",""coordinates"":[]}"
1122,2023-02-27,-6.847292291767772,2,0.005887139522132804,2022.0,0.38859108170938483,10.084592997764616,4.36371199672523,0.44226326980220193,4.493847006257649,7.049387780265382,10.42144352829107,8.444937242467198,"{""type"":""MultiPoint"",""coordinates"":[]}"
1123,2023-02-28,-10.944596613494909,2,0.019186202800791797,2022.0,0.3847858335296856,6.177311536543677,0.1739795230025817,-4.8569298342189064,3.092768185138303,-1.710376250287765,5.92008514482474,3.7413218333312535,"{""type"":""MultiPoint"",""coordinates"":[]}"
1124,2023-03-01,-18.686017808453915,3,0.02581107992456755,2022.0,0.3824116564699826,1.4252587420490956,-3.7447510159760853,-9.129598610673993,3.358244191509224,-1.9719518525418667,8.095583528312059,4.371579933014128,"{""type"":""MultiPoint"",""coordinates"":[]}"
1125,2023-03-02,-14.817479518665536,3,0.013289964138152895,2022.0,0.38157149441919086,4.497716111363702,-0.9183575545155997,-6.1937172613717575,3.096116475157741,3.2781791143976213,8.232449627738866,4.902985539811627,"{""type"":""MultiPoint"",""coordinates"":[]}"
1126,2023-03-03,-11.987297618104465,3,8.52346317969932E-4,2022.0,0.3808515020297937,7.322480200403144,0.20009654938985705,-4.424801227589491,-1.000110678086355,-0.028173485855901105,2.5362220922336745,1.7974525116796567,"{""type"":""MultiPoint"",""coordinates"":[]}"
1127,2023-03-04,-8.389034019820397,3,8.84883743094877E-4,2022.0,0.3788681244594314,11.677046139574236,3.8629314783524062,-0.7013435105298331,-0.45156651688757976,2.5564995557848373,4.616359158995823,2.8767191880948078,"{""type"":""MultiPoint"",""coordinates"":[]}"
1128,2023-03-05,-0.35021785787732845,3,0.0035648624813752637,2022.0,0.3753531905156628,12.04356627265782,6.005218652369149,1.5395814822010894,3.252249583601116,5.554851211110587,7.9939049296807285,6.4641348065367366,"{""type"":""MultiPoint"",""coordinates"":[]}"
1129,2023-03-06,-1.1192061851986028,3,0.004252073754857522,2022.0,0.37164082562791506,11.859239036036714,4.2893661209047504,-0.7795949799926264,1.9110419393771227,2.0243453109282457,5.2310447426751905,3.2083360716491467,"{""type"":""MultiPoint"",""coordinates"":[]}"
1130,2023-03-07,-3.3637510469103087,3,0.011595333583250272,2022.0,0.36840875542989665,14.134688960193872,4.726741174191783,-4.225020928176301,1.778229780361635,1.3227378558332963,9.80459928917352,5.085666817407524,"{""type"":""MultiPoint"",""coordinates"":[]}"
1131,2023-03-08,-6.127659752693201,3,0.020742553674385995,2022.0,0.3662140903744018,6.255277122961802,1.2500236878362323,-1.8928803153771583,-1.020352166036159,0.20986591744901126,2.942626328261816,2.1418156739419127,"{""type"":""MultiPoint"",""coordinates"":[]}"
1132,2023-03-09,-3.240353655154726,3,0.01175105436508544,2022.0,0.36345273825926594,12.644111410321372,4.978810570731507,0.7131332837247603,-0.02722384990068681,2.557565211151363,3.8214208186353713,3.147883204247516,"{""type"":""MultiPoint"",""coordinates"":[]}"
1133,2023-03-10,-4.765944534079703,3,4.351138045421976E-4,2022.0,0.3586924543433782,16.510359791392915,7.373545133015382,-0.6711794666911803,2.4952151712537307,0.5277606120062142,8.297173490063809,5.297309152910865,"{""type"":""MultiPoint"",""coordinates"":[]}"
1134,2023-03-11,-19.49525516704397,3,0.0014501885777862215,2022.0,0.35487671697854384,4.996028815404033,-0.409746988299597,-5.498724141483359,0.9761777719531652,-2.740914993014482,4.4830662111309945,3.0189233265321955,"{""type"":""MultiPoint"",""coordinates"":[]}"
1135,2023-03-12,-22.97914130466292,3,0.0015652537722805652,2022.0,0.35452494210584484,-0.17088382218791187,-4.753466697151475,-8.96043507665841,2.0296589149317787,-1.046433760206434,5.773027667022241,3.419053792392156,"{""type"":""MultiPoint"",""coordinates"":[]}"
1136,2023-03-13,-17.896772830623856,3,0.011307069730742757,2022.0,0.3551203219085151,2.4180330586076,-1.4587346143243816,-5.3924094944202565,-0.9732374449219355,1.0252334705142003,3.4369483631826654,2.560440523735082,"{""type"":""MultiPoint"",""coordinates"":[]}"
1137,2023-03-14,-4.4991023557829815,3,2.273585306547427,2022.0,0.3694776026772225,5.018723131620587,0.9934378426519508,-4.157089853728759,2.521359459638155,1.6232200251770093,5.559863511368626,3.7559223826671677,"{""type"":""MultiPoint"",""coordinates"":[]}"
1138,2023-03-15,-16.24505422514899,3,2.2735839214150495,2022.0,0.36843886585193825,3.015561688241703,-1.1467579744365453,-4.737235129745517,5.059265039738556,0.5944628758245363,8.204521066183803,5.157428559065575,"{""type"":""MultiPoint"",""coordinates"":[]}"
1139,2023-03-16,-15.744643485406122,3,0.02445130176806575,2022.0,0.36345774050850355,3.4191353511633733,-1.0722360819174395,-5.468450012155574,4.1828365494102675,0.37297453982246437,6.758566148536087,4.573962685233961,"{""type"":""MultiPoint"",""coordinates"":[]}"
1140,2023-03-17,-14.617611319402982,3,0.002635699860264601,2022.0,0.3592816212517646,6.6903024626847385,0.4236927374527083,-4.725631364609868,3.139696163597775,1.4845117826904906,5.215771776264313,3.6520529873797027,"{""type"":""MultiPoint"",""coordinates"":[]}"
1141,2023-03-18,-10.952756917269681,3,0.0012814997489840607,2022.0,0.35487782260636114,9.09549017654954,2.375063433106821,-2.2322993191221028,2.3797017635405155,1.6789641064454677,4.326412257477564,3.3436625171255607,"{""type"":""MultiPoint"",""coordinates"":[]}"
1142,2023-03-19,-5.871358696016869,3,0.0012844800494349329,2022.0,0.34960746641902224,13.973887695230227,6.568738165415592,1.8797269411278554,2.3643065897880886,4.278461495633408,5.796972356770809,4.936847786711671,"{""type"":""MultiPoint"",""coordinates"":[]}"
1143,2023-03-20,1.1397338257444827,3,0.07110728965816118,2022.0,0.34478667237944965,14.332457978637455,8.196340175478449,3.84543743946895,2.9336138137559344,6.134441316057456,8.359039056581066,6.840181931483456,"{""type"":""MultiPoint"",""coordinates"":[]}"
1144,2023-03-21,1.8715152299192073,3,0.8302779306544928,2022.0,0.3412678320090808,14.834986769938084,9.85431404411678,6.092288703603429,3.020063757112814,6.0861920566195575,7.778171419899021,6.863467532662957,"{""type"":""MultiPoint"",""coordinates"":[]}"
1145,2023-03-22,-14.238151676077875,3,0.9775176870317069,2022.0,0.34303326094791503,10.420724901372648,3.617029470952442,-4.110010805681325,4.2708904032319035,1.2034001057988795,7.805751136271846,4.678193161808666,"{""type"":""MultiPoint"",""coordinates"":[]}"
1146,2023-03-23,-18.860282389987294,3,0.031694158260955965,2022.0,0.33771493063996955,2.9239325596192227,-1.9134449805615197,-6.226640419869184,3.7541391022507167,-1.1480085942857599,6.3913657502399746,3.9917220727313905,"{""type"":""MultiPoint"",""coordinates"":[]}"
1147,2023-03-24,-13.138325057937086,3,0.0025688932510092854,2022.0,0.3357895862333521,3.385110892844469,-1.824315345683127,-6.228216137380498,1.4369752813078087,-0.14437183158251274,2.837548972890668,2.0987879988591023,"{""type"":""MultiPoint"",""coordinates"":[]}"
1148,2023-03-25,-14.14465954931298,3,0.002562967040375952,2022.0,0.3335879896656773,5.946073389173924,-0.6558124792348536,-6.482997357927667,2.278080312232837,0.19898677763694317,4.308232934813637,2.4866646258908296,"{""type"":""MultiPoint"",""coordinates"":[]}"
1149,2023-03-26,-12.668532945290108,3,8.70227722771233E-4,2022.0,0.3311470146828592,6.3668088716539035,0.7676069930789593,-3.105782163932774,1.4435773303290556,1.799605717845992,3.3782166807758167,2.804849345621412,"{""type"":""MultiPoint"",""coordinates"":[]}"
1150,2023-03-27,-7.936515340971663,3,8.52346317969932E-4,2022.0,0.3279432251959868,10.41265641737606,3.23670716499225,-2.236016091893718,2.062811903742179,2.562465824386472,5.075050789897663,3.5851941235413904,"{""type"":""MultiPoint"",""coordinates"":[]}"
1151,2023-03-28,-3.661885271426532,3,1.1322170008741828E-5,2022.0,0.3233921301887977,13.63274503213129,7.1947696619994765,2.6915223608205268,2.281791778633894,4.01999902153251,5.346005365039381,4.683154363363742,"{""type"":""MultiPoint"",""coordinates"":[]}"
1152,2023-03-29,1.9681507567099417,3,0.019711404610011005,2022.0,0.3181276873287388,16.10403504312976,9.334827340710785,2.815964991950337,2.885762157812034,3.7588808672623313,6.548267608622155,4.806430863895971,"{""type"":""MultiPoint"",""coordinates"":[]}"
1153,2023-03-30,0.28683279961093644,3,0.019711404610011005,2022.0,0.31307261040642187,17.002348759964818,9.593315920628065,4.096425823479809,0.8420690905881051,0.991343613467637,3.9817645388656806,2.6449611157474573,"{""type"":""MultiPoint"",""coordinates"":[]}"
1154,2023-03-31,2.3588392356599743,3,0.0,2022.0,0.3062577370586232,20.846786552517955,13.640497659772947,7.449083071512119,1.6084347811768092,4.625031186701296,5.685788023597677,4.914178728361636,"{""type"":""MultiPoint"",""coordinates"":[]}"
1155,2023-04-01,-0.01728839648156411,4,8.597733867077295E-4,2022.0,0.29807737933309497,20.612608593558683,13.76260159557488,7.714976667863599,1.9546491965945374,5.163225924334466,7.748230834986886,5.557949486120482,"{""type"":""MultiPoint"",""coordinates"":[]}"
1156,2023-04-02,-0.8100522582963001,4,0.0025709514375193976,2022.0,0.2899744605621575,20.96460036498471,14.687331234655344,9.334287585373117,1.891290219421233,4.439150957071594,7.0456055026093045,4.848473613288947,"{""type"":""MultiPoint"",""coordinates"":[]}"
1157,2023-04-03,-3.751321547290849,4,0.0034217900974908844,2022.0,0.28432655929213085,17.823578147817486,10.37684901061908,4.537042750698251,1.6482460871326285,-1.6256715564876743,5.510934990827935,3.93819478092867,"{""type"":""MultiPoint"",""coordinates"":[]}"
1158,2023-04-04,-11.111469410229153,4,0.030287904318054715,2022.0,0.28218568465074634,9.266445545818305,6.146245808239466,3.3428777821044537,-2.478727590703544,-2.8719806051621313,5.77277856174738,3.828375157088971,"{""type"":""MultiPoint"",""coordinates"":[]}"
1159,2023-04-05,-10.277533516432952,4,0.030211407359084844,2022.0,0.279666907760935,12.126605387150352,5.977633623249319,-2.3437221422296486,-1.2127917113079907,-3.1699258646098913,5.68095760236886,3.684088591815255,"{""type"":""MultiPoint"",""coordinates"":[]}"
1160,2023-04-06,-14.448475187490116,4,0.0012021996131391217,2022.0,0.2778022953536888,11.394583663799004,4.954069655501094,-2.574312113831481,3.6308988020040873,-0.2533999435070747,6.566019787929818,4.103990021993007,"{""type"":""MultiPoint"",""coordinates"":[]}"
1161,2023-04-07,-19.064973477847353,4,8.624891165709414E-4,2022.0,0.27472263810688063,7.515138348788876,1.484360372836011,-3.846754292253877,4.368733027763761,-1.4860155692401384,8.999167454532857,4.701616503048321,"{""type"":""MultiPoint"",""coordinates"":[]}"
1162,2023-04-08,-10.258926914308725,4,0.002143951348898554,2022.0,0.2715796502736642,11.234685671311441,6.961043868007842,1.7135407780066114,2.7555466683046625,3.9561320754127354,6.839519386343348,5.241425309105937,"{""type"":""MultiPoint"",""coordinates"":[]}"
1163,2023-04-09,2.4547980716117688,4,0.045695074345012576,2022.0,0.26656715108662626,19.13201021586346,13.134335329463129,8.95690364326494,3.3324226109564554,7.341346313554363,9.150906317040818,8.13991080338832,"{""type"":""MultiPoint"",""coordinates"":[]}"
1164,2023-04-10,5.456749146954074,4,4.522169959316235,2022.0,0.2812234890970651,19.454493244530592,13.050713667898263,4.950148218831008,3.505980716085723,6.020003133318699,10.674023174827331,7.269289626403412,"{""type"":""MultiPoint"",""coordinates"":[]}"
1165,2023-04-11,-19.299316819760683,4,4.522169959316235,2022.0,0.30693566977987813,9.026032861850751,4.113233673037435,0.6055094850258451,6.856102193458087,0.19763925958399067,11.011931194509913,7.051992552422496,"{""type"":""MultiPoint"",""coordinates"":[]}"
1166,2023-04-12,-10.370228463198663,4,0.1540348466326892,2022.0,0.29472847366354465,12.82130631138701,7.405683289332939,3.518509450707074,3.611918825802895,1.259799625479885,7.997697598625283,4.890522314744633,"{""type"":""MultiPoint"",""coordinates"":[]}"
1167,2023-04-13,-5.125510320487152,4,0.12728891991733124,2022.0,0.28725203742297284,15.01891908991225,7.816344570080852,-1.0795031677585354,-0.8354430861724648,-1.3518552866683429,4.583212559721739,3.028267531944621,"{""type"":""MultiPoint"",""coordinates"":[]}"
1168,2023-04-14,-5.44300360575411,4,0.03526334170510103,2022.0,0.2795560067272888,16.313842477160353,9.087931108627462,1.5930263077572022,-2.5353678873572654,-0.025762437702504522,3.7950676099176133,2.7564287202617277,"{""type"":""MultiPoint"",""coordinates"":[]}"
1169,2023-04-15,-3.1983101376978493,4,0.3196922043910079,2022.0,0.27446595601362034,14.938549597396376,8.052561014079958,0.8938493657590556,0.674935299142358,-0.28647887172963665,3.6475251637426256,2.4400820393673874,"{""type"":""MultiPoint"",""coordinates"":[]}"
1170,2023-04-16,-4.387236207372312,4,0.38639912500687407,2022.0,0.27047860463674617,14.296126248931785,7.572756147317693,0.5799387301881324,0.785689849077674,-0.7258221948740894,4.173877839642795,2.871819607975243,"{""type"":""MultiPoint"",""coordinates"":[]}"
1171,2023-04-17,-0.22964457144285713,4,1.0563438868693096,2022.0,0.2678074647324883,16.189432469954227,10.583723876998592,7.013440526245081,1.6832175099171247,5.318618981086365,7.912569356836274,5.868641299800292,"{""type"":""MultiPoint"",""coordinates"":[]}"
1172,2023-04-18,-9.088214205457836,4,1.0563423332935897,2022.0,0.2692070221109293,15.558172416076232,10.096538321793366,5.020253005896599,2.5312760184471434,0.8478245151411973,7.954562617359331,4.851572925559055,"{""type"":""MultiPoint"",""coordinates"":[]}"
1173,2023-04-19,0.6196084667038678,4,1.0794756311044709,2022.0,0.2624104629641767,23.030593681239036,16.219465870752515,9.212412919970872,4.381460630248737,4.39160142135631,9.620639088839646,7.494895194198306,"{""type"":""MultiPoint"",""coordinates"":[]}"
1174,2023-04-20,-18.800609386282684,4,1.0794742859226547,2022.0,0.26088847510700414,12.712931385744357,7.987178352973657,2.1636587806803482,4.951490988925077,-3.00511157033122,8.559617562935932,5.841463265178836,"{""type"":""MultiPoint"",""coordinates"":[]}"
1175,2023-04-21,-15.596259034430739,4,0.0,2022.0,0.2542868748200906,10.778544505338116,4.7575674697505015,-3.289912191056951,1.5158884727966258,-1.4562248555694626,6.045664698345083,3.2572734161380126,"{""type"":""MultiPoint"",""coordinates"":[]}"
1176,2023-04-22,-12.17269758739606,4,0.0,2022.0,0.250699362933512,12.7944938285464,5.373403638051795,-3.665044090982092,-0.5281937771335374,-1.037641599758454,3.4241983841785304,2.146409593742212,"{""type"":""MultiPoint"",""coordinates"":[]}"
1177,2023-04-23,-13.652984766571937,4,0.0,2022.0,0.2466573360508913,11.563178173317896,4.697843832203224,-2.1386728965390005,0.6346196377637036,-0.5737803751541343,4.689563794848303,3.1080794923828483,"{""type"":""MultiPoint"",""coordinates"":[]}"
1178,2023-04-24,-8.73093298260457,4,8.52346317969932E-4,2022.0,0.241850705942188,15.630886389203392,10.821033039196989,7.225551616926554,1.835175394040761,4.175788900163565,6.973501495956944,4.839047283427148,"{""type"":""MultiPoint"",""coordinates"":[]}"
1179,2023-04-25,0.97923736750154,4,13.540995346513306,2022.0,0.32991803411058024,12.142130276583414,4.328335156535329,-1.844793153367695,0.9354004504419569,-0.32375071086108786,8.15568983597792,5.191585408925422,"{""type"":""MultiPoint"",""coordinates"":[]}"
1180,2023-04-26,-6.040469262556926,4,13.54099479853662,2022.0,0.3470548296706103,13.201704935510776,8.661336923364908,4.365329890441661,1.6434584621418948,3.6670378938914236,6.205006619748218,4.189847671676285,"{""type"":""MultiPoint"",""coordinates"":[]}"
1181,2023-04-27,5.8412992668484325,4,3.1159955279211897,2022.0,0.34147351639640094,17.865102976071366,12.169637797201537,8.029411459427253,2.8155535452486036,6.249319725173523,9.130937050357218,6.882895248218716,"{""type"":""MultiPoint"",""coordinates"":[]}"
1182,2023-04-28,5.619962896315671,4,3.3652116170163398,2022.0,0.3577486836338949,12.775189883837973,7.831400180167068,3.511999520977436,0.03011560828520065,2.223838579608482,4.874151340911909,3.011541478765423,"{""type"":""MultiPoint"",""coordinates"":[]}"
1183,2023-04-29,4.710610384533648,4,9.015785828660691,2022.0,0.38469079679515616,10.658608269382066,7.22676539534406,4.013606608635319,1.591651825417535,-3.0214896434491605,6.6093781173500625,4.438339094546777,"{""type"":""MultiPoint"",""coordinates"":[]}"
1184,2023-04-30,-2.014337811410269,4,9.01074708257221,2022.0,0.3665906429371143,14.166398113950946,7.815046534518736,0.25978890487644896,2.4120197549041213,-0.6930252751364283,5.4456892658812714,2.986390406192193,"{""type"":""MultiPoint"",""coordinates"":[]}"
1185,2023-05-01,-0.39169707822023403,5,0.22982010975794148,2022.0,0.34403166344168623,17.569389333745903,12.708842984110662,9.188414188181218,0.7275615427238074,3.9349826915832504,6.736264991400818,4.188376817407384,"{""type"":""MultiPoint"",""coordinates"":[]}"
1186,2023-05-02,4.152030802429452,5,0.0011059949357670113,2022.0,0.3269695642255815,21.6328712122609,16.73811895607418,12.358739574952558,3.404880918889337,8.834224641319741,11.422061648075179,9.532176106963096,"{""type"":""MultiPoint"",""coordinates"":[]}"
1187,2023-05-03,9.74366068535426,5,0.018324172408388302,2022.0,0.3124041463814531,23.89043087620934,17.536023958948718,12.461086215455339,2.7649998650121406,4.528806631213744,7.951673910894033,5.361371175370702,"{""type"":""MultiPoint"",""coordinates"":[]}"
1188,2023-05-04,7.596682320024774,5,0.7146087631887611,2022.0,0.3108145417882604,20.862082224488592,15.576063545463258,10.974606437432378,-0.9266940268902805,-1.5263269516690225,5.7391602107063955,4.037082204718014,"{""type"":""MultiPoint"",""coordinates"":[]}"
1189,2023-05-05,-2.83454407030184,5,0.7146087631887611,2022.0,0.30177503971914504,18.3775130163412,12.950620429444472,7.030040519916273,-3.0178153680290998,-5.09735514705212,8.999973693417498,5.951511681725668,"{""type"":""MultiPoint"",""coordinates"":[]}"
1190,2023-05-06,-1.492332174713796,5,0.0025657316200522473,2022.0,0.2902162399069099,19.731579521432554,12.409837828888612,3.8430140361725043,-0.82413445792109,-1.8249446411964392,4.677386165960468,2.9830401769000625,"{""type"":""MultiPoint"",""coordinates"":[]}"
1191,2023-05-07,0.4534777483931528,5,0.028024212506520936,2022.0,0.2820137109011171,19.223032215452136,12.90688954112278,5.780040038980225,1.647431761034755,-0.3791282157548608,4.862045228292416,3.081305869772362,"{""type"":""MultiPoint"",""coordinates"":[]}"
1192,2023-05-08,-2.6819883669217432,5,0.028024212506520936,2022.0,0.27227175753467164,22.26160072855179,13.573132208978446,3.561181751214596,1.7198197772927668,-1.9065290352381836,6.424716842186049,3.7543775268493875,"{""type"":""MultiPoint"",""coordinates"":[]}"
1193,2023-05-09,-4.495010510012818,5,8.587039239671412E-4,2022.0,0.26358801933197284,19.183742012809653,13.080740287584042,5.144282793295502,0.5907104406887793,-0.9397812295786498,4.816884026669252,3.350973759337802,"{""type"":""MultiPoint"",""coordinates"":[]}"
1194,2023-05-10,-2.984211604314805,5,8.587039239671412E-4,2022.0,0.25573486759124286,18.593356380337294,11.99933753055138,3.764246242001775,-1.7624499564613147,-0.9796729322109098,5.144188959036428,2.8556901613871886,"{""type"":""MultiPoint"",""coordinates"":[]}"
1195,2023-05-11,0.7053559092017126,5,0.15721733094121013,2022.0,0.24824051246448053,23.15092185049544,18.023698055910966,14.598386941791189,-0.12720923008788299,3.65399407601047,5.363244346814807,3.8075963919306752,"{""type"":""MultiPoint"",""coordinates"":[]}"
1196,2023-05-12,7.956597340906005,5,3.8029810900747036,2022.0,0.2687262507715722,23.917094073415385,17.365475319372084,12.476160220916638,2.6240771814600614,5.494530773074437,9.004512618713623,6.211055549527267,"{""type"":""MultiPoint"",""coordinates"":[]}"
1197,2023-05-13,8.297690930525404,5,3.842103402863445,2022.0,0.28161598263218734,20.466997885177648,14.782531818565873,9.78491706867436,1.6655045789080702,4.253934329992949,6.0034232022848055,4.703674273948542,"{""type"":""MultiPoint"",""coordinates"":[]}"
1198,2023-05-14,8.678695994105567,5,0.37225021964675004,2022.0,0.2691923896210457,24.329397149908214,18.94952832827498,14.089699939320818,2.457874542742983,5.6047807351626275,7.31294133979517,6.162043860456268,"{""type"":""MultiPoint"",""coordinates"":[]}"
1199,2023-05-15,10.00551087491816,5,0.4500655207004413,2022.0,0.26212817129442373,24.540663448136378,18.26760615637027,12.852145666588292,1.4954956977767515,2.1061922528046,7.574963352746494,4.163848575361895,"{""type"":""MultiPoint"",""coordinates"":[]}"
1200,2023-05-16,12.25002924978444,5,29.58097620382227,2022.0,0.3458758037045698,28.995452756896203,17.711463369188113,10.390046047646008,1.1540499187344968,0.8280105455195388,8.947607384969098,3.8182331317992118,"{""type"":""MultiPoint"",""coordinates"":[]}"
1201,2023-05-17,6.735918927745929,5,29.696878645115987,2022.0,0.36929063391394823,17.891671887951865,12.598082428690093,6.343173746803113,0.17522219881809686,1.4535873878590888,2.8925702198528205,1.8491270974970866,"{""type"":""MultiPoint"",""coordinates"":[]}"
1202,2023-05-18,3.468122007386201,5,0.6964957358537242,2022.0,0.34495619987060455,23.22141778516105,16.28706405955131,7.8391164957442525,-0.4255920145255649,1.8253191931742403,3.376833862509118,2.2247982637389097,"{""type"":""MultiPoint"",""coordinates"":[]}"
1203,2023-05-19,7.516295168647509,5,3.004927583102853,2022.0,0.3394738510824522,24.550725288590467,18.85219212106674,13.220566545078517,1.220808600339939,4.738996387994773,7.15337190318094,5.1866343692455965,"{""type"":""MultiPoint"",""coordinates"":[]}"
1204,2023-05-20,-0.991410187738859,5,3.00492566551705,2022.0,0.336489832276032,20.496674181425277,14.985968791212215,8.757714241937007,4.862134077474106,0.9174861702210942,8.919783799728256,5.577330612563114,"{""type"":""MultiPoint"",""coordinates"":[]}"
1205,2023-05-21,4.318402419226118,5,0.02987415085710082,2022.0,0.32020395890709613,19.764615774484213,14.2177396512285,8.181482240929913,0.9229749483140353,-1.4340919993139265,6.952721958026891,3.8769526229272895,"{""type"":""MultiPoint"",""coordinates"":[]}"
1206,2023-05-22,5.251677249261437,5,0.1824878493942574,2022.0,0.3076478304022571,23.47609205659078,16.35465406161415,7.88923174833824,0.4585841914175389,0.8568988625029047,3.0794287451813354,1.952802286676851,"{""type"":""MultiPoint"",""coordinates"":[]}"
1207,2023-05-23,3.6826887884825554,5,0.18226719064840433,2022.0,0.29310420347241933,25.68697151121075,20.177088251697402,15.230002822760266,1.6910156402382144,3.8122810202506487,5.971477462309396,4.317347432978902,"{""type"":""MultiPoint"",""coordinates"":[]}"
1208,2023-05-24,7.563189322397007,5,0.9507351240599025,2022.0,0.27748348056697425,26.53691411830918,21.532757375749245,16.89250484732099,2.614064213774019,7.329167970894926,8.832132082438095,7.825844421724526,"{""type"":""MultiPoint"",""coordinates"":[]}"
1209,2023-05-25,7.32288885544686,5,1.6801058801851845,2022.0,0.28752592803588173,23.18068922754288,18.096053013388236,14.212495235904148,3.464582766004547,8.425682147886453,12.62383385300931,9.174182857942059,"{""type"":""MultiPoint"",""coordinates"":[]}"
1210,2023-05-26,11.716035690749145,5,1.7650352060002719,2022.0,0.28651148957197276,26.754633852998722,20.30765455683082,15.02259421928045,2.874119997158487,3.7621976815419864,7.11632868405081,4.852469050010899,"{""type"":""MultiPoint"",""coordinates"":[]}"
1211,2023-05-27,12.861620278451985,5,1.7268181772866062,2022.0,0.2854539713261337,23.83991444708427,19.079329127784252,14.583075283197806,2.3667839469718928,3.436723872981546,6.070663262057297,4.2157434820102715,"{""type"":""MultiPoint"",""coordinates"":[]}"
1212,2023-05-28,7.625628325818513,5,1.5162508095361984,2022.0,0.287645233394765,24.751573818971302,18.918480466509088,12.808660375844912,-0.9138220060447,-2.214748696334122,3.9012663657429694,2.838374448700319,"{""type"":""MultiPoint"",""coordinates"":[]}"
1213,2023-05-29,4.596799946822558,5,0.01235135652355592,2022.0,0.2715851609991793,23.21337422496773,17.522396230834286,10.664775638911474,-0.4763404811471425,-0.7833440088075135,3.6319145870067433,2.5405551302666027,"{""type"":""MultiPoint"",""coordinates"":[]}"
1214,2023-05-30,5.489089984487688,5,8.612870487922919E-4,2022.0,0.2579662093246069,23.897550980043786,18.940599516990723,13.788877038201841,-1.2794105251877963,0.01915191537818586,3.2730032593527527,2.42209670703818,"{""type"":""MultiPoint"",""coordinates"":[]}"
1215,2023-05-31,6.575871149720352,5,1.9025065767087932,2022.0,0.25516714846942534,25.93318306096547,20.982767425962354,15.305931989655999,2.697139397076834,4.840244382725346,7.663091903018841,5.618275176988926,"{""type"":""MultiPoint"",""coordinates"":[]}"
1216,2023-10-01,2.6565143461756446,10,0.033058868151958666,2023.0,0.26873958206583975,18.67868552838857,12.818404962143314,7.964055587894601,2.4100373062004343,0.5313634839551667,4.818357776508371,3.137707909182845,"{""type"":""MultiPoint"",""coordinates"":[]}"
1217,2023-10-02,7.602531969036271,10,0.4056641123416433,2023.0,0.25987837433687766,21.77647001857044,16.37061533974803,12.302615603857362,1.0601591501043612,2.941718775219138,6.117634069223264,3.4274740463846576,"{""type"":""MultiPoint"",""coordinates"":[]}"
1218,2023-10-03,7.291965945859124,10,0.5141144008473616,2023.0,0.2573635712775819,23.55040851890712,16.459031134157023,9.050792177278462,3.412790641696798,2.436721728553838,9.533681499434953,5.237727764297585,"{""type"":""MultiPoint"",""coordinates"":[]}"
1219,2023-10-04,-3.612178159720475,10,0.37637429354014956,2023.0,0.2499626721081504,14.852639058105256,9.81754659482006,4.129747373194215,3.6925300765529157,-3.029060118552964,8.213192172797832,4.869226498857317,"{""type"":""MultiPoint"",""coordinates"":[]}"
1220,2023-10-05,-0.17821658591122544,10,0.0017587561283066789,2023.0,0.24340735291408644,15.292277335767004,9.816458035946003,4.567728736166348,1.8261169789580731,0.40458303848353216,4.5753834062069565,2.7539478483596227,"{""type"":""MultiPoint"",""coordinates"":[]}"
1221,2023-10-06,2.6538898103458024,10,0.0017106532936850272,2023.0,0.2380602738717828,18.538495558187883,11.418293952909771,4.6674103184412035,-0.9013415363653506,-1.4195683845422729,3.71554086310366,2.6009505185367363,"{""type"":""MultiPoint"",""coordinates"":[]}"
1222,2023-10-07,1.2335089324706185,10,0.0,2023.0,0.23314052547281452,16.699547025628167,11.571490739965686,8.295753429624405,-2.0858106915016745,1.1029146354287807,3.229038204292135,2.6458127386686656,"{""type"":""MultiPoint"",""coordinates"":[]}"
1223,2023-10-08,8.115964247978285,10,3.25769998213509,2023.0,0.2392403067172971,19.881468064632728,14.62575401536764,10.562300935684508,0.07147325618299612,2.0906492078215217,3.8588571708552695,2.29608002557587,"{""type"":""MultiPoint"",""coordinates"":[]}"
1224,2023-10-09,8.216090521101727,10,3.6138964108369773,2023.0,0.28202998155261355,16.2048732251557,11.22178819485883,5.307590846092754,0.17003602808503288,-0.9593251950218814,2.4121055874904376,1.4587268417424384,"{""type"":""MultiPoint"",""coordinates"":[]}"
1225,2023-10-10,6.043735782788987,10,1.8323061629149333,2023.0,0.27623796717518745,18.651237972072444,12.151370118788073,6.338720055275882,-0.4096693095413982,0.26132329133556326,2.252607459293417,1.4480720446361977,"{""type"":""MultiPoint"",""coordinates"":[]}"
1226,2023-10-11,6.7108778899918695,10,0.004033648752161911,2023.0,0.2679864745293048,19.85920366537668,13.449907495981018,6.445714438570408,0.5328880734869359,0.8989156428344656,2.2261846629140285,1.3634954084417712,"{""type"":""MultiPoint"",""coordinates"":[]}"
1227,2023-10-12,6.656148803061997,10,0.003454797872095965,2023.0,0.26042272133856414,20.96895480365714,14.215115549505587,9.251594392489434,0.7249017374871443,1.8181086302915388,2.6908067820274373,2.160417376890106,"{""type"":""MultiPoint"",""coordinates"":[]}"
1228,2023-10-13,8.883185093863275,10,1.24576329109406,2023.0,0.2654748006083737,19.190212810547894,12.890163476304144,7.30975891864264,1.0217328479071806,1.887185659708083,3.5963297461364494,2.3082539076513346,"{""type"":""MultiPoint"",""coordinates"":[]}"
1229,2023-10-14,6.779101111654632,10,1.2458747389910796,2023.0,0.2631872546184572,18.049535789727667,12.751729383778887,8.954407331864372,1.9393640933220857,1.0785125001802014,4.958387730791315,3.2514253704939438,"{""type"":""MultiPoint"",""coordinates"":[]}"
1230,2023-10-15,-6.148467815130605,10,0.008653885621447381,2023.0,0.25577418727415047,13.401004324597524,7.618776718676334,1.6904060773979919,1.7554147700940883,-3.0361310801108763,6.404949273928257,3.638286875416028,"{""type"":""MultiPoint"",""coordinates"":[]}"
1231,2023-10-16,-4.144287744171983,10,0.0012874602930423862,2023.0,0.24984652830366416,12.628552470873512,7.063227204361904,2.5749921152207365,1.4298038166743654,0.30890881647534046,4.130056433477767,2.6588428539042988,"{""type"":""MultiPoint"",""coordinates"":[]}"
1232,2023-10-17,5.086939007971136,10,0.5234001544207701,2023.0,0.24463601291591555,18.0230646403146,13.889066920260928,8.293129253532145,1.9022353176749411,4.374104060425615,6.571598287369229,5.210830082470157,"{""type"":""MultiPoint"",""coordinates"":[]}"
1233,2023-10-18,0.630897366397158,10,1.4151815070888725,2023.0,0.2593138367548787,15.049234685185775,9.443238143668024,4.58386375469684,2.4659164256611286,0.6265783608378345,4.873149069940036,3.333773655550078,"{""type"":""MultiPoint"",""coordinates"":[]}"
1234,2023-10-19,-4.371999577802424,10,1.3415568784647285,2023.0,0.25543070554773467,12.177432619265582,6.623601443253608,1.7811365628753082,2.586807822141697,-1.9211998789007325,4.410510263405522,3.251670708498556,"{""type"":""MultiPoint"",""coordinates"":[]}"
1235,2023-10-20,-6.433692626485884,10,0.3691417408410692,2023.0,0.2520694928769619,8.623520025539118,4.1141592431359335,-1.1380943253332236,2.629700674154203,-2.274701073622596,6.804153309667607,3.5929524671231197,"{""type"":""MultiPoint"",""coordinates"":[]}"
1236,2023-10-21,-4.490996310016887,10,0.3343475014122832,2023.0,0.2486457938297097,10.0772542660622,6.849440468417882,2.2416967955524756,2.9287144444324897,2.3041526837940736,7.232607742384713,4.2597482567625775,"{""type"":""MultiPoint"",""coordinates"":[]}"
1237,2023-10-22,0.7753312969309785,10,0.0012860662650382437,2023.0,0.24404132558399477,14.222337630641798,8.320127183725717,4.1641613382725176,0.5626403249859229,1.1548905364113773,3.725526284073239,2.307150770618757,"{""type"":""MultiPoint"",""coordinates"":[]}"
1238,2023-10-23,7.164415938935015,10,0.0018255581588877182,2023.0,0.2398032911694904,18.79571281881896,14.531901936049143,9.650976708066763,2.3013280182382,5.8067510704276515,6.951194117693752,6.2846167891492115,"{""type"":""MultiPoint"",""coordinates"":[]}"
1239,2023-10-24,7.101727002009557,10,0.005869159247701451,2023.0,0.2355678522879505,19.19532217221542,12.686741882680877,7.18547684556818,1.6723237715180568,1.9842170382612279,6.230079157978192,3.334593148418801,"{""type"":""MultiPoint"",""coordinates"":[]}"
1240,2023-10-25,3.158782641918096,10,0.029124632218356365,2023.0,0.23279693931855205,20.088077253389606,12.743862217060295,3.6242892968881915,1.9629217094568423,-0.10295928931047403,6.446150127720963,4.581891599194092,"{""type"":""MultiPoint"",""coordinates"":[]}"
1241,2023-10-26,-8.108453331162943,10,0.024775295432017615,2023.0,0.22897009536371968,10.095764792317128,4.847360457743941,-0.6473170378347378,0.3244745283557081,-1.24718618231534,3.428220210393222,2.1469049625867433,"{""type"":""MultiPoint"",""coordinates"":[]}"
1242,2023-10-27,-5.585341564066787,10,0.0017195939676639682,2023.0,0.22627283799607442,12.195339802250647,5.570917201871353,-0.032435821630910674,-1.3151917030278326,0.947678019742067,2.3883913951149616,1.7429059930640534,"{""type"":""MultiPoint"",""coordinates"":[]}"
1243,2023-10-28,-4.11615611034078,10,0.0017206273241754388,2023.0,0.2234874165749991,13.760822294985275,7.974952138612198,4.234402424413544,-1.7605454283983866,2.098332823518355,3.8564122854747485,2.954361886402855,"{""type"":""MultiPoint"",""coordinates"":[]}"
1244,2023-10-29,7.344359458080232,10,0.13121321426324475,2023.0,0.2207771923121554,18.01961228978109,13.952512938178375,8.590364572360132,2.5664786343038997,4.71431049323295,6.658257391674158,5.720861506242825,"{""type"":""MultiPoint"",""coordinates"":[]}"
1245,2023-10-30,0.36922592880205807,10,0.9445382940175382,2023.0,0.2201913980106483,13.465645539312554,9.907471757498007,6.163702720746276,-0.23685437190719552,-0.23456154618948274,6.339660715312136,3.588939768793833,"{""type"":""MultiPoint"",""coordinates"":[]}"
1246,2023-10-31,1.276186467015408,10,3.034734887081434,2023.0,0.23397962834983874,16.393092454723526,7.742413596221811,1.6737341760725304,1.7371327134288905,-0.454225039273154,8.449694387101449,4.1026113545525345,"{""type"":""MultiPoint"",""coordinates"":[]}"
1247,2023-11-01,1.0749576858579883,11,3.603319080876452,2023.0,0.2594731491237179,9.918425368684058,5.009907225323751,1.8420746703463977,-1.405000074009285,1.1772524708408652,7.272182044321417,3.133224562278482,"{""type"":""MultiPoint"",""coordinates"":[]}"
1248,2023-11-02,2.7124840726798514,11,1.8853064276248706,2023.0,0.2762688085921555,19.912521873588595,9.036441377465875,-0.9447986756451043,2.854658110803873,0.48654734090416835,11.467734059487883,5.669621708139565,"{""type"":""MultiPoint"",""coordinates"":[]}"
1249,2023-11-03,-9.164293246298945,11,1.8994992073733425,2023.0,0.27667654494943505,4.396184288396559,0.8933406860910705,-1.5272438006880658,-1.9430293101354625,-1.6263461887879997,4.163414373949736,3.1456523360259294,"{""type"":""MultiPoint"",""coordinates"":[]}"
1250,2023-11-04,-3.4178433725877775,11,0.19464073633284426,2023.0,0.2702886541878698,9.00878376397361,3.55882755480791,0.19107366292169106,-1.7463132198275242,-0.6080156864158973,3.4364261583072575,2.077615129716595,"{""type"":""MultiPoint"",""coordinates"":[]}"
1251,2023-11-05,0.925431990793614,11,21.05430663656758,2023.0,0.32410328612849193,7.698811849301272,3.83690617111965,0.41682971290167575,-2.577500851531131,-3.916995978943452,8.087275048308893,4.789390642123692,"{""type"":""MultiPoint"",""coordinates"":[]}"
1252,2023-11-06,-7.453302306996006,11,22.46716721551455,2023.0,0.3752810036548706,0.20070323188612996,-5.550614119773552,-11.361770414361718,1.784482989259514,-5.401839502581491,8.379429548918234,6.3812765659679025,"{""type"":""MultiPoint"",""coordinates"":[]}"
1253,2023-11-07,-12.90877445867551,11,16.32964922126638,2023.0,0.34774967847067867,0.03895900822122053,-7.91042910649323,-11.993265573953888,0.39343614244442293,2.216840267583249,3.422038812131242,2.6708407716145293,"{""type"":""MultiPoint"",""coordinates"":[]}"
1254,2023-11-08,-4.775502370811501,11,10.042964437449616,2023.0,0.348715278832951,0.8833239093872691,-3.852701045124754,-8.986244145593796,0.26248707362216306,-0.6936649194131564,2.789844549641489,1.8629887305149975,"{""type"":""MultiPoint"",""coordinates"":[]}"
1255,2023-11-09,-14.472703572778011,11,10.178528482434983,2023.0,0.33825949914228104,-2.3410150561066447,-8.384537708765318,-12.602214386176628,3.2923741235887896,-0.202229406426573,4.456010702532967,3.5550202194502174,"{""type"":""MultiPoint"",""coordinates"":[]}"
1256,2023-11-10,-17.84352593446849,11,0.20306348971260613,2023.0,0.3316492873354236,-4.186571752797987,-10.412820159875231,-15.034991617361873,2.883474324752699,-0.2514854583842573,5.734337425929225,3.4344299963797638,"{""type"":""MultiPoint"",""coordinates"":[]}"
1257,2023-11-11,-15.624723470754175,11,0.011688563040989202,2023.0,0.32719512939238826,-5.734940493860293,-9.231140226176269,-13.371578827238624,1.868452348349584,0.026424234211729507,3.1388295776802964,2.1067270719392783,"{""type"":""MultiPoint"",""coordinates"":[]}"
1258,2023-11-12,-16.44263859897844,11,0.003010032742167823,2023.0,0.3238755549813358,-4.808757678979788,-10.678751523101287,-14.883284759135691,2.2504837271792013,0.4472528546437421,3.672424979208328,2.7490579317302766,"{""type"":""MultiPoint"",""coordinates"":[]}"
1259,2023-11-13,-11.594953545645845,11,0.001727127028061659,2023.0,0.32114838270586776,-0.9808518585096838,-6.936567456950355,-12.502154776597115,2.1022369681171402,2.616393721159259,4.411506354989115,3.470417744656726,"{""type"":""MultiPoint"",""coordinates"":[]}"
1260,2023-11-14,-8.861487456154041,11,0.001727127028061659,2023.0,0.31891294621143385,1.2583235904778067,-5.300165317393284,-9.14009594257455,1.789185369300725,2.5216116589892827,3.5333450857345556,3.1324286408323534,"{""type"":""MultiPoint"",""coordinates"":[]}"
1261,2023-11-15,-1.7470907301854048,11,1.7032702325137545,2023.0,0.3268118233109829,3.3941382977325003,0.19350713394127142,-6.440174961652659,1.7153725178899835,2.6821128095064997,4.388479626918815,3.3395006347280716,"{""type"":""MultiPoint"",""coordinates"":[]}"
1262,2023-11-16,-12.28367972638378,11,1.8487997422095452,2023.0,0.3287199451063543,0.3139895330005271,-6.477180700078675,-14.198997379767821,3.3155868907906836,0.0509686941805566,5.479110869315657,3.5109166721113474,"{""type"":""MultiPoint"",""coordinates"":[]}"
1263,2023-11-17,-11.042273612649,11,0.20797821045490641,2023.0,0.3228897182276641,-5.571206291863533,-7.591020299681191,-12.435398039953617,2.121101476481889,-2.012241254971867,4.558770896863026,3.232154660379766,"{""type"":""MultiPoint"",""coordinates"":[]}"
1264,2023-11-18,-9.278124833408361,11,0.20797617977034508,2023.0,0.31979856968488635,-2.5268689560484114,-4.573808191979779,-10.400082373799894,2.9325593361875204,2.377151186442508,5.173518292800989,4.272244143474758,"{""type"":""MultiPoint"",""coordinates"":[]}"
1265,2023-11-19,-8.761204691285226,11,0.00261457469019178,2023.0,0.31762581283078123,0.20945739566066496,-5.38318861189754,-9.08931344651298,2.2698478068694077,0.5527134328499574,4.7504151686012355,3.355015565109412,"{""type"":""MultiPoint"",""coordinates"":[]}"
1266,2023-11-20,0.10513926553784908,11,0.002613633527353572,2023.0,0.3779710229243233,6.181795061536794,3.670410532618914,-4.751652059550209,3.0066935673571233,5.970965556940597,7.729969685695577,6.720888852125475,"{""type"":""MultiPoint"",""coordinates"":[]}"
1267,2023-11-21,1.0947956126354885,11,1.8330419030396812,2023.0,0.4105096503893805,7.929905935750757,3.5474353881369782,0.30221656581997336,0.561018571893019,0.5411766907011326,6.296564656645309,2.976620088698407,"{""type"":""MultiPoint"",""coordinates"":[]}"
1268,2023-11-22,-1.799065828047403,11,9.131245265574204,2023.0,0.42234930527853887,3.5853715277755174,-0.4445929478578042,-6.779063577811093,2.1532286864076093,-1.9399496749637035,4.7921866660714825,3.329015108844747,"{""type"":""MultiPoint"",""coordinates"":[]}"
1269,2023-11-23,-16.24416073331323,11,9.156789220112172,2023.0,0.3986980585149382,-6.060309545149495,-8.80325214002993,-12.456076306989717,2.1852734847191764,-2.9601416491117307,5.4870928917458945,3.8976113110121444,"{""type"":""MultiPoint"",""coordinates"":[]}"
1270,2023-11-24,-22.395365483378118,11,0.37240444277207013,2023.0,0.3892061893200163,-7.533022977673682,-11.388639990140396,-14.352179295848297,3.3223826937464103,-0.04624895575582476,5.391451502499692,3.447126166617969,"{""type"":""MultiPoint"",""coordinates"":[]}"
1271,2023-11-25,-16.287859295295767,11,1.1472336416720303,2023.0,0.3831493003266977,-4.783266566636748,-6.93943624903132,-13.020194965403038,0.06802576376793187,1.4028414181627797,2.8776997665082353,2.1249752305568044,"{""type"":""MultiPoint"",""coordinates"":[]}"
1272,2023-11-26,-10.194367779666846,11,1.1750514666928904,2023.0,0.37849382167653084,-3.182105798687536,-5.656923589272936,-8.724472339603745,-0.17549361634223656,-1.1282546353330776,2.4334969637137083,1.4090525436484727,"{""type"":""MultiPoint"",""coordinates"":[]}"
1273,2023-11-27,-17.700577378017147,11,0.7729263820673562,2023.0,0.3746254369779761,-4.692627594030126,-9.62146741456746,-15.60463314342513,3.1689440876561963,-1.150741849711011,4.424879403037579,3.399454150924494,"{""type"":""MultiPoint"",""coordinates"":[]}"
1274,2023-11-28,-20.72943450558672,11,0.015896429247846715,2023.0,0.3714251600495149,-8.13526199780605,-11.281612126174482,-15.104986155625829,3.8533030806300936,0.20790692009050615,4.915934110298246,3.9339464727555042,"{""type"":""MultiPoint"",""coordinates"":[]}"
1275,2023-11-29,-21.79101976522923,11,0.04921619128147108,2023.0,0.36881945798809523,-8.851830474478005,-12.00412146671545,-14.474681662516572,3.4973687798235225,-0.684386034689363,5.680655477155599,3.71458869881687,"{""type"":""MultiPoint"",""coordinates"":[]}"
1276,2023-11-30,-19.22695943638542,11,0.049218761876192445,2023.0,0.3666980755624493,-6.474375046499038,-10.6795465165989,-13.913641699477978,3.053458520124265,0.6510117232608651,4.646763656791073,3.209699817418735,"{""type"":""MultiPoint"",""coordinates"":[]}"
1277,2023-12-01,-16.927310421282094,12,0.016789290164942076,2023.0,0.3649225875268968,-5.327936900511913,-8.180846760844794,-12.784761162839347,2.0648184656875856,2.616171529376244,4.368670937913918,3.5561900910521302,"{""type"":""MultiPoint"",""coordinates"":[]}"
1278,2023-12-02,-15.719453712179172,12,0.01829575662300406,2023.0,0.3633500956519211,-4.114118392998323,-8.380886118901852,-11.350467106947567,2.343485951537504,0.4412276109046258,5.25134149888743,3.1369094500763297,"{""type"":""MultiPoint"",""coordinates"":[]}"
1279,2023-12-03,-8.10737977357142,12,0.005014661430167286,2023.0,0.36190739612417544,0.5537397494268914,-1.5200859950254166,-9.387634766509695,2.6384776620303896,5.651142333510137,7.716682209268766,6.3184602079887675,"{""type"":""MultiPoint"",""coordinates"":[]}"
1280,2023-12-04,-8.332809603924849,12,0.0015554270574742346,2023.0,0.3605601824403539,2.490507965370818,-2.7969016493863466,-7.1138109527027025,0.875153505719775,1.4877394908492139,4.890306199520944,2.5926670295519076,"{""type"":""MultiPoint"",""coordinates"":[]}"
1281,2023-12-05,-1.5922861105994046,12,0.016178709245617495,2023.0,0.374075523795248,5.453984051564105,1.0218440008428924,-3.9583844772382384,2.5389447353938936,4.206213637184337,7.640757054589757,5.334435467846348,"{""type"":""MultiPoint"",""coordinates"":[]}"
1282,2023-12-06,-17.98568116805346,12,0.016178709245617495,2023.0,0.3721954858037179,-0.5338631266508997,-4.7161798685385365,-8.543562721960965,3.1120902401750388,-0.1274307161390437,5.457348419815722,3.6636455746786076,"{""type"":""MultiPoint"",""coordinates"":[]}"
1283,2023-12-07,-10.95362759925613,12,0.009649323157309365,2023.0,0.3677052239017734,3.6434448844000755,-1.3337030560040888,-8.145255913116367,0.3654465446298568,3.2097991928571252,7.934848427576004,4.1451451234607095,"{""type"":""MultiPoint"",""coordinates"":[]}"
1284,2023-12-08,-10.794867304811518,12,0.2352350034101972,2023.0,0.3799633715914785,7.546997707617081,-2.038798285846007,-9.835046670651026,3.231246897662461,-0.8594708470817607,7.949262164758155,4.750668395015061,"{""type"":""MultiPoint"",""coordinates"":[]}"
1285,2023-12-09,-26.143581793925623,12,0.23522899991111082,2023.0,0.3734569632074086,-7.583529214555189,-11.237742731700976,-15.97886951985977,2.492256526967382,-2.2231627370046834,4.6846313505277735,3.384353265660443,"{""type"":""MultiPoint"",""coordinates"":[]}"
1286,2023-12-10,-27.370348680385717,12,0.0248115341494871,2023.0,0.3689683268221453,-11.044494163915658,-13.218203736680339,-15.740834647994712,-0.6286673757680193,-2.207659877125512,3.923465615489952,2.5739250443644828,"{""type"":""MultiPoint"",""coordinates"":[]}"
1287,2023-12-11,-26.813412174165048,12,0.032506765004094294,2023.0,0.36677660616042024,-10.759946165562221,-14.106883451002167,-18.124476616076773,-2.005411261875675,-3.29640169008119,4.916982334696178,3.8907068376727345,"{""type"":""MultiPoint"",""coordinates"":[]}"
1288,2023-12-12,-24.99842471271639,12,0.02981287993426128,2023.0,0.3658172817563497,-10.772016908024188,-14.370534943979733,-17.84661725119958,-1.7636016841631035,-1.8353695925437137,3.296652750507593,2.5764759447360723,"{""type"":""MultiPoint"",""coordinates"":[]}"
1289,2023-12-13,-24.78258792494203,12,0.15151240141114214,2023.0,0.3655060222627235,-9.569534780636356,-12.736574034929541,-16.230374582208015,-3.1084193819004122,-3.200027909250206,4.989852355842682,4.491648003148924,"{""type"":""MultiPoint"",""coordinates"":[]}"
1290,2023-12-14,-24.77830825157128,12,3.1895921032586614,2023.0,0.3654665199784298,-10.650452693268582,-13.634334109398633,-16.57312385717249,-3.1082873426667024,-5.066667415953883,6.522673392426745,5.9749514702317965,"{""type"":""MultiPoint"",""coordinates"":[]}"
1291,2023-12-15,-24.948033126680148,12,3.240056903690341,2023.0,0.36548707442200873,-13.894367660247253,-16.31234586115491,-18.035651100270552,-0.6420476290742847,-5.165954792075591,7.091678703258573,5.297808422194943,"{""type"":""MultiPoint"",""coordinates"":[]}"
1292,2023-12-16,-27.691171063679736,12,1.2356967155194605,2023.0,0.36550698333111,-15.64401635832715,-18.83365580275175,-22.194816477994326,3.0888241147437774,-1.6707520955559572,4.795569307651948,3.8485679451486323,"{""type"":""MultiPoint"",""coordinates"":[]}"
1293,2023-12-17,-28.576753947115836,12,0.18657587349138893,2023.0,0.36551275981451087,-15.789432855988942,-19.126496809258516,-21.98354661260951,2.6013711254290914,1.3651087198962568,4.550030989944559,3.1720314574136945,"{""type"":""MultiPoint"",""coordinates"":[]}"
1294,2023-12-18,-25.90255199807219,12,0.1698301821862218,2023.0,0.3655174867685838,-13.637933151319682,-17.0062820312836,-21.161179531964756,0.013603060210284929,0.06956209050878343,2.44426255174401,1.6838955437020489,"{""type"":""MultiPoint"",""coordinates"":[]}"
1295,2023-12-19,-26.504012083448682,12,0.2285094430007916,2023.0,0.36552784934366195,-14.152605390010205,-18.71266922433426,-23.423450811898213,0.6430373761793078,-2.2651029129739344,4.381631362596627,2.684623772966124,"{""type"":""MultiPoint"",""coordinates"":[]}"
1296,2023-12-20,-30.528096816419062,12,0.08312977201195607,2023.0,0.3655302392357461,-17.678286937595942,-20.974175136880554,-23.604182002268313,2.179934366552126,-0.5866582096008126,3.2921607520487113,2.4410724710211467,"{""type"":""MultiPoint"",""coordinates"":[]}"
1297,2023-12-21,-27.94198050647646,12,0.010768395214243163,2023.0,0.36553903984028246,-16.450585624762965,-20.04639620274878,-22.920012628403224,2.0580771991969358,-0.06364326524201376,3.463170867938626,2.5093182771820115,"{""type"":""MultiPoint"",""coordinates"":[]}"
1298,2023-12-22,-22.924691586816188,12,0.010754951393144163,2023.0,0.365542612890761,-12.023440625312718,-16.316359857224516,-21.17924438095927,2.20453388960591,2.3003556608209412,4.251008661232147,3.2639915288027734,"{""type"":""MultiPoint"",""coordinates"":[]}"
1299,2023-12-23,-20.715109685107723,12,0.0017331239686027566,2023.0,0.3655475138198045,-8.491421554567982,-13.619483157424225,-18.177741167771543,1.5432916657630908,2.3572439083028867,3.222242734092706,2.840721477831678,"{""type"":""MultiPoint"",""coordinates"":[]}"
1300,2023-12-24,-20.795477396295627,12,0.001799448638375012,2023.0,0.36555378083010953,-8.625309502148156,-13.10216952935316,-16.167134022998003,1.9871393052960622,2.1269271606554834,3.9248602453814865,2.9635546370365202,"{""type"":""MultiPoint"",""coordinates"":[]}"
1301,2023-12-25,-14.872602594340119,12,0.004245867386322928,2023.0,0.36555776339420093,-5.967984244884918,-8.782629470186503,-15.34114051097442,2.854119982509924,2.728201962621088,6.7971972486451,4.9575923293517,"{""type"":""MultiPoint"",""coordinates"":[]}"
1302,2023-12-26,-17.426518684283025,12,0.004627017904281642,2023.0,0.36557207317042617,-7.428780156798915,-11.644495034787106,-14.608537171346288,1.0109205977542597,0.18021732614618913,3.062881137676388,2.1841451891057737,"{""type"":""MultiPoint"",""coordinates"":[]}"
1303,2023-12-27,-13.611154727281027,12,0.002641731401321345,2023.0,0.3655776429949228,-3.276600737758957,-8.013772414187239,-14.133473633265126,1.1934206544351658,2.592699484152972,3.59726848431358,2.897988875992193,"{""type"":""MultiPoint"",""coordinates"":[]}"
1304,2023-12-28,-12.791019870782254,12,9.414930937916165E-4,2023.0,0.36557756407126013,-3.608588996705871,-7.569468138738839,-9.681066823805342,2.0635603137602736,2.195007706460032,4.392494973060023,3.227495961804586,"{""type"":""MultiPoint"",""coordinates"":[]}"
1305,2023-12-29,-7.983202725441571,12,0.15637241777166694,2023.0,0.3654480955628736,0.4858020138865343,-3.6519133236844823,-7.915066005720268,1.155781981181386,3.107457145572185,5.550563979221396,3.4557962965121005,"{""type"":""MultiPoint"",""coordinates"":[]}"
1306,2023-12-30,-9.14898119946329,12,3.298722791486902,2023.0,0.36513570563378883,-0.8290865305481296,-6.377749993355176,-12.504598669826557,-0.36629483233516746,-2.576985033477744,4.760299403848993,3.361748807697933,"{""type"":""MultiPoint"",""coordinates"":[]}"
1307,2023-12-31,-21.45697265454399,12,3.3039510006469013,2023.0,0.3649759678915919,-9.30531319573698,-13.586447392702691,-17.46159550332306,-0.6136817632079683,-1.4452451591485274,5.056302906446039,2.920747958147585,"{""type"":""MultiPoint"",""coordinates"":[]}"
1308,2024-01-01,-14.901910139733557,1,0.004245037167340356,2023.0,0.3649783239209778,-3.092811311084925,-7.980586353629676,-14.60803407880922,2.1449207688685297,2.8578783820550013,6.048553084174928,3.6384487514258406,"{""type"":""MultiPoint"",""coordinates"":[]}"
1309,2024-01-02,-12.238792820727982,1,0.012929328661118678,2023.0,0.36500303013497953,-3.4778436292670283,-8.73438386321836,-13.901537521673482,1.2216602466676914,0.7190136166930007,2.130121293606172,1.4903988595800985,"{""type"":""MultiPoint"",""coordinates"":[]}"
1310,2024-01-03,-13.444680022143173,1,0.012929304801177443,2023.0,0.3650103223491932,-4.414401218369921,-8.15440857076758,-13.699871717639768,1.5818812422112372,3.529493565411775,6.779843026394223,4.124625111254136,"{""type"":""MultiPoint"",""coordinates"":[]}"
1311,2024-01-04,-11.10565104810056,1,0.04762410364081884,2023.0,0.3647141782639638,2.745213648096722,-4.4749594507689245,-12.827422659002893,4.103644865095914,2.7398873160907327,9.162820408002489,5.823281741361537,"{""type"":""MultiPoint"",""coordinates"":[]}"
1312,2024-01-05,-17.999046203927882,1,0.06241060274760038,2023.0,0.3644678843035458,-6.152816310042196,-10.385074569806715,-13.327773105782708,0.7060794312134577,0.09865635700778774,2.426268094071936,1.59849358790913,"{""type"":""MultiPoint"",""coordinates"":[]}"
1313,2024-01-06,-20.728325409629083,1,0.06033554007628107,2023.0,0.36446882468996794,-7.27800279878029,-12.670350641464596,-18.092957968288285,3.2418735563718206,-1.4687916519963498,4.518605930150443,3.61056305829738,"{""type"":""MultiPoint"",""coordinates"":[]}"
1314,2024-01-07,-25.391769786577296,1,0.0014543125995660604,2023.0,0.3644705562954828,-12.061397342755809,-15.536831569902008,-18.216062546612207,1.5834117262301413,1.265973287671127,4.668569392886179,3.2439781843613944,"{""type"":""MultiPoint"",""coordinates"":[]}"
1315,2024-01-08,-17.036858328934933,1,0.018995138941020277,2023.0,0.3644726622659871,-3.9775338627326216,-10.347642815060139,-16.063807236121534,1.8902939007157558,1.2353672324368727,7.152343054457166,3.620440830165655,"{""type"":""MultiPoint"",""coordinates"":[]}"
1316,2024-01-09,-19.675585702968643,1,0.01921248052561268,2023.0,0.3644749677692267,-8.12183131223259,-13.034941579224077,-16.221200898178655,1.1171316792706547,0.1519791030423,4.289474161934244,2.588491931117651,"{""type"":""MultiPoint"",""coordinates"":[]}"
1317,2024-01-10,-13.40757624220395,1,0.002085553498480475,2023.0,0.36448115055142755,-3.768601369672915,-6.356304084665935,-14.071901006552318,3.25850941222788,5.325105598786085,7.440873389978603,6.287175988963179,"{""type"":""MultiPoint"",""coordinates"":[]}"
1318,2024-01-11,-14.932628271511275,1,0.058687136473951074,2023.0,0.36448366614270544,-4.866546653234455,-9.69288440873443,-15.057842727730558,2.832144815417193,-0.6920961197577635,5.535157112057725,3.1661216946032744,"{""type"":""MultiPoint"",""coordinates"":[]}"
1319,2024-01-12,-18.747145620654994,1,0.05867466840377533,2023.0,0.3644827476170127,-4.3196931603343245,-11.451012661572376,-16.707751422665385,0.9303809774143659,-0.8676832786496622,4.195590545420749,2.661987019554096,"{""type"":""MultiPoint"",""coordinates"":[]}"
1320,2024-01-13,-19.163845973205287,1,0.07185022967190846,2023.0,0.3644858082262775,-4.619332927920515,-8.110418233738022,-15.683871633818017,1.8264439648889126,1.361657094718352,5.763895974379926,3.9202863577648577,"{""type"":""MultiPoint"",""coordinates"":[]}"
1321,2024-01-14,-22.833821909574574,1,0.07185022967190846,2023.0,0.36449219954269013,-7.566447806474852,-12.510573022403992,-17.252653697592667,2.779018773732009,-1.292955765798391,5.178040689917769,3.2516517387517343,"{""type"":""MultiPoint"",""coordinates"":[]}"
1322,2024-01-15,-21.21741770340274,1,8.642672923997452E-4,2023.0,0.36449240170085606,-7.343741883754146,-12.379023418022493,-16.99291571484192,0.5685552608846943,0.9153005393263106,2.715392076520019,1.9046046684822497,"{""type"":""MultiPoint"",""coordinates"":[]}"
1323,2024-01-16,-13.135524014613809,1,0.0011333574605904345,2023.0,0.364492687551324,-0.2772438624124769,-4.244588301424091,-13.772900207509226,2.5581232759214347,4.741273921114308,6.852398908793176,5.44314433930624,"{""type"":""MultiPoint"",""coordinates"":[]}"
1324,2024-01-17,-12.603597436507641,1,0.003334818755730757,2023.0,0.36422232707113805,-0.34598482158638694,-6.030660703298872,-12.858688933672905,0.9305887651333645,-1.5248632105396496,5.3853750363065025,3.5681275095654,"{""type"":""MultiPoint"",""coordinates"":[]}"
1325,2024-01-18,-19.431257583851327,1,0.0034493683434861934,2023.0,0.3640793539900561,-6.227505857852443,-10.714951965946682,-14.878956319300041,-0.9593186326238295,-2.363804830132633,3.4203389553664443,2.5869290091820822,"{""type"":""MultiPoint"",""coordinates"":[]}"
1326,2024-01-19,-22.14626854110469,1,0.1421826280190092,2023.0,0.36408008198449043,-6.203956253460661,-11.543605148921516,-14.91698468721235,-2.6203600272508667,-3.2644314121092255,5.041508306841334,4.212651961375544,"{""type"":""MultiPoint"",""coordinates"":[]}"
1327,2024-01-20,-22.844881047216084,1,1.054583447951602,2023.0,0.36410542108803784,-10.403800732117348,-14.810628963303056,-18.998286368805488,-1.8834748112342958,-4.3505362099198495,5.772787210762002,4.941417810999016,"{""type"":""MultiPoint"",""coordinates"":[]}"
1328,2024-01-21,-25.412859912325573,1,1.0765685855126719,2023.0,0.364142800202577,-15.146981956575791,-17.96024984609102,-20.290698660370374,0.5945924628590648,-4.052429503025291,4.759108284515759,4.109997726992937,"{""type"":""MultiPoint"",""coordinates"":[]}"
1329,2024-01-22,-27.41817352650265,1,0.37751528287685376,2023.0,0.36416130086278464,-14.974881847644543,-18.938529721556947,-22.184253576765073,1.3528854987401495,-2.603837502492306,5.33422238710882,3.281487452132848,"{""type"":""MultiPoint"",""coordinates"":[]}"
1330,2024-01-23,-22.759485744847293,1,0.09741649400342917,2023.0,0.3641768015129553,-12.411665403390824,-15.716038910984553,-21.375831929857352,2.013242220756707,-1.4796723214432974,3.1267311398124695,2.6510101379973854,"{""type"":""MultiPoint"",""coordinates"":[]}"
1331,2024-01-24,-19.781121546761735,1,0.09741629433339465,2023.0,0.36417866535445026,-8.401322514971026,-13.295162875159752,-17.00253000058472,1.4442528970215165,-0.6518183280138553,4.644891079081858,2.7789280649469608,"{""type"":""MultiPoint"",""coordinates"":[]}"
1332,2024-01-25,-16.242518125720814,1,8.523463748133508E-4,2023.0,0.3641790604549846,-4.491242795526588,-10.151543286047751,-15.09238450734947,2.0182226751016645,1.761033434674703,3.3737114535295705,2.7704755345873595,"{""type"":""MultiPoint"",""coordinates"":[]}"
1333,2024-01-26,-17.224863381972234,1,8.523463748133508E-4,2023.0,0.36418020412475716,-5.958518999164971,-11.583714530207967,-15.998199433828695,1.7791583850294155,-1.01654428685339,3.655604219868644,2.1762745142379276,"{""type"":""MultiPoint"",""coordinates"":[]}"
1334,2024-01-27,-17.08997864075151,1,0.0,2023.0,0.3647477815804761,-4.838374421457064,-10.465510571984128,-15.64473430454157,0.5762072337652246,0.7494046497267283,2.821671255716245,1.5402490249870173,"{""type"":""MultiPoint"",""coordinates"":[]}"
1335,2024-01-28,-16.71018191933985,1,4.351138045421976E-4,2023.0,0.36482728808855414,-2.9237526879952545,-9.6467140428363,-15.53695543483036,1.6649105727414726,0.793293244879302,4.113964384002069,2.510283444751196,"{""type"":""MultiPoint"",""coordinates"":[]}"
1336,2024-01-29,-18.60079312982755,1,0.002142786968306609,2023.0,0.3648290756853975,-7.047819492038517,-12.305187102621643,-16.115811995135445,-1.157373679622559,-1.5543790024059188,3.0516734609284,2.3675596573291253,"{""type"":""MultiPoint"",""coordinates"":[]}"
1337,2024-01-30,-14.832282653616543,1,5.848771326409478,2023.0,0.36491748722585865,-4.063257860562722,-10.471986559180888,-18.92474990245484,0.18964515982655253,-1.6698301683832366,3.8643584467869085,2.4795022714078647,"{""type"":""MultiPoint"",""coordinates"":[]}"
1338,2024-01-31,-25.783300875765484,1,5.84887697571769,2023.0,0.36493520063190993,-13.353866024714929,-19.00998214607231,-24.206028974652988,1.6598331636374932,-1.8077342764595479,3.252576877508257,2.6555139543183706,"{""type"":""MultiPoint"",""coordinates"":[]}"
1339,2024-02-01,-27.010617551316535,2,0.005344925425945858,2023.0,0.3649363782179613,-12.211705593955894,-16.764055494022017,-21.992225034100663,0.4624517719171928,-0.1105444859745757,2.115375199112894,1.4609859929676245,"{""type"":""MultiPoint"",""coordinates"":[]}"
1340,2024-02-02,-23.59566743519473,2,0.0017317996139354364,2023.0,0.3649392470100421,-8.421347706864001,-15.559307809162403,-20.844788896955112,-0.2901457087016721,-1.2211491445107603,2.5348645059786516,1.8361224470669473,"{""type"":""MultiPoint"",""coordinates"":[]}"
1341,2024-02-03,-22.76791556816071,2,0.001722412662275019,2023.0,0.3649406662428806,-7.95812739377556,-13.969046566275912,-19.14777016317423,-0.16227409463095144,-0.4284888889637013,2.1900381783958016,1.6153069879149216,"{""type"":""MultiPoint"",""coordinates"":[]}"
1342,2024-02-04,-22.080909728660973,2,0.001716613667213096,2023.0,0.36494004755209297,-6.468204271839557,-12.831216697986473,-18.314415004260205,-1.068316792777378,-1.40897993090662,3.4602022843955744,2.2872421703072816,"{""type"":""MultiPoint"",""coordinates"":[]}"
1343,2024-02-05,-19.604013738948844,2,0.001716613667213096,2023.0,0.36494245657231544,-7.136624304448151,-11.82430717469974,-15.1871251610184,-1.5788953249839879,-2.871859012115432,4.719029148977655,3.3136961499344366,"{""type"":""MultiPoint"",""coordinates"":[]}"
1344,2024-02-06,-19.111767666982423,2,8.553266184208042E-4,2023.0,0.36494172991738666,-6.599628124304549,-12.056473124319911,-16.954589520211186,0.00616852525472843,-1.2459675726967459,3.094630907369685,1.8676965303125832,"{""type"":""MultiPoint"",""coordinates"":[]}"
1345,2024-02-07,-18.30637897026591,2,0.0012903821016152506,2023.0,0.3649463728576761,-3.7661865460697634,-10.859628404194758,-16.55161367493857,1.798822989978981,0.7962309569279482,2.996682002610279,2.0997657592883052,"{""type"":""MultiPoint"",""coordinates"":[]}"
1346,2024-02-08,-16.646065487291793,2,0.0012810738212465367,2023.0,0.36551153288107807,-2.710350516785562,-9.451275982951303,-15.316950438650688,0.5363830351228093,0.2184670546046939,2.34109659480509,1.4441159543522384,"{""type"":""MultiPoint"",""coordinates"":[]}"
1347,2024-02-09,-15.594831430861774,2,8.583068797918258E-4,2023.0,0.36557270697083577,-2.4996917385124884,-9.616698457353635,-15.84926330216633,1.7648096633791976,-0.20804290200453193,3.0547515982063462,2.181638558087527,"{""type"":""MultiPoint"",""coordinates"":[]}"
1348,2024-02-10,-15.360224164792045,2,0.019602980613556923,2023.0,0.3655955678820982,-2.3326433509351925,-7.458055670651557,-13.925400261723835,2.0430439530520554,1.9408151656498076,4.298364353026933,2.9977823822975442,"{""type"":""MultiPoint"",""coordinates"":[]}"
1349,2024-02-11,-13.237268473037224,2,0.02017174886954842,2023.0,0.3653936708125516,-1.413709579614347,-5.199703875032172,-9.623255568323804,1.969419954264993,2.411370698290801,7.190035170020435,3.9401061714919807,"{""type"":""MultiPoint"",""coordinates"":[]}"
1350,2024-02-12,-4.684597674931903,2,0.027652277845269604,2023.0,0.37392646442993943,7.870580201090342,3.420956655858437,-2.1607152216474046,3.927223995553156,7.576580687348538,9.782006996623819,8.545373164102783,"{""type"":""MultiPoint"",""coordinates"":[]}"
1351,2024-02-13,-3.961791883291045,2,0.03305622160407276,2023.0,0.3858722512310388,10.729867857189326,2.44500816405656,-2.7814841019208907,2.2426140243682027,0.2374570827295529,8.189859401472921,4.54155129133795,"{""type"":""MultiPoint"",""coordinates"":[]}"
1352,2024-02-14,-14.945623198165807,2,0.07164792902071306,2023.0,0.3741461064107058,-0.7727804287155237,-5.080103292036016,-9.629527208388346,0.9046087317255369,-2.6877463799566703,4.962568943027296,2.888686913192425,"{""type"":""MultiPoint"",""coordinates"":[]}"
1353,2024-02-15,-20.99256512468144,2,0.06760306008944193,2023.0,0.3703417576821415,-1.9537852948418573,-5.927365447631113,-8.388426737011354,1.1493316323336975,1.1113759014095994,6.22551827881138,3.2802372457245497,"{""type"":""MultiPoint"",""coordinates"":[]}"
1354,2024-02-16,-9.761942335838492,2,0.0011740343977895567,2023.0,0.36801301423696564,5.686894963938154,1.3597901447012857,-4.855276774733197,3.6781774618845473,8.16756872790832,10.275155010512162,8.978240922058767,"{""type"":""MultiPoint"",""coordinates"":[]}"
1355,2024-02-17,-1.5550292267920505,2,0.013966545684815923,2023.0,0.3659432576917465,8.898646547210479,4.737198372900964,1.5530283395705402,3.172823739256764,8.067483731840255,10.122912928903673,8.683062990338621,"{""type"":""MultiPoint"",""coordinates"":[]}"
1356,2024-02-18,-3.225909122535816,2,8.694655112024307,2023.0,0.3858719291603428,5.946012783516708,-0.6433268759610624,-7.818041597665613,1.7987463183199153,-1.0216201427204032,7.015630177042485,5.021746205334377,"{""type"":""MultiPoint"",""coordinates"":[]}"
1357,2024-02-19,-25.16335721059062,2,8.69843633755974,2023.0,0.3837723629924312,-6.255996437143461,-10.294048111593716,-16.260913547841838,2.382657770856297,-3.625959452480888,5.408538253923448,4.403073473128615,"{""type"":""MultiPoint"",""coordinates"":[]}"
1358,2024-02-20,-29.540900631862858,2,0.013687103164362993,2023.0,0.37970742338647673,-9.852675270789092,-12.807606202783548,-15.627149298555535,0.20023206402943505,-2.6177182429372228,3.98397562421589,2.6959919970483646,"{""type"":""MultiPoint"",""coordinates"":[]}"
1359,2024-02-21,-28.335653857872973,2,0.009318144921548461,2023.0,0.37852104219588517,-7.820198192046681,-12.083897510299012,-16.010109260748095,-0.2233608142332628,-2.4669061966026504,4.152117676115521,2.5996769487630855,"{""type"":""MultiPoint"",""coordinates"":[]}"
1360,2024-02-22,-25.046616239455034,2,0.0025689601557132846,2023.0,0.37816928527255944,-5.565181715332091,-10.747805118030332,-15.682035268259217,-0.648516883595056,-2.418386746292751,3.819116138418944,2.567016558661179,"{""type"":""MultiPoint"",""coordinates"":[]}"
1361,2024-02-23,-21.605169607972915,2,0.0012934207802572928,2023.0,0.3778530859506508,-2.4886121473725265,-7.745821794897464,-12.82151669878872,-1.7686896910057417,-1.0181353365184822,3.0099394154908254,2.2176469634036855,"{""type"":""MultiPoint"",""coordinates"":[]}"
1362,2024-02-24,-21.66559644506528,2,0.0012814997489840607,2023.0,0.3773880673563947,0.21099596279139501,-5.35598677532263,-11.205850214325654,-0.735527997552977,-1.2984120027088935,2.2724366426322113,1.699663537005469,"{""type"":""MultiPoint"",""coordinates"":[]}"
1363,2024-02-25,-19.55072644470151,2,8.607416511632535E-4,2023.0,0.37644785169443606,0.2847746563102659,-6.332418258292339,-12.899517634006145,0.11328712160838204,-2.901148702651038,4.601381674581273,2.954606832154921,"{""type"":""MultiPoint"",""coordinates"":[]}"
1364,2024-02-26,-25.34446785842857,2,0.0017256784303754102,2023.0,0.3753133023466326,-2.722806945523,-7.858264811734558,-11.168568601211227,-1.5861601845334976,-0.5719962721293186,3.142011426893362,2.479578475321287,"{""type"":""MultiPoint"",""coordinates"":[]}"
1365,2024-02-27,-14.055542685494082,2,1.239689940719486,2023.0,0.3744230462202926,1.618190521183677,-3.870865351436182,-9.355067971334176,1.2681542689213963,1.2168297201028353,4.227920002695436,2.5020098892229417,"{""type"":""MultiPoint"",""coordinates"":[]}"
1366,2024-02-28,-14.892156375143653,2,1.2481146461140264,2023.0,0.3736616996534959,-1.9893462846718146,-7.6084389674850215,-13.472502484716195,0.8851900795308572,-1.330745854225847,3.260952297816112,2.086808250749854,"{""type"":""MultiPoint"",""coordinates"":[]}"
1367,2024-02-29,-25.16641157583088,2,0.39571807976418444,2023.0,0.3732445730413709,-4.692865096708965,-10.747121677262571,-16.501515095651424,4.166450561998373,-1.3235887512141882,6.591428052391294,4.427508356348174,"{""type"":""MultiPoint"",""coordinates"":[]}"
1368,2024-03-01,-25.97349289427365,3,0.0038714664935918055,2023.0,0.3731606525948588,-6.633486949021125,-11.14055814943966,-15.07184017457226,3.3777475269719925,0.7207138166112026,5.913801137243558,3.8636872479641133,"{""type"":""MultiPoint"",""coordinates"":[]}"
1369,2024-03-02,-20.999150115261237,3,0.08074066175748966,2023.0,0.37313117983100247,-4.436717581865478,-8.689054026824163,-12.734746743502296,2.310287048230112,0.1694901529955954,4.1829549330730424,3.188925005810803,"{""type"":""MultiPoint"",""coordinates"":[]}"
1370,2024-03-03,-20.215934831195,3,0.08074066175748966,2023.0,0.3729926907712808,-3.0298966837756924,-7.582473589834286,-11.523762263509068,2.4899497628781275,0.5661348347463224,4.91169168276887,3.3251734393287413,"{""type"":""MultiPoint"",""coordinates"":[]}"
1371,2024-03-04,-17.53156195644366,3,0.0034138446851506884,2023.0,0.3739142598205151,1.4788163972588337,-4.38774137121349,-9.5044340328163,0.33096566739541267,-0.29856735570717824,2.9245357352850725,2.086554934887946,"{""type"":""MultiPoint"",""coordinates"":[]}"
1372,2024-03-05,-17.755276236380602,3,0.0025749204723979346,2023.0,0.37473256773235797,2.634925308111829,-4.246985913132037,-10.37259909705207,0.8855645772185017,-1.3682028493477236,4.301934248501545,2.0973480052087603,"{""type"":""MultiPoint"",""coordinates"":[]}"
1373,2024-03-06,-19.274733292029744,3,0.001716613724056515,2023.0,0.37464921346801927,1.9918022105610869,-4.048186087896308,-8.211673026612914,1.594696011166338,0.8110137843464168,2.9538851864615157,2.178141763876376,"{""type"":""MultiPoint"",""coordinates"":[]}"
1374,2024-03-07,-16.067938007920734,3,0.1403845279270146,2023.0,0.37381816975246224,2.8123031629070425,-3.031037539943904,-7.086989868308067,2.229850521823839,-1.365139773551169,4.754114005528224,3.1739586532888877,"{""type"":""MultiPoint"",""coordinates"":[]}"
1375,2024-03-08,-19.800283517499423,3,0.1934034069775866,2023.0,0.3724556918143959,-0.6683531650097413,-5.3960082569740395,-9.469457377709105,0.8719410084293056,-1.5433367555801427,5.887821092430176,3.2977495916976705,"{""type"":""MultiPoint"",""coordinates"":[]}"
1376,2024-03-09,-15.752381569340315,3,0.134507458967234,2023.0,0.3714673819585599,4.1786599886270945,-1.6642279098298756,-5.208895051288438,1.4441323009486469,2.32523687711371,4.396622471223055,2.992946780578038,"{""type"":""MultiPoint"",""coordinates"":[]}"
1377,2024-03-10,-6.130918507822702,3,0.001289999234621416,2023.0,0.37328010658526933,8.552604380301743,1.6851870230915014,-3.0773495438648024,1.8812634286816747,2.063097129759411,4.754187604092676,2.9981848583907644,"{""type"":""MultiPoint"",""coordinates"":[]}"
1378,2024-03-11,-10.776634037222054,3,0.001167601447780179,2023.0,0.37174141616645556,7.531089132808245,0.38162889444694426,-5.661210354307158,0.3753932663895949,-1.5756808244028058,4.8742378583291845,2.644127944992419,"{""type"":""MultiPoint"",""coordinates"":[]}"
1379,2024-03-12,-10.503138830683316,3,0.0015645899663034328,2023.0,0.3682966111744312,7.703876073706464,1.6629021142920961,-2.9831052882060733,2.662509035639526,1.6061789159178976,4.70952981648836,3.535826905808713,"{""type"":""MultiPoint"",""coordinates"":[]}"
1380,2024-03-13,-9.272987897109816,3,0.0,2023.0,0.36366427901809345,8.10581370665056,2.413961105993953,-1.1823927863419947,3.1688394056584674,0.5171907824528031,5.319967386225052,3.773880821334663,"{""type"":""MultiPoint"",""coordinates"":[]}"
1381,2024-03-14,-6.313003572272903,3,8.52346317969932E-4,2023.0,0.3581503004872122,12.893514697282116,6.172351141386941,-0.511326461012699,3.1191778596354798,2.6884892192126153,6.644227453998638,4.746363429374395,"{""type"":""MultiPoint"",""coordinates"":[]}"
1382,2024-03-15,-11.180316946459461,3,0.002133125121872581,2023.0,0.3516297232428927,9.593022374111856,2.7753659589390383,-2.2098072532294815,-1.3898662217005342,-1.6171891362930038,4.68713799887586,3.64176210597554,"{""type"":""MultiPoint"",""coordinates"":[]}"
1383,2024-03-16,-4.428845529273887,3,0.6951594054347328,2023.0,0.3535393446950111,12.212796228570545,4.321104420693509,-4.192629268304806,3.622291031563723,0.8335089352139062,8.195407578882214,6.509391674302761,"{""type"":""MultiPoint"",""coordinates"":[]}"
1384,2024-03-17,-13.206190504332017,3,0.6951594054347328,2023.0,0.3507769680725095,3.9888739170040624,-0.04048790461533118,-3.859793899667276,2.184298668719992,0.068317788994388,5.677909594488221,3.639820579720439,"{""type"":""MultiPoint"",""coordinates"":[]}"
1385,2024-03-18,-13.772223539495451,3,0.003268875066729936,2023.0,0.34691696974981895,5.192548819792227,-0.22331964713653346,-4.828130020766539,0.6723607278310879,-1.2094455643767519,3.957023995772625,2.1957347931606623,"{""type"":""MultiPoint"",""coordinates"":[]}"
1386,2024-03-19,-9.841499372956251,3,0.6916993759486751,2023.0,0.34746364690164583,5.097340493111416,-0.5545977988693722,-5.309122438107677,1.5285875497356463,-1.8513984882642038,3.642810067822993,2.569990788406933,"{""type"":""MultiPoint"",""coordinates"":[]}"
1387,2024-03-20,-12.542517311344364,3,0.6916926293192,2023.0,0.34694442462905084,4.427028921035078,-0.7974336015152512,-5.293872532216833,1.0441108107386006,-6.487080137196212E-4,4.415115510156045,2.6291756451558936,"{""type"":""MultiPoint"",""coordinates"":[]}"
1388,2024-03-21,-9.496869439059088,3,0.25211161246928926,2023.0,0.3443196542785841,8.496285763844567,3.179938585392953,-0.4361940662635206,-1.9246579335240743,2.254075928332868,4.2629072181624945,3.166630927253497,"{""type"":""MultiPoint"",""coordinates"":[]}"
1389,2024-03-22,0.5894402232476514,3,7.6717083100650685,2023.0,0.38421058531550656,2.6595739143766597,1.5206505071461414,-0.7368590146117097,-0.2841181078615655,2.0672484323063416,4.9796714697240505,3.1969980698045033,"{""type"":""MultiPoint"",""coordinates"":[]}"
1390,2024-03-23,-5.774496031212008,3,7.6754157857779335,2023.0,0.3875327258439834,12.34448042303281,4.655432919578846,-1.7119132348784842,0.9416109421888268,-0.18571748474460154,5.282221780689756,4.094584382259678,"{""type"":""MultiPoint"",""coordinates"":[]}"
1391,2024-03-24,-14.635507121735225,3,0.007278154996755601,2023.0,0.3711086351741961,6.873388542253759,1.590896953237945,-2.334608890257594,-2.6815498003404312,-2.0931228547091174,5.02723977899573,3.427177004173622,"{""type"":""MultiPoint"",""coordinates"":[]}"
1392,2024-03-25,-10.268851588973751,3,0.0017263816971535562,2023.0,0.36268594049457714,10.281218275709644,3.3794677327808524,-2.7985538196547433,-2.4728743243843025,-2.5199120190044595,4.687509837753848,3.5551457785553002,"{""type"":""MultiPoint"",""coordinates"":[]}"
1393,2024-03-26,-5.663960075174792,3,0.21219855312872715,2023.0,0.35597120428950646,12.294259063602427,5.612991296916202,-0.39957309081864395,-0.597745697996216,1.7886572760928587,5.50039847032233,2.6056966228883947,"{""type"":""MultiPoint"",""coordinates"":[]}"
1394,2024-03-27,3.021777623845974,3,5.090751216157777,2023.0,0.3707031246999507,14.70429485198242,8.973807515218796,4.940665433090598,2.8910848396910374,7.715216880367345,9.56822912334648,8.318761108428403,"{""type"":""MultiPoint"",""coordinates"":[]}"
1395,2024-03-28,-11.129306484998022,3,5.306674823497125,2023.0,0.3769444798316785,9.955528805281231,3.6870442986522045,-1.3838973945014352,3.9589292161136114,2.1431170283251184,7.541574194585355,4.855480473362832,"{""type"":""MultiPoint"",""coordinates"":[]}"
1396,2024-03-29,-17.945757377822098,3,0.08075346879205234,2023.0,0.36033274909205465,6.63419806080005,1.4865392990236843,-3.2061680088914213,5.616722987698628,0.25251845809420664,8.521952529094252,5.7196796492908195,"{""type"":""MultiPoint"",""coordinates"":[]}"
1397,2024-03-30,-14.177426811019778,3,0.0017077669146867511,2023.0,0.35177134069085586,5.208793435160257,0.061247433276071746,-4.893931084765786,4.246921468902233,-0.5128637488032066,7.119668043262412,4.346535702877058,"{""type"":""MultiPoint"",""coordinates"":[]}"
1398,2024-03-31,-13.440102673685995,3,0.0017104856785674447,2023.0,0.3463201762866531,4.340188398028498,-0.6875946876915261,-4.6545695791110875,2.6133907511432675,-0.5303161540080459,4.735467616699313,3.216067525746375,"{""type"":""MultiPoint"",""coordinates"":[]}"
1399,2024-04-01,-9.550104166075123,4,8.52346317969932E-4,2023.0,0.3422914908785414,6.54551488148833,1.540621503397802,-2.990529569943777,0.291244354922622,-0.22428464858047997,3.6981675230845723,2.5580728111889113,"{""type"":""MultiPoint"",""coordinates"":[]}"
1400,2024-04-02,-7.201012960442833,4,0.0012889495337731205,2023.0,0.3355923865951779,14.646875770269256,6.574664326979694,-1.792020817854201,1.627983421962967,-0.5597964909459924,5.016110808692591,3.178910296634585,"{""type"":""MultiPoint"",""coordinates"":[]}"
1401,2024-04-03,-9.134421640616099,4,0.0012889495337731205,2023.0,0.328951823791096,11.546619833337529,4.24019188022836,-3.06791053487781,0.8320690975797885,-2.7667388455828528,5.16643054447879,3.0505605023234814,"{""type"":""MultiPoint"",""coordinates"":[]}"
1402,2024-04-04,-6.724298845140339,4,0.0017220344261659193,2023.0,0.32378402817978674,10.91172022006978,4.427163840634194,-3.017895412139639,0.19755208271930405,-0.3145698640271381,3.004491005803377,1.95384343850797,"{""type"":""MultiPoint"",""coordinates"":[]}"
1403,2024-04-05,-2.3025174978978122,4,0.0017220344261659193,2023.0,0.31827592016559053,14.224569824568547,8.805402541223563,4.644146004282547,2.6295371452900356,4.1823689633389876,6.745675121477504,5.015952325699655,"{""type"":""MultiPoint"",""coordinates"":[]}"
1404,2024-04-06,-2.154416252563562,4,8.52346317969932E-4,2023.0,0.3106600612835627,18.44698358507157,9.800504385599236,1.361683241745988,2.4222293847115823,0.38826838833769084,7.162494336763854,4.073922200664351,"{""type"":""MultiPoint"",""coordinates"":[]}"
1405,2024-04-07,-5.740994036286721,4,0.028174172192464042,2023.0,0.30256780835174235,19.79408937290593,9.610047518568754,-2.0830500582307887,1.0716164009886804,-1.6476719477677777,7.391753576416046,5.010083598655561,"{""type"":""MultiPoint"",""coordinates"":[]}"
1406,2024-04-08,-13.641317818999182,4,0.02902536174889131,2023.0,0.29710850688043405,6.892632333950655,0.7387345274216007,-5.281143577340338,-1.624610094710934,-2.2802037241834086,4.731981624624112,3.2049097611713866,"{""type"":""MultiPoint"",""coordinates"":[]}"
1407,2024-04-09,-10.719783469600415,4,0.15694862391417044,2023.0,0.29290108279141364,11.478765029688644,4.963564375592305,-0.1701033787202311,-1.4786627078446135,1.3466507562848118,3.242470698965773,2.299269998876575,"{""type"":""MultiPoint"",""coordinates"":[]}"
1408,2024-04-10,0.5515233871689071,4,0.3771213663653766,2023.0,0.291031577277836,16.677816035882984,10.854116961712124,6.9111496100272465,2.1265666672765398,4.8713466107319565,6.490488519177494,5.36502005450995,"{""type"":""MultiPoint"",""coordinates"":[]}"
1409,2024-04-11,6.72873416641095,4,0.23953839772349977,2023.0,0.2864141948062777,19.749897315782285,13.866570789880056,9.844104024995449,1.8271262676128217,6.0694474554027105,7.7137628055292735,6.434763966233615,"{""type"":""MultiPoint"",""coordinates"":[]}"
1410,2024-04-12,8.188618547422562,4,4.41635596838565,2023.0,0.312561359423735,22.76150913338188,15.709117494003744,11.350518253595846,3.5581279295777692,6.1831398757497045,9.740724035123714,7.183383192121174,"{""type"":""MultiPoint"",""coordinates"":[]}"
1411,2024-04-13,10.119086857164618,4,4.500695862618182,2023.0,0.3213637253562885,23.208421334685106,16.472269807193292,11.243288457251017,2.8986353673548635,6.148090768151085,8.248737360742048,6.833964664939945,"{""type"":""MultiPoint"",""coordinates"":[]}"
1412,2024-04-14,8.59253899223707,4,3.2151010081426157,2023.0,0.31017923925731883,22.29072960641884,16.048204851196086,10.801119353954881,2.1360976350288055,5.021310126368227,9.437017262910123,5.583559248534411,"{""type"":""MultiPoint"",""coordinates"":[]}"
1413,2024-04-15,7.224829561002187,4,13.388629812558252,2023.0,0.40381551352811235,13.113912222145531,9.132682150172055,4.010414556377621,1.3012673761464357,-0.05983803051764715,4.098679595692564,3.0516709348323303,"{""type"":""MultiPoint"",""coordinates"":[]}"
1414,2024-04-16,2.279323863699202,4,13.38905469367432,2023.0,0.3698444652037647,16.318198448655686,9.724671593336105,3.4075109687881286,1.7752975800565287,-0.1219792053387255,4.762233506835257,3.253266887504402,"{""type"":""MultiPoint"",""coordinates"":[]}"
1415,2024-04-17,2.5062028727683536,4,0.0056892145788920625,2023.0,0.35140365115363476,22.029299832113743,14.545209007771152,8.150036150187946,1.8962490198163353,3.4688017931042903,4.771344727026754,4.042254644136989,"{""type"":""MultiPoint"",""coordinates"":[]}"
1416,2024-04-18,-0.17653927194633753,4,0.049680623676971174,2023.0,0.33829105071147064,19.312333911951722,11.954672755088128,3.353267772680371,0.1174234599101088,-3.2257583616449512,6.4168099540264825,3.776627354235465,"{""type"":""MultiPoint"",""coordinates"":[]}"
1417,2024-04-19,-6.558924193762395,4,1.010701229975106,2023.0,0.32901771449394407,15.412639211696165,10.591903014970432,7.054455373260303,-1.8378144397957425,-1.482124187563356,3.8018234355656695,3.1979120361824416,"{""type"":""MultiPoint"",""coordinates"":[]}"
1418,2024-04-20,2.1216214849584896,4,1.0507942902687484,2023.0,0.3357866263548989,14.256504627345471,7.970459168283767,1.1446555290177391,-1.3299845691155612,-0.7149367611946316,3.1090621096276334,2.352723066395794,"{""type"":""MultiPoint"",""coordinates"":[]}"
1419,2024-04-21,6.3723922122964405,4,0.3990957508114486,2023.0,0.3259409331653862,21.017576841132257,14.440263865852568,9.50386849214835,0.7518076270582628,3.57860679748092,4.5066929705233525,3.68176188363615,"{""type"":""MultiPoint"",""coordinates"":[]}"
1420,2024-04-22,7.576960552054216,4,5.124535328292188,2023.0,0.32623264027268756,21.450016784410813,14.898257276954173,8.04302778117036,1.1736481399360394,3.142192934368346,7.358381009542609,4.156693801711016,"{""type"":""MultiPoint"",""coordinates"":[]}"
1421,2024-04-23,9.707166053672978,4,7.4066420794269705,2023.0,0.3926449431228576,17.79518662720655,12.2099549417878,8.772374670689999,0.2836321648523187,0.36244205100676063,3.5527931794785808,2.096483297140448,"{""type"":""MultiPoint"",""coordinates"":[]}"
1422,2024-04-24,7.919534178951973,4,5.327127348602299,2023.0,0.3755973026895666,18.239218110329368,13.592714388048128,10.751089485511825,2.7860440284698584,4.901771869068168,8.21221364091903,5.829298692244156,"{""type"":""MultiPoint"",""coordinates"":[]}"
1423,2024-04-25,6.792550037006213,4,2.874934798283333,2023.0,0.36425471497396444,21.170243942181038,15.275561881439122,9.369084551714963,1.1860015261500758,0.5793915000803868,5.429617004112755,2.2756215888779012,"{""type"":""MultiPoint"",""coordinates"":[]}"
1424,2024-04-26,5.2848470526161355,4,6.67358700800722,2023.0,0.3864352995508528,18.052971023310132,13.087858878848916,8.025333764728707,-1.395780634046894,-1.1505710504933604,3.7897301337363167,2.3107551586409154,"{""type"":""MultiPoint"",""coordinates"":[]}"
1425,2024-04-27,-2.0473048094571307,4,6.6747889376262854,2023.0,0.38333725094748355,16.276362355764483,10.69548308486465,6.120101043480019,1.0013163691792937,-2.1308211703750284,3.2814707233445657,2.632110551984093,"{""type"":""MultiPoint"",""coordinates"":[]}"
1426,2024-04-28,0.5270947133432087,4,1.1264882831844587,2023.0,0.3738739269356679,10.291261989761347,6.424764808943285,2.2528565024076053,-1.3317858619203438,-0.9552932833344684,3.4177612369970687,1.9389194942763865,"{""type"":""MultiPoint"",""coordinates"":[]}"
1427,2024-04-29,0.3067150556610724,4,1.8490026986340322,2023.0,0.37638405394209906,9.356558231654047,5.436155701798087,0.13616658732681583,0.7810242227091072,-0.02556432960502115,2.955667074975603,2.3514385657468573,"{""type"":""MultiPoint"",""coordinates"":[]}"
1428,2024-04-30,-0.972893752014422,4,1.8227202365221247,2023.0,0.3610504922910222,18.143608950459523,11.26377414712159,5.8834267834075815,1.9809361846870686,1.9252173670611166,4.6615273081939534,3.6154920044277064,"{""type"":""MultiPoint"",""coordinates"":[]}"
1429,2024-05-01,3.275709403320039,5,0.00689161924579282,2023.0,0.3443834641400505,22.868124393763427,17.079173314150125,12.921886766987658,3.049379236665066,5.303342654059541,7.369401094861132,6.152991792727275,"{""type"":""MultiPoint"",""coordinates"":[]}"
1430,2024-05-02,6.231322929086158,5,8.597968985668558E-4,2023.0,0.3298028684665705,24.33015364430397,17.332670381448434,11.743415111887048,1.7855510258381275,2.6429295036402842,5.784533498255361,3.6845161581310752,"{""type"":""MultiPoint"",""coordinates"":[]}"
1431,2024-05-03,4.637395752161473,5,8.52346317969932E-4,2023.0,0.3163702890466951,26.161687444406905,19.198792277304587,13.191344774542975,3.001966361028639,5.699732584969118,7.751937660254528,6.47705956632215,"{""type"":""MultiPoint"",""coordinates"":[]}"
1432,2024-05-04,4.218741746417375,5,0.014541596843942009,2023.0,0.3028653456834041,24.281947673088453,18.575170108600812,13.44769477117693,3.3636044571323214,5.562438186323172,8.938347382599954,6.51996890880309,"{""type"":""MultiPoint"",""coordinates"":[]}"
1433,2024-05-05,6.19940961658492,5,0.3979115547963461,2023.0,0.2971865432008852,20.895083945303476,15.994160664880615,11.992944108328757,-0.7212381253075592,-0.568828214881889,4.184914725991682,2.9940061932614745,"{""type"":""MultiPoint"",""coordinates"":[]}"
1434,2024-05-06,2.773657917468732,5,0.4711336602695311,2023.0,0.2964790564881625,19.81210378148236,14.640276163434386,8.923921922445523,-2.9497295139384976,-3.9300278248602893,7.492838645190714,4.9413444126444785,"{""type"":""MultiPoint"",""coordinates"":[]}"
1435,2024-05-07,0.3625292399685412,5,0.14642342665370572,2023.0,0.2867170477778773,20.926762361589212,13.728306050924562,4.889332441429318,-1.8112514158722883,-1.1717027395962,5.456381153409587,3.246679580691892,"{""type"":""MultiPoint"",""coordinates"":[]}"
1436,2024-05-08,0.6113391063944834,5,0.0484626816120893,2023.0,0.2765944147787776,23.278317715702567,17.98648400863135,11.771611443189615,1.8970406065764638,2.1504451076437494,6.796940224510001,5.070928096686966,"{""type"":""MultiPoint"",""coordinates"":[]}"
1437,2024-05-09,0.4054365118110395,5,1.6602369227217284,2023.0,0.26763518439684636,21.251839407543606,16.896052470234835,13.922624600036126,-1.1736018944204551,1.4224791073572758,7.067690451756424,3.9550066465352414,"{""type"":""MultiPoint"",""coordinates"":[]}"
1438,2024-05-10,7.955237784536535,5,9.73725074380831,2023.0,0.33343050834723925,23.04327636466712,16.185027984464,10.053854713716442,3.964460225793526,7.268502426024231,10.963388302236483,8.498983032708944,"{""type"":""MultiPoint"",""coordinates"":[]}"
1439,2024-05-11,0.47989099955747255,5,9.73725074380831,2023.0,0.35063888118591097,19.08307167360562,12.7418973703158,6.133767399288829,4.966511735970256,0.9421863078240555,11.037159105743815,5.948183226430839,"{""type"":""MultiPoint"",""coordinates"":[]}"
1440,2024-05-12,1.664686883814646,5,0.008292296534341685,2023.0,0.3260683267262152,18.619093485037705,13.510091701160178,9.30883433967103,1.8150367207443856,0.13785200785020685,5.449704317855094,3.4718859122139003,"{""type"":""MultiPoint"",""coordinates"":[]}"
1441,2024-05-13,4.172660570151645,5,0.09070971596054607,2023.0,0.30641941547634916,24.474282577157194,19.913559170552663,14.801497325964759,3.4566187153197974,4.0180959255214885,7.613017974933027,5.60804360580258,"{""type"":""MultiPoint"",""coordinates"":[]}"
1442,2024-05-14,4.11354877123226,5,0.6723485330737263,2023.0,0.2992458090607228,20.53246969315933,12.971446012827775,5.2360745348818885,1.6397393714900075,-2.9953334535787035,7.425832812060086,3.613210107479227,"{""type"":""MultiPoint"",""coordinates"":[]}"
1443,2024-05-15,-3.1314535012719986,5,0.6723418598248991,2023.0,0.2884474906554898,18.118989770022274,11.933039009582492,4.220327083935515,-0.5254511869357568,-1.9054766025655208,5.303587407218983,3.089851022745973,"{""type"":""MultiPoint"",""coordinates"":[]}"
1444,2024-05-16,-0.9905976235729025,5,0.01994444447923364,2023.0,0.27619223983390034,20.242431300626393,14.760260116433153,9.200758920165176,-0.8818753037441183,1.8787668636390495,3.886589104935456,2.288587345919861,"{""type"":""MultiPoint"",""coordinates"":[]}"
1445,2024-05-17,8.3540785974181,5,0.0058838919262640755,2023.0,0.2631936757254717,26.467623904453426,20.86824028616952,16.018858353090657,2.7357361531671542,5.007958475421861,6.706871610474611,5.788695332767264,"{""type"":""MultiPoint"",""coordinates"":[]}"
1446,2024-05-18,2.9123098696287735,5,4.575038976438649,2023.0,0.26572590671541246,21.32030870472024,16.80080762145509,9.817323350801916,-1.706760214033995,-1.9609910144157063,5.04415908511401,3.6719116512338936,"{""type"":""MultiPoint"",""coordinates"":[]}"
1447,2024-05-19,5.551948618003468,5,9.353103388346373,2023.0,0.3713410543761862,11.1558717175678,8.262811863214129,3.873822075236077,-1.7671559725633417,-2.6551902705454093,5.188611376598459,3.275077508311498,"{""type"":""MultiPoint"",""coordinates"":[]}"
1448,2024-05-20,5.686262760326334,5,9.353100824030584,2023.0,0.34238013918998983,20.082284414734094,14.618764202980156,10.08724485725574,-1.1027541462508035,1.4893112014509258,3.8473576365551136,2.1476371272582186,"{""type"":""MultiPoint"",""coordinates"":[]}"
1449,2024-05-21,9.212754017538286,5,0.02113018161456882,2023.0,0.31572727584003035,26.85854483314619,20.57610540233029,14.569349742679185,3.78230419884412,6.614367215618259,9.095830534717289,7.692861268224913,"{""type"":""MultiPoint"",""coordinates"":[]}"
1450,2024-05-22,14.12980153550863,5,13.856502491382454,2023.0,0.3309747771578122,26.612012108128194,20.227641385415637,12.201082215919184,2.450247284669383,2.246526783581189,9.929596385093193,5.707718631372896,"{""type"":""MultiPoint"",""coordinates"":[]}"
1451,2024-05-23,3.151554976222816,5,15.345801134018526,2023.0,0.39011386448268487,18.721648694901116,12.900366920382485,7.659811144439349,-0.3283673126822517,-1.4276653094749536,4.6238249866322,1.9682282946379681,"{""type"":""MultiPoint"",""coordinates"":[]}"
1452,2024-05-24,5.311989032585285,5,2.5978959582196284,2023.0,0.35288741022115666,20.59452850249213,14.881886146258678,7.635162399294592,-1.194760527300818,-0.9093729743891086,3.5560343967714867,2.2138378729695978,"{""type"":""MultiPoint"",""coordinates"":[]}"
1453,2024-05-25,9.086344444355943,5,27.761438233282174,2023.0,0.3774427003730275,22.022533055531675,17.247373458148218,13.471341001278216,-1.2823191170773083,2.331465168879055,4.422720094241688,3.040752287373513,"{""type"":""MultiPoint"",""coordinates"":[]}"
1454,2024-05-26,10.636447293772216,5,30.75796639499348,2023.0,0.42070028011541294,16.477729733838597,12.685229886837988,10.772558667304953,4.087212332541157,-1.1504160220237645,7.27074545118162,5.9208700875768345,"{""type"":""MultiPoint"",""coordinates"":[]}"
1455,2024-05-27,7.211931968066171,5,6.799069749209927,2023.0,0.40174058799201445,19.802918101056306,14.943948971214557,10.841380813369764,0.20085425339118035,-1.2423411898950802,8.50749779458961,4.490666157109954,"{""type"":""MultiPoint"",""coordinates"":[]}"
1456,2024-05-28,9.388366889342826,5,0.2130356635608037,2023.0,0.38066349300656943,24.355371384369146,18.333206676897035,12.97588572988379,0.06930509412735385,0.46685493581113796,4.512972998733984,3.3369969065199667,"{""type"":""MultiPoint"",""coordinates"":[]}"
1457,2024-05-29,11.260550334439007,5,18.664324813536734,2023.0,0.40836619334218494,18.377584830122924,14.73457848836993,12.013332916162062,-3.1465511957482883,0.6413006076612355,7.037359276060903,5.041755829305183,"{""type"":""MultiPoint"",""coordinates"":[]}"
1458,2024-05-30,12.226112312806858,5,20.273273146474725,2023.0,0.4325174506550873,20.688906557387607,14.931812468999807,10.725643460280034,1.5940682352094866,-1.0528039035117192,5.913768679795677,3.7149064376003116,"{""type"":""MultiPoint"",""coordinates"":[]}"
1459,2024-05-31,8.443829504257735,5,19.200985994318437,2023.0,0.415198938264841,18.095315774222907,13.634636707799942,9.241201765766744,1.320063883176352,-2.4479679001255708,5.634112367531663,3.1457689550849466,"{""type"":""MultiPoint"",""coordinates"":[]}"
